60207459;EXEMESTANE SANDOZ;comprimé pelliculé;1;exémestane|25|mg;A366C3D2C341F40064A0DCB0172D6301116E8652;EXEMESTANE SANDOZ 25 mg, comprimé pelliculé
60225681;TRAMADOL ARROW L.P.;gélule à libération prolongée;1;chlorhydrate de tramadol|200,00|mg;CDBA9A44679121D41AFCD19C8C1D890EAABCA641;TRAMADOL ARROW L.P. 200 mg, gélule à libération prolongée
60014894;FAMENPAX;comprimé orodispersible;6;cocculus indicus pour préparations homéopathiques|5|mg (8 DH);6;borax|5|mg (4 DH);6;argentum nitricum pour préparations homéopathiques|5|mg (6 DH);6;nux vomica pour préparations homéopathiques|5|mg (4 DH);6;tabacum pour préparations homéopathiques|5|mg (8 DH);6;sepia officinalis pour préparations homéopathiques|5|mg (6 DH);2338A7CB8DADE25976A0118E8449DC351E143DA9;FAMENPAX, comprimé orodispersible
60040145;SENOPHILE;pommade;2;oxyde de zinc|5,00|g;2;benzoate de choléstérol|1,00|g;8D3266A17FB092D22411EFCE885C5561AE656615;SENOPHILE, pommade
60116447;GLIMEPIRIDE EG;comprimé;1;glimépiride|1|mg;FDA816610CD08D50952BC60E3736DA92E090E5C9;GLIMEPIRIDE EG 1 mg, comprimé
60044987;CAPECITABINE MYLAN;comprimé pelliculé;1;capécitabine|500|mg;CBEF646ECF59DCD6EC9C99300E68FC2ECF915793;CAPECITABINE MYLAN 500 mg, comprimé pelliculé
60152411;TRAMADOL/PARACETAMOL KRKA;comprimé pelliculé;1;tramadol|32,94|mg;2;chlorhydrate de tramadol|37,5|mg;2;paracétamol|325|mg;E509A8F60C3534A4B48139572209F1F12EEB3338;TRAMADOL/PARACETAMOL KRKA 37,5 mg/325 mg, comprimé pelliculé
60052254;AMMONAPS;granulés;1;sodium (phénylbutyrate de)|940|mg;7AA47301C0490463EEF5150CC81DD0531F5A312B;AMMONAPS 940 mg/g, granulés
60186552;GELOFUSINE;solution pour perfusion;1;gélatine fluide modifiée|4|g;5BAFBFDB2217446AAA541BCD1898A5603B372B7B;GELOFUSINE 40 mg/mL, solution pour perfusion
60130742;NAFTIDROFURYL TEVA;comprimé pelliculé;1;oxalate acide de naftidrofuryl|200|mg;045BA810851BD3786341A8DEC70CD48C8DDBAF45;NAFTIDROFURYL TEVA 200 mg, comprimé pelliculé
60226897;MINOXIDIL COOPER;solution pour application;1;minoxidil|2,0|g;770D1E5009D8C9860AA5B36E756FB645CB31F423;MINOXIDIL COOPER 2 %, solution pour application cutanée en flacon
60076102;VITARUTINE;collyre;2;nicotinamide|0,500|g;2;sulforutoside sodique|0,200|g;D80229CE3697F6348A14AE20699861539F3CA241;VITARUTINE, collyre en solution
60177044;AMIODARONE RANBAXY;comprimé sécable;1;chlorhydrate d'amiodarone|200|mg;47D5C3386E47C6416A34A5058A79B295030FD865;AMIODARONE RANBAXY 200 mg, comprimé sécable
60200938;RETACRIT;solution injectable;1;époétine zêta|4000|UI;64D05BE4C1364A05F8BF065E987E83078EDE8AF4;RETACRIT 4000 UI/0,4 ml, solution injectable en seringue préremplie
60097833;DERMOVAL;gel;1;propionate de clobétasol|0,05|g;15846BF64A6C5D84F689BFA842EEF64E038E7769;DERMOVAL, gel
60010967;TERLOMEXIN;capsule molle;1;fenticonazole base|175,7|mg;1;nitrate de fenticonazole|200|mg;9031492BA5149DA2051195291C38826CC8E9DD58;TERLOMEXIN 200 mg, capsule molle vaginale
60126377;ACICLOVIR MYLAN;crème;1;aciclovir|5|g;67A647C56EF3B7078CD165E418F45A8F8F27FEA1;ACICLOVIR MYLAN 5 %, crème
60120812;CAMPTO;solution à diluer pour perfusion;1;irinotécan|17,33|mg;1;irinotécan (chlorhydrate d') trihydraté|20|mg;A411A1ACC3F6F04D6D40B3359EBA41B9745FC818;CAMPTO 20 mg/ml, solution à diluer pour perfusion (IV)
60195156;BENZATHINE BENZYLPENICILLINE SANDOZ;poudre et  solvant pour suspension injectable;1;benzathine benzylpénicilline|1 200 000|UI;A1775C3DF7DF7CB80A5F0EFD4F6756CCBD36EBA7;BENZATHINE BENZYLPENICILLINE SANDOZ 1,2 MUI, poudre et solvant pour suspension injectable (IM)
60195398;VERCYTE;comprimé;1;pipobroman|25|mg;FC83CA90FECA465F17AEC0FA9A07260152D04364;VERCYTE 25 mg, comprimé
60048672;BETAHISTINE TEVA;comprimé;1;dichlorhydrate de bétahistine|24|mg;59E1B09366BB7CC7FAB371A8E578F5872D3401F1;BETAHISTINE TEVA 24 mg, comprimé
60160835;SEVELAMER CARBONATE ARROW;comprimé pelliculé;1;carbonate de sévélamer|800|mg;888FF458C59C2F9EAD8345384A77B5C006166BD0;SEVELAMER CARBONATE ARROW 800 mg, comprimé pelliculé
60034936;KETOCONAZOLE BIOGARAN;gel;1;kétoconazole|120|mg;551F3CD3A052F1F31B445F90A86593C95B3FE1EF;KETOCONAZOLE BIOGARAN 2 %, gel en sachet-dose
60231556;MOLSIDOMINE SANDOZ;comprimé sécable;1;molsidomine|2|mg;054E7FEE6D3DEF11BA8AC7833C4338CAF9C17453;MOLSIDOMINE SANDOZ 2 mg, comprimé sécable
60142043;LOSARTAN HYDROCHLOROTHIAZIDE RANBAXY;comprimé pelliculé;2;losartan potassique|100|mg;2;hydrochlorothiazide|25|mg;3C852BCB75D9E8D2B5D464FE9C14218F6256AEED;LOSARTAN HYDROCHLOROTHIAZIDE RANBAXY 100 mg/25 mg, comprimé pelliculé
60161143;TRIATEC;comprimé sécable;1;ramipril|10|mg;658F39014B5B553DC30544DA6C4D068795CF82E7;TRIATEC 10 mg, comprimé sécable
60006246;FARMORUBICINE;solution pour perfusion;1;chlorhydrate d'épirubicine|200|mg;8DCA3A3746FF278E40917DCCE5F04E8982DC4D3A;FARMORUBICINE 200 mg/100 ml, solution pour perfusion
60151697;OFLOXACINE BIOGARAN;comprimé pelliculé sécable;1;ofloxacine|200|mg;2265B1426C128D8928EC15CDD28ED60E6314F25A;OFLOXACINE BIOGARAN 200 mg, comprimé pelliculé sécable
60079721;PERMIXON;gélule;1;palmier de floride (serenoa repens (w.bartram) small.) (extrait du fruit de)|160|mg;A5D2356B739733A1715542B7B37CA8EA30DCC031;PERMIXON 160 mg, gélule
60224800;NIMBEX;solution injectable pour perfusion;1;cisatracurium|5|mg;1;bésilate de cisatracurium|6,70|mg;EED0A7C316EFC6AD23E01A5803BA4F0E9B368CCD;NIMBEX 5 mg/ml, solution injectable/pour perfusion
60035461;LYSOPAÏNE MAUX DE GORGE AMBROXOL CITRON;pastille;1;chlorhydrate d'ambroxol|20|mg;4F52860B906FE1CD4283254F8966520376061872;LYSOPAÏNE MAUX DE GORGE AMBROXOL CITRON 20 mg SANS SUCRE, pastille édulcorée au sorbitol et au sucralose
60078078;LEVONORGESTREL EG;comprimé;1;lévonorgestrel|1,50|mg;92856824D9150F74957A2946534C5E71B9DF2884;LEVONORGESTREL EG 1,5 mg, comprimé
60246259;EAU OXYGENEE STABILISEE CODEX;solution pour application;1;hydrogène (peroxyde d'), solution de, à 3 pour cent|100|ml;F2C036273C708F6F7F01C6E75FAD30ABCE439EEE;EAU OXYGENEE STABILISEE CODEX 10 VOLUMES GILBERT, solution pour application locale en flacon pulvérisateur
60223278;TALOXA;comprimé;1;felbamate|600|mg;A31E4807D3A934DBACF4458A15FA0B478CDC176C;TALOXA 600 mg, comprimé
60243544;PENICILLINE G PANPHARMA;poudre pour usage parentéral;1;benzylpénicilline sodique|1 000 000|UI;C51DE83AC5613E52AE645FE248F775906D2FDFA7;PENICILLINE G PANPHARMA 1 000 000 UI, poudre pour usage parentéral
60022275;EPINITRIL;dispositif;1;trinitrine|15,70|mg;64FF61807698F83FA48335622E55847A89394DCE;EPINITRIL 5 mg/24 heures, dispositif transdermique
60181402;NORADRENALINE;solution pour perfusion;1;tartrate de noradrénaline|0,5|mg;A6E289220794D3D4B9F1E14B13A2B6E0C1B3F755;NORADRENALINE (TARTRATE) RENAUDIN 0,5 mg/mL, solution pour perfusion
60049895;RAMIPRIL ALMUS;comprimé sécable;1;ramipril|10|mg;658F39014B5B553DC30544DA6C4D068795CF82E7;RAMIPRIL ALMUS 10 mg, comprimé sécable
60120709;ALLOPURINOL RANBAXY;comprimé;1;allopurinol|200,00|mg;F711C281C49BFDFB0DC10652A352E64A7F660AE8;ALLOPURINOL RANBAXY 200 mg, comprimé
60130062;FORMODUAL;solution pour inhalation;2;dipropionate de béclométasone|100|microgrammes;2;fumarate de formotérol dihydraté|6|microgrammes;F88BEAB05765F5F1FFB7C2C82C8C866016D17F52;FORMODUAL 100/6 microgrammes/dose, solution pour inhalation en flacon pressurisé
60187501;FENOFIBRATE RANBAXY;gélule;1;fénofibrate|200|mg;BD29A793F9E8B8154435AC3F0B3DBEF9F4A85777;FENOFIBRATE RANBAXY 200 mg, gélule
60102974;DILTIAZEM RPG;comprimé;1;chlorhydrate de diltiazem|60|mg;9F8DF904185D0E8A45F594E6BC6B5515067DF200;DILTIAZEM RPG 60 mg, comprimé
60028495;DOLIRHUMEPRO PARACETAMOL;comprimé et  comprimé;3;chlorhydrate de pseudoéphédrine|30|mg;3;hydrogénosuccinate de doxylamine|7,5|mg;3;paracétamol|500|mg;EADE0B94EA02F09B06C5BEED87F3156C64F1974B;DOLIRHUMEPRO PARACETAMOL, PSEUDOEPHEDRINE ET DOXYLAMINE, comprimé
60107747;VERRUFILM;solution pour application;2;acide lactique|16,7|g;2;acide salicylique|16,7|g;FE5BCBCBCBB92F46862F2240F599B561611D7C3C;VERRUFILM, solution pour application locale en flacon
60165857;MANIDIPINE BIOGARAN;comprimé;1;manidipine (dichlorhydrate de)|10|mg;EF4064F76F6C9284AF8A77984E278CAC4F624F12;MANIDIPINE BIOGARAN 10 mg, comprimé
60165394;PREGABALINE RANBAXY;gélule;1;prégabaline|25|mg;3606177C4DD5F68441D071E5C0E79E2337B2D779;PREGABALINE RANBAXY 25 mg, gélule
60203795;ADEMPAS;comprimé pelliculé;1;riociguat|2|mg;5709E8579EB28C3A77FB6FB5C65DBD1E520556BE;ADEMPAS 2 mg, comprimé pelliculé
60058378;SPIRONOLACTONE ZENTIVA;comprimé sécable;1;spironolactone|75|mg;156D3DB330EB67E62322FCE73A00BD0582435F35;SPIRONOLACTONE ZENTIVA 75 mg, comprimé sécable
60077574;CARDENSIEL;comprimé pelliculé sécable;1;fumarate de bisoprolol|2,5|mg;05878BDA90B8E3B51822043E0A7C6F84D9450214;CARDENSIEL 2,5 mg, comprimé pelliculé sécable
60145580;SIMVASTATINE ZYDUS FRANCE;comprimé pelliculé sécable;1;simvastatine|20|mg;1E94276FCB777516DE74F4452A75C1E089DAFF03;SIMVASTATINE ZYDUS FRANCE 20 mg, comprimé pelliculé sécable
60185201;RAMIPRIL MYLAN;comprimé sécable;1;ramipril|10|mg;658F39014B5B553DC30544DA6C4D068795CF82E7;RAMIPRIL MYLAN 10 mg, comprimé sécable
60040608;PAROXETINE RATIOPHARM;comprimé pelliculé sécable;1;paroxétine base|20|mg;1;chlorhydrate de paroxétine anhydre|22,2|mg;C0856C572E141E4684AF9FBC47A4E90010BC8E5B;PAROXETINE RATIOPHARM 20 mg, comprimé pelliculé sécable
60098472;ALBUMINE HUMAINE BAXTER BIOSCIENCE;solution pour perfusion;1;albumine humaine|200|g;95FC808DCBC2A533752CEC45530150A78A36E653;ALBUMINE HUMAINE BAXTER BIOSCIENCE 200 g/l, solution pour perfusion
60154017;REPAGLINIDE SANDOZ;comprimé;1;répaglinide|0,5|mg;D4E8ADA9F509DE8161ABCA01863C7C7AD994FDDA;REPAGLINIDE SANDOZ 0,5 mg, comprimé
60184590;CRESEMBA;poudre pour solution à diluer pour perfusion;1;isavuconazole|200|mg;1;sulfate d'isavuconazonium|327,6|mg;71307B13780CB01F5517249CBC00C628F2229C54;CRESEMBA 200 mg, poudre pour solution à diluer pour perfusion
60209531;REPAGLINIDE ZYDUS;comprimé sécable;1;répaglinide|2|mg;7CED0A139E4811B72902C4327F0C69A3055011DB;REPAGLINIDE ZYDUS 2 mg, comprimé sécable
60003620;BECLOSPIN;suspension pour inhalation par nébuliseur;1;dipropionate de béclométasone|800|microgrammes;8AAAC8681FA2B6C4399539ADED63AA379F3D3F5E;BECLOSPIN 800 microgrammes/2ml suspension pour inhalation par nébuliseur
60129665;IBUPROFENE SANDOZ;comprimé enrobé;1;ibuprofène|400|mg;93458A38B1FA3F930EE46B3D421FB3EA5181EEE3;IBUPROFENE SANDOZ 400 mg, comprimé enrobé
60004277;FENOFIBRATE TEVA;gélule;1;fénofibrate|100,00|mg;05581D5CBF8AAD843FCAAC2291572F5148803CB7;FENOFIBRATE TEVA 100 mg, gélule
60154024;TRIMETAZIDINE EG;comprimé pelliculé à libération modifiée;1;dichlorhydrate de trimétazidine|35|mg;A3C848B072807D643E37F3C3B5FEDA7048927A45;TRIMETAZIDINE EG 35 mg, comprimé pelliculé à libération modifiée
60031527;EUPANTOL;comprimé gastro-résistant(e);1;pantoprazole|20|mg;1;pantoprazole sodique sesquihydraté|22,6|mg;66F6086753D506735610A8DB31543929E186C6D3;EUPANTOL 20 mg, comprimé gastro-résistant
60010166;CHLORURE DE SODIUM PROAMP;solution à diluer pour perfusion;1;chlorure de sodium|5,85|g;7E540D12C5725C90FEFA967A5E42C181A8739AEF;CHLORURE DE SODIUM PROAMP 0,0585 g/ml (5,85%), solution à diluer pour perfusion
60196945;RISPERIDONE MYLAN;comprimé orodispersible;1;rispéridone|3|mg;6140E3C08C8908BD945C63D0FB260B09FC84BBF9;RISPERIDONE MYLAN 3 mg, comprimé orodispersible
60203546;PREGABALINE MYLAN;gélule;1;prégabaline|50|mg;67B1897E4E9B86104A0C95DCEE9427657851D628;PREGABALINE MYLAN 50 mg, gélule
60095526;FOSINOPRIL ZENTIVA;comprimé sécable;1;fosinopril sodique|10,0|mg;48B8383C5BD07CACBC34F13BAC9722E842B65118;FOSINOPRIL ZENTIVA 10 mg, comprimé sécable
60148167;MOZOBIL;solution injectable;1;plérixafor|20|mg;F00158345FD9843F3D6D5A8F17895750BB84B3B1;MOZOBIL 20 mg/ml, solution pour injection
60111101;MAGNESIUM/VITAMINE;comprimé pelliculé;1;magnésium|48|mg;2;chlorhydrate de pyridoxine|5|mg;2;lactate de magnésium dihydraté|470|mg;9ECC4BE15037F870B90F635654F0931FCFCC8363;MAGNESIUM/VITAMINE B6 MYLAN 48 mg/5 mg, comprimé pelliculé
60150467;DONEPEZIL ARROW GENERIQUES;comprimé orodispersible;1;donépézil base|4,56|mg;1;chlorhydrate de donépézil|5|mg;8F6BE70D0EB0D969D9E764AEF0B48A6AE4986E31;DONEPEZIL ARROW GENERIQUES 5 mg, comprimé orodispersible
60209645;OXYNORM;solution injectable;1;oxycodone|9|mg;1;chlorhydrate d'oxycodone|10|mg;AA9D23EF22CE5446F894D9C87B9E2C4B7F620E45;OXYNORM 10 mg/ml, solution injectable
60025403;EFFERALGAN;comprimé pelliculé;1;paracétamol|1000|mg;FB4091EBC68E971B190DAE769662978E625E19C4;EFFERALGAN 1000 mg, comprimé pelliculé
60044784;LEVETIRACETAM MYLAN PHARMA;comprimé pelliculé;1;lévétiracétam|250|mg;685695BFCE67F114FB6A4E172AD2F40A78BE8D15;LEVETIRACETAM MYLAN PHARMA 250 mg, comprimé pelliculé
60095095;IMODIUMLIQUICAPS;capsule molle;1;lopéramide base|1,86|mg;1;chlorhydrate de lopéramide|2|mg;5123DC704A97D9B90B076C834C6CE641D4C8A61E;IMODIUMLIQUICAPS 2 mg, capsule molle
60232074;MAGNESIE SAN PELLEGRINO SANS ANIS;poudre pour suspension buvable;1;hydroxyde de magnésium|90|g;276B37874D34121BABE03C182AC243C45670B8C0;MAGNESIE SAN PELLEGRINO SANS ANIS 90 %, poudre pour suspension buvable
60239706;PHYSIOGINE;ovule;1;estriol|0,5|mg;385FEDF9FBCE29CAA6935CDABF7CA1653A346134;PHYSIOGINE 0,5 mg, ovule
60197246;ADRENALINE RENAUDIN;solution injectable;1;adrénaline|1|mg;1;tartrate d'adrénaline|1,82|mg;ADC9230EC454253388F4400BE11D22A9CA0ACCA9;ADRENALINE RENAUDIN 1 mg/ml, solution injectable
60122101;EPIRUBICINE EG;solution pour perfusion;1;chlorhydrate d'épirubicine|2|mg;3AB518D56DD49E967B03F147978AD03FB7613E8B;EPIRUBICINE EG 2 mg/ml, solution pour perfusion
60238853;PANTOPRAZOLE CRISTERS;comprimé gastro-résistant(e);1;pantoprazole|40|mg;1;pantoprazole sodique sesquihydraté|45,15|mg;F43960B2B91FC2EA381D14C2DB07B4CD0636EF5C;PANTOPRAZOLE CRISTERS 40 mg, comprimé gastro-résistant
60166980;FLUVASTATINE EVOLUGEN;gélule;1;fluvastatine|20|mg;1;fluvastatine sodique|21,06|mg;CC7186DA7D919C1EE82828231DDBE38D1CE9E342;FLUVASTATINE EVOLUGEN 20 mg, gélule
60040469;MONOSEPT;collyre;1;céthexonium (bromure de)|0,1|mg;949E988492722F0A011D4A0EB27AE816FAF02734;MONOSEPT 0,25 POUR MILLE (0,1 mg/0,4 ml), collyre en solution en récipient unidose
60084049;GLUCAGEN;poudre et  solvant pour solution injectable;1;glucagon humain biogénétique|1|mg;C6D940D1787A3903447F2519C314F265EAA629CD;GLUCAGEN 1 mg/ml, poudre et solvant pour solution injectable
60221042;FINASTERIDE ARROW GENERIQUES;comprimé pelliculé;1;finastéride|1|mg;EAB5EC95B67F31D4DE426013BB9CB6A947B64EEE;FINASTERIDE ARROW GENERIQUES 1 mg, comprimé pelliculé
60061602;PREGABALINE TEVA SANTE;gélule;1;prégabaline|200|mg;818BBDCF3A70939DD5749252784E1FDD451B1D25;PREGABALINE TEVA SANTE 200 mg, gélule
60245253;REVLIMID;gélule;1;lénalidomide|10|mg;41D90978A1580186D2242FCBDB1F254A6A490937;REVLIMID 10 mg, gélule
60151124;MEMANTINE ARROW LAB;comprimé pelliculé sécable;1;mémantine|8,31|mg;1;chlorhydrate de mémantine|10|mg;161D3D008C8054BD7D2013A78E94E6787E58C7B7;MEMANTINE ARROW LAB 10 mg, comprimé pelliculé sécable
60222137;CALTRATE;comprimé pelliculé;1;calcium élément|600|mg;1;carbonate de calcium|1498|mg;28D3CED4DFE4BE3692A78DEDCF11642394DDD35F;CALTRATE 600 mg, comprimé pelliculé
60226979;OLANZAPINE ACCORD;comprimé enrobé;1;olanzapine|5|mg;6A8BDA04C5E7E95CEC4DC4B44F4C150988630968;OLANZAPINE ACCORD 5 mg, comprimé enrobé
60150830;DIAMICRON;comprimé sécable à libération modifiée;1;gliclazide|60|mg;D3AB1A6E09DD6191B2F5B8CA115E167A019CF27F;DIAMICRON 60 mg, comprimé sécable à libération modifiée
60224316;MEDROL;comprimé;1;méthylprednisolone|100,00|mg;3FA448607A46D1E891AAF19F6FE8A17E4A4B7CC4;MEDROL 100 mg, comprimé
60224437;OXCARBAZEPINE TEVA;comprimé pelliculé;1;oxcarbazépine|300|mg;7EA39711609866F5770E739243767D220075B4AD;OXCARBAZEPINE TEVA 300 mg, comprimé pelliculé
60075452;PREGABALINE BIOGARAN;gélule;1;prégabaline|100|mg;42E77731BC4B02E9F5A3E6C59A3A8364AFF054DB;PREGABALINE BIOGARAN 100 mg, gélule
60092590;SINEMET;comprimé;1;carbidopa anhydre|25|mg;2;lévodopa|250|mg;2;carbidopa monohydratée|27|mg;344CAC5669123DEDB89F0E480F5B9F6539F26DEB;SINEMET 250 mg/25 mg, comprimé
60217108;OLANZAPINE ARROW;comprimé;1;olanzapine|5|mg;76A7FCC6D8011BB352D5C5ABDB7C0A764B95662A;OLANZAPINE ARROW 5 mg, comprimé
60235330;CEFTRIAXONE MYLAN;poudre et  solvant pour solution injectable;1;ceftriaxone base|500|mg;1;ceftriaxone sodique|596,50|mg;0E4245E2483C9E5C38D02CC1DDBE8BCA6AF74E3A;CEFTRIAXONE MYLAN 500 mg/5 ml, poudre et solvant pour solution injectable (IV)
60051234;AVODART;capsule molle;1;dutastéride|0,5|mg;600CE6AA36968C75FBC8813CFC9803027D7133B7;AVODART 0,5 mg, capsule molle
60021312;CLARELUX;mousse pour application;1;propionate de clobétasol|500|microgrammes;EAB0E85BD037FF5CAA6518AF824211DAF89BE0C1;CLARELUX 500 microgrammes/g, mousse pour application cutanée en flacon pressurisé
60059081;RITALINE;comprimé sécable;1;chlorhydrate de méthylphénidate|10|mg;70626FF087266F5119448DED14D4266777DD0C6D;RITALINE 10 mg, comprimé sécable
60199158;ASPRO;comprimé;1;acétylsalicylique (acide)|500|mg;090FF1C86505D73A6A460917AEE72339531AD48C;ASPRO 500 mg, comprimé
60061171;TETRALYSAL;gélule;1;lymécycline|226|mg;534E543EBEF28585703CBAB7D90EA1B8879B29DE;TETRALYSAL 150 mg, gélule
60163226;RABIPUR;poudre et  solvant pour solution injectable;1;virus de la rage inactivé, souche flury lep|supérieur ou égal à 2,5|UI;1E51EADB15EAD154A769351F883231F252B2DE26;RABIPUR, poudre et solvant pour solution injectable. Vaccin rabique, inactivé
60041560;TRAMADOL CRISTERS LP;comprimé pelliculé à libération prolongée;1;chlorhydrate de tramadol|150|mg;4685270B045DFBFCC1B47B8233C463007748AC47;TRAMADOL CRISTERS LP 150 mg, comprimé pelliculé à libération prolongée
60068002;ESCITALOPRAM MYLAN;comprimé pelliculé sécable;1;escitalopram|10|mg;1;oxalate d'escitalopram|12,78|mg;9030AE9AA6221EFBDFFCD04D8C5FA1348F681CF0;ESCITALOPRAM MYLAN 10 mg, comprimé pelliculé sécable
60080232;VENOFER;solution pour perfusion;1;fer|20|mg;1;complexe d'hydroxyde ferrique - saccharose|540|mg;B8CB9B783D28361B5688C0A7D9C7AAB31B8FD253;VENOFER 20 mg/ml, solution injectable (IV)
60126612;VIABORPAX;comprimé orodispersible;9;belladona pour préparations homéopathiques|4 DH 5|mg;9;pulsatilla pour préparations homéopathiques|4 DH 5|mg;9;petroleum pour préparations homéopathiques|8 DH 5|mg;9;cocculus indicus pour préparations homéopathiques|8 DH 5|mg;9;glonoinum pour préparations homéopathiques|4 DH 5|mg;9;argentum nitricum pour préparations homéopathiques|6 DH 5|mg;9;nux vomica pour préparations homéopathiques|4 DH 5|mg;9;vinca minor pour préparations homéopathiques|4 DH 5|mg;9;zincum valerianicum pour préparations homéopathiques|6 DH 5|mg;ECAE1147E089CBBBE08B4591465D1B05811EC854;VIABORPAX, comprimé orodispersible
60029394;TADALAFIL EG;comprimé pelliculé;1;tadalafil|10|mg;8CB74550D00FF4053E682AEABAF85BDDD00E2EB3;TADALAFIL EG 10 mg, comprimé pelliculé
60152906;CHLORURE DE SODIUM;solution injectable;1;chlorure de sodium|2|g;947B3121CA4F433DC9FFD8B074034900B54DFA68;CHLORURE DE SODIUM 10 % (2 g/20 ml) RENAUDIN, solution injectable en ampoule
60028050;GABAPENTINE RANBAXY;gélule;1;gabapentine|400|mg;85500BD78253D23A6ECC8F72F272C78B5C254A33;GABAPENTINE RANBAXY 400 mg, gélule
60116810;PERINDOPRIL ARGININE/INDAPAMIDE BIOGARAN;comprimé pelliculé;1;périndopril|1,6975|mg;2;périndopril arginine|2,50|mg;2;indapamide|0,625|mg;DD3D89D635F220A2E340DD68FC18532903B3D37D;PERINDOPRIL ARGININE/INDAPAMIDE BIOGARAN 2,5 mg/0,625 mg, comprimé pelliculé
60110031;EAU POUR PREPARATIONS INJECTABLES FRESENIUS;solution pour préparation injectable;1;eau pour préparations injectables|100|ml;9789139DA0E0C05AB217CB0486C6B293C81F5A01;EAU POUR PREPARATIONS INJECTABLES FRESENIUS, solution pour préparation injectable
60178712;CHLORHYDRATE DE PROCAINE BIOSTABILEX;solution injectable;1;chlorhydrate de procaïne|2|g;51487A72498BA68CB8FEA61618BEBC0BF44A1D13;CHLORHYDRATE DE PROCAINE BIOSTABILEX 2 mg/ml, solution injectable
60149276;EPHEDRINE AGUETTANT;solution injectable;1;chlorhydrate d'éphédrine|3|mg;4A56BEB3E0791D16BE5F4BB8E0F314021634FBAE;EPHEDRINE AGUETTANT 3 mg/ml, solution injectable en seringue préremplie
60186584;LORMETAZEPAM ARROW;comprimé;1;lormétazépam|2|mg;E70D0E2C08BB16256AF0480ED01A33560EBD6546;LORMETAZEPAM ARROW 2 mg, comprimé sécable
60189609;FINASTERIDE ISOMED;comprimé pelliculé;1;finastéride|5|mg;6CE9642DE61334C7B25321608F87815BE489E32F;FINASTERIDE ISOMED 5 mg, comprimé pelliculé
60244703;MONTELUKAST PHR LAB;comprimé à croquer;1;montélukast|5|mg;1;montélukast sodique|5,20|mg;D81B496E457E50BDE8A5EF4A07EDD815A02DA3A3;MONTELUKAST PHR LAB 5 mg, comprimé à croquer
60056815;DIOSMINE RPG;comprimé pelliculé;1;diosmine|600|mg;A9175006137438D52481D9CDB296267382128198;DIOSMINE RPG 600 mg, comprimé pelliculé
60182657;FRAXODI;solution injectable;1;nadroparine calcique|11400|UI anti-Xa;03FCDA35BF897704484A41B208A8E1E34A1D2201;FRAXODI 11400 UI AXa/0,6 ml, solution injectable (S.C.) en seringue pré-remplie
60019101;OPTICRON;collyre;1;sodium (cromoglicate de)|2|g;6AEC2A0707A276AD291EEBE086C9044902A35872;OPTICRON 2 POUR CENT, collyre
60108870;CAPTOPRIL SANDOZ;comprimé quadrisécable;1;captopril|50|mg;D7BC8AFAFF98167C545119EB9949524952707F33;CAPTOPRIL SANDOZ 50 mg, comprimé quadrisécable
60181562;XANTHIUM L.P.;gélule à libération prolongée;1;théophylline|400|mg;3426B99889937352EEA57BD0FC5A0183D45C976D;XANTHIUM L.P. 400 mg, gélule à libération prolongée
60070665;MIRCERA;solution injectable;1;méthoxy polyéthylène glycol-époétine bêta|200|microgrammes;02AC755AB67E2BF341AF352E43C7ED8E8FBD9591;MIRCERA 200 microgrammes/0,3 ml, solution injectable en seringue préremplie
60126167;CHLORURE DE SODIUM;solution injectable;1;chlorure de sodium|0,09|g;7B324DED9D99622841A519F1C1AE2F07581AA055;CHLORURE DE SODIUM 0,9 POUR CENT RENAUDIN (0,09 g/ 10 ml), solution injectable en ampoule
60230550;TAMOXIFENE BIOGARAN;comprimé;1;tamoxifène base|20|mg;1;citrate de tamoxifène|30,40|mg;1138D1A5B1A568528C4C1D3BDFD6C7394F84A661;TAMOXIFENE BIOGARAN 20 mg, comprimé
60239802;DESOGESTREL/ETHINYLESTRADIOL EG;comprimé;2;désogestrel|150|microgrammes;2;éthinylestradiol|20|microgrammes;F136E07D95003CE092DBA76ABF866C2BC865DCD0;DESOGESTREL/ETHINYLESTRADIOL EG 150 microgrammes/20 microgrammes, comprimé
60108518;OXYCODONE SANDOZ;gélule;1;oxycodone|17,93|mg;1;chlorhydrate d'oxycodone|20|mg;C5269241D773FF508231BABC29B0E5F54CB86806;OXYCODONE SANDOZ 20 mg, gélule
60043077;OXCARBAZEPINE MYLAN;comprimé pelliculé;1;oxcarbazépine|300|mg;7EA39711609866F5770E739243767D220075B4AD;OXCARBAZEPINE MYLAN 300 mg, comprimé pelliculé
60252447;OLIGOSTIM MAGNESIUM;comprimé;1;magnésium|0,012|mg;1;magnésium (gluconate de) dihydraté|0,220|mg;1F1DDD33B8466CF4D6BCFBEF858820729533041B;OLIGOSTIM MAGNESIUM, comprimé
60237986;SOTALOL RATIOPHARM;comprimé sécable;1;chlorhydrate de sotalol|80|mg;C5BF2DFEFE1E4F66902E732820938B3F1F96F3C0;SOTALOL RATIOPHARM 80 mg, comprimé sécable
60168465;RAMIPRIL KRKA;comprimé;1;ramipril|5|mg;D32E3BD9982CED69E6157E5972713EBAA6DC3EBD;RAMIPRIL KRKA 5 mg, comprimé
60251352;PIPERACILLINE PANPHARMA;poudre pour solution injectable;1;pipéracilline|1,000|g;1;pipéracilline sodique|1,042|g;BC800A22EECAB99194D24BF4053F4AD46072FE68;PIPERACILLINE PANPHARMA 1 g, poudre pour solution injectable (I.M., I.V.)
60199966;BAVENCIO;solution à diluer pour perfusion;1;avélumab|20|mg;F665205A417F4B00B511A5FDBDFB3C0615C21FE2;BAVENCIO 20 mg/mL, solution à diluer pour perfusion
60033510;VANCOMYCINE MYLAN;poudre pour solution pour perfusion;1;vancomycine base|125|mg;1;chlorhydrate de vancomycine|128,25|mg;D7DD8D7408126077BC88517FD0A9DC0935231A8F;VANCOMYCINE MYLAN 125 mg, poudre pour solution à diluer pour perfusion
60152436;HAVRIX NOURRISSONS ET ENFANTS;suspension injectable;1;virus de l'hépatite a souche hm175 inactivé adsorbé|720|U;1D18D7F00A7011989CD7EE66BEF5E61A3A1AEB0B;HAVRIX NOURRISSONS ET ENFANTS 720 U/0,5 ml, suspension injectable en seringue préremplie. Vaccin de l'hépatite A (inactivé, adsorbé)
60022738;FENTANYL RANBAXY;dispositif;1;fentanyl|15,5|mg;D09D7D60ACFE61EC14CD7C9B0DE8DA0DF90227B4;FENTANYL RANBAXY 75 microgrammes/heure, dispositif transdermique
60079155;ZOXAN LP;comprimé à libération prolongée;1;doxazosine|8|mg;1;mésilate de doxazosine|9,7|mg;37D24A2368392FFE62D77B8F06DE0BFC84A80625;ZOXAN LP 8 mg, comprimé à libération prolongée
60207555;ISOPTO PILOCARPINE;collyre;1;pilocarpine (chlorhydrate de)|1|g;6FEAD8BCF544F5D5077220C616DEB07DB87CE1EE;ISOPTO PILOCARPINE 1 POUR CENT, collyre
60132743;RETROVIR;solution à diluer pour perfusion;1;zidovudine|200|mg;F1CEE35B678FF91EC330B5216DE77E37127A45F8;RETROVIR 10 mg/ml, solution à diluer pour perfusion
60074934;MYAMBUTOL;solution injectable;1;chlorhydrate d'éthambutol|1000|mg;43FF37804ED230C4ABB8D8B922BD8D8E276C342B;MYAMBUTOL 1000 mg/10 ml, solution injectable (I.M.-I.V.) en ampoule
60021771;FIBROVEIN;solution injectable;1;tétradécyl sulfate de sodium|30|mg;816C142CB4A1B07AE808F2D52997E7792F3B0B24;FIBROVEIN 3 %, solution injectable
60123363;FINASTERIDE ACCORD;comprimé pelliculé;1;finastéride|5|mg;6CE9642DE61334C7B25321608F87815BE489E32F;FINASTERIDE ACCORD 5 mg, comprimé pelliculé
60035924;OXOMEMAZINE MYLAN;solution buvable;1;oxomémazine|0,033|g;7193F1239E1D5EB682444DB115621DD41E103EC3;OXOMEMAZINE MYLAN 0,33 mg/ml SANS SUCRE, solution buvable édulcorée à l'acésulfame potassique
60237858;EPHEDRINE RENAUDIN;solution injectable;1;chlorhydrate d'éphédrine|30,0|mg;F144E086AFDC1B486CAFC46ECC613346F1B23413;EPHEDRINE RENAUDIN 30 mg/10 ml, solution injectable
60234100;DOLIPRANE;comprimé;1;paracétamol|1000|mg;590F075055DB87EF91A5B8B8146D9488C27C044D;DOLIPRANE 1000 mg, comprimé
60234221;TENSTATEN;gélule;1;ciclétanine (chlorhydrate de)|50|mg;154A5FE0BB2A3AB2EB2AAD837DB8D45BA497A4FA;TENSTATEN 50 mg, gélule
60073608;LEVOCETIRIZINE KRKA;comprimé pelliculé;1;dichlorhydrate de lévocétirizine|5|mg;82EEF791975C29DD692E5E4E5C892BF0E8C73A74;LEVOCETIRIZINE KRKA 5 mg, comprimé pelliculé
60144966;MONICOR L.P.;gélule à libération prolongée;1;mononitrate d'isosorbide|60|mg;FA8970EE9346F579C72E0E0BB79AA758138AF722;MONICOR L.P. 60 mg, gélule à libération prolongée
60233913;IBUFETUM;gel;1;ibuprofène|5|g;7537BE6767EC52937B739EFA20B5C318B487775F;IBUFETUM 5 %, gel
60095729;MAXILASE MAUX DE GORGE ALPHA-AMYLASE;comprimé enrobé;1;alfa-amylase|3000|U.CEIP;3136C284A2C46FE67620F564A8390F9ED9F705AF;MAXILASE MAUX DE GORGE ALPHA-AMYLASE 3000 U. CEIP, comprimé enrobé
60016500;CANDESARTAN ARROW;comprimé sécable;1;candésartan cilexétil|32|mg;F100DE6ED7CDA9349524AEB5E832762B28E62C8F;CANDESARTAN ARROW 32 mg, comprimé sécable
60064324;EUPHYPERTUIS;comprimé pelliculé;1;millepertuis (sommité fleurie) (extrait sec de)|500|mg;BC02D5B6BC977E83785C2214402C0AE79F667DC4;EUPHYPERTUIS 500 mg, comprimé pelliculé
60139257;RACECADOTRIL BIOGARAN CONSEIL;gélule;1;racécadotril|100|mg;3D8EA30D10FDA1825AE708CAB5237B659B415024;RACECADOTRIL BIOGARAN CONSEIL 100 mg, gélule
60177724;TEPADINA;poudre pour concentré pour solution pour perfusion;1;thiotépa|15|mg;7BA031FD2BF031FA33C0D7C4B2B01E7293BB4426;TEPADINA 15 mg, poudre pour concentré pour solution pour perfusion
60053694;COVERSYL;comprimé pelliculé;1;périndopril|6,79|mg;1;périndopril arginine|10|mg;478E195972C1E2814FBFFF1D60CCA58CF74D2F37;COVERSYL 10 mg, comprimé pelliculé
60005856;FAMOTIDINE EG;comprimé pelliculé;1;famotidine|20|mg;ACB112487739F3DDD57C47E936A64D214C3AC4F7;FAMOTIDINE EG 20 mg, comprimé pelliculé
60206332;ACTIFED RHUME JOUR ET NUIT;comprimé et  comprimé;3;chlorhydrate de pseudoéphédrine|60|mg;3;paracétamol|500|mg;3;chlorhydrate de diphénhydramine|25|mg;A352E0D11DB0716A5A15867D090EAF96D3463EDF;ACTIFED RHUME JOUR ET NUIT, comprimé
60095056;HEXTRIL;pâte dentifrice;1;hexétidine|0,100|g;7F365823E74BD5558541240E806AA95F1BD2F0BA;HEXTRIL 0,1 POUR CENT, pâte dentifrice
60111813;ENALAPRIL ZENTIVA;comprimé sécable;1;maléate d'énalapril|20|mg;87C45835B6CF1C9DA330E723D1FB91A66CF0C318;ENALAPRIL ZENTIVA 20 mg, comprimé sécable
60236756;INCIVO;comprimé pelliculé;1;télaprévir|375|mg;59F5C2DB7888F1964D995496A06E7DEA4C99028A;INCIVO 375 mg, comprimé pelliculé
60072506;MITOXANTRONE TEVA;solution à diluer pour perfusion;1;mitoxantrone base|25|mg;1;chlorhydrate de mitoxantrone|29,10|mg;AC2698FFEA7A1254E125D2F21E192A5A92E75F23;MITOXANTRONE TEVA 25 mg/12,5 ml, solution à diluer pour perfusion
60019329;DOXYLAMINE CRISTERS;comprimé pelliculé sécable;1;hydrogénosuccinate de doxylamine|15|mg;3AC7EA2BDBD983196ADD2537CB4EFB026ECAEF79;DOXYLAMINE CRISTERS 15 mg, comprimé pelliculé sécable
60049991;TAMIK;capsule;1;dihydroergotamine (mésilate de)|3|mg;781EFA590E419235F6B6528434C19983544315AC;TAMIK, capsule
60145801;PANTOPRAZOLE BOUCHARA RECORDATI;comprimé gastro-résistant(e);1;pantoprazole|20|mg;1;pantoprazole sodique sesquihydraté|22,55|mg;B8D0CEFD3E6866BA3B1C92F29D2D7907C3A01875;PANTOPRAZOLE BOUCHARA RECORDATI 20 mg, comprimé gastro-résistant
60252422;EFFICORT LIPOPHILE;crème;1;acéponate d'hydrocortisone|0,127|g;7E5A0661826C6526B96AA5345DA0AEEE6CBD05D8;EFFICORT LIPOPHILE 0,127 POUR CENT, crème
60085578;PEFLACINE MONODOSE;comprimé enrobé;1;péfloxacine|400,00|mg;1;péfloxacine (mésilate de) dihydraté|558,50|mg;A330228FD17ABC25C5B1ABA156A06C78DDB3375D;PEFLACINE MONODOSE 400 mg, comprimé enrobé
60093639;ROPINIROLE BIOGARAN LP;comprimé pelliculé à libération prolongée;1;ropinirole|8|mg;1;chlorhydrate de ropinirole|9,121|mg;6DFF13C853E87B3D58760BA62D073DCFEB3100C9;ROPINIROLE BIOGARAN LP 8 mg, comprimé pelliculé à libération prolongée
60082062;COPAXONE;solution injectable;1;glatiramère|18|mg;1;acétate de glatiramère|20|mg;FF0550649913816F35B553CDA79561F94F536483;COPAXONE 20 mg/ml, solution injectable en seringue préremplie
60030980;MEDIFLOR N;mélange de plantes pour tisane;1;séné (feuille de)|0,72|g;DEC922EEE3F617D2C5527E13094B0294A39D9288;MEDIFLOR N°7 CONTRE LA CONSTIPATION PASSAGERE, mélange de plantes pour tisane en sachet-dose
60130906;LOSARTAN ZENTIVA;comprimé pelliculé sécable;1;losartan potassique|50|mg;982A41211BC5422FE136F806D6632EF5B32A7434;LOSARTAN ZENTIVA 50 mg, comprimé pelliculé sécable
60007960;AFTAGEL;gel;2;chlorhydrate de lidocaïne|0,6|g;2;sulfate de zinc|0,5|g;726D15AAE42AACAC574FEC691752B027DFD1D7F8;AFTAGEL, gel buccal
60038468;LAMOTRIGINE ARROW LAB;comprimé dispersible ou à croquer;1;lamotrigine|200|mg;D18019F6C7D0E516AA83D555DFC35FFA6802DCDF;LAMOTRIGINE ARROW LAB 200 mg, comprimé dispersible ou à croquer
60248840;TAFINLAR;gélule;1;dabrafénib|75|mg;1;mésilate de dabrafénib|88,88|mg;B86B84215BA6C5FB22663B6CA6C2E7CF01603C1F;TAFINLAR 75 mg, gélule
60053064;OLIGOSTIM COBALT;comprimé;1;cobalt|0,029|mg;1;cobalt (gluconate de)|0,240|mg;5BB73C3E973D7F219EE245479474D02E1891481F;OLIGOSTIM COBALT, comprimé
60021472;MIDAZOLAM SANDOZ;solution injectable;1;midazolam|1|mg;313B361EB721A93FF1BE81345065F090D313A52D;MIDAZOLAM SANDOZ 1 mg/ml, solution injectable
60074432;PERMIXON;gélule;1;palmier de floride (serenoa repens (w.bartram) small.) (extrait du fruit de)|160|mg;A5D2356B739733A1715542B7B37CA8EA30DCC031;PERMIXON 160 mg, gélule
60074795;OCTAPLASLG;solution pour perfusion;1;protéines plasmatiques humaines|45 - 70|mg;ACF610B13DEA30633ACF5AB02FC0D8D1112F303C;OCTAPLASLG, solution pour perfusion
60051316;LEVETIRACETAM MYLAN;comprimé pelliculé;1;lévétiracétam|250|mg;685695BFCE67F114FB6A4E172AD2F40A78BE8D15;LEVETIRACETAM MYLAN 250 mg, comprimé pelliculé
60130354;EAU OXYGENEE;solution pour application;1;hydrogène (peroxyde d'), solution de, à 3 pour cent|qsp 100|ml;EC5BDD1B4703B3DD6A21688030F76EDCAEA65272;EAU OXYGENEE 10 VOLUMES EVOLUPHARM, solution pour application cutanée
60223417;VOTUBIA;comprimé;1;évérolimus|5|mg;7F3D9FC6B82C50E042B1A58038EFC99F43C6A40B;VOTUBIA 5 mg, comprimé
60176113;SIMVASTATINE BOUCHARA RECORDATI;comprimé pelliculé;1;simvastatine|10|mg;D00257BC97498E16E15EEA9F549F57DD36549EE0;SIMVASTATINE BOUCHARA RECORDATI 10 mg, comprimé pelliculé
60180720;RAMIPRIL SANDOZ;comprimé sécable;1;ramipril|10|mg;658F39014B5B553DC30544DA6C4D068795CF82E7;RAMIPRIL SANDOZ 10 mg, comprimé sécable
60047182;CONCERTA LP;comprimé à libération prolongée;1;chlorhydrate de méthylphénidate|54|mg;F46056720A17F7631A0C6034A572B603609AE854;CONCERTA LP 54 mg, comprimé à libération prolongée
60007280;SAFLUTAN;collyre en solution;1;tafluprost|15|microgrammes;A27F7014C68A3C9775336CBAE8058BE1D38D1374;SAFLUTAN 15 microgrammes/ml, collyre en solution en récipient unidose
60073907;DONEPEZIL MYLAN;comprimé orodispersible;1;donépézil base|9,12|mg;1;chlorhydrate de donépézil|10|mg;5C10D690765CF85550753C248F915B94451BE140;DONEPEZIL MYLAN 10 mg, comprimé orodispersible
60065294;PANTOPRAZOLE ZF;comprimé gastro-résistant(e);1;pantoprazole|20|mg;1;pantoprazole sodique sesquihydraté|22,56|mg;539B5305F83DD4C405D20F71C60C7A286F52EA1B;PANTOPRAZOLE ZF 20 mg, comprimé gastro-résistant
60016308;CARVEDILOL MYLAN;comprimé pelliculé sécable;1;carvédilol|25|mg;6CC03DD872566A427F89DDCA19E3980861DC124C;CARVEDILOL MYLAN 25 mg, comprimé pelliculé sécable
60021216;PERSANTINE;comprimé enrobé;1;dipyridamole|75|mg;C78F40799C7789FACA949740D0C0C3592238F670;PERSANTINE 75 mg, comprimé enrobé
60153239;ALFALASTIN;poudre et  solvant pour solution injectable;1;alpha-1 antitrypsine humaine|33,33|mg;50E320C49C7017C176C2A1093AD321E65FE56D1A;ALFALASTIN 33,33 mg/ml, poudre et solvant pour solution injectable
60208810;IBUPROFENE NEPENTHES;comprimé pelliculé;1;ibuprofène|200|mg;DDAD5FD4E94586FE9B5655BA64DD05D110BEE266;IBUPROFENE NEPENTHES 200 mg, comprimé pelliculé
60070195;TRENTADIL;comprimé enrobé;1;bamifylline base|274|mg;1;chlorhydrate de bamifylline|300|mg;408CE18DF34FD59DA21044E7CFB084F7D8F9C820;TRENTADIL 300 mg, comprimé enrobé
60133973;TAMSULOSINE ZYDUS FRANCE LP;gélule à libération prolongée;1;chlorhydrate de tamsulosine|0,4|mg;512191CD97A3340CF5402C13BF10F800495DD5FD;TAMSULOSINE ZYDUS FRANCE LP 0,4 mg, gélule à libération prolongée
60136439;ARIPIPRAZOLE SANDOZ;comprimé;1;aripiprazole|15|mg;3217B826175FB3D62EB51FF8B9198BCA929D4586;ARIPIPRAZOLE SANDOZ 15 mg, comprimé
60241874;INNOVAIR;solution pour inhalation;2;dipropionate de béclométasone|200|microgrammes;2;fumarate de formotérol dihydraté|6|microgrammes;BF34DDDD7061572D079C90BAB903883C6B811C4B;INNOVAIR 200/6 microgrammes/dose, solution pour inhalation en flacon pressurisé
60097203;PRAVASTATINE ARROW;comprimé sécable;1;pravastatine sodique|10|mg;CE505DEB54F53A30EF7A974A51B6B8073F3EBF23;PRAVASTATINE ARROW 10 mg, comprimé sécable
60105162;GABAPENTINE ZENTIVA;comprimé pelliculé;1;gabapentine|600|mg;6C7F34B112314AD13F3F809EE70D736350629956;GABAPENTINE ZENTIVA 600 mg, comprimé pelliculé
60027685;ELMIRON;gélule;1;pentosane polysulfate sodique|100|mg;53B63115505AFE7B3C980C1CA1985F3208EBEE7C;ELMIRON 100 mg, gélule
60208251;ALLOPURINOL EG;comprimé;1;allopurinol|300|mg;018984C9C212811D3A089D649C49F4A92772F334;ALLOPURINOL EG 300 mg, comprimé
60187348;COVERAM;comprimé;2;amlodipine|5|mg;2;périndopril|6,79|mg;2;périndopril arginine|10|mg;2;bésilate d'amlodipine|6,935|mg;F574F6D883F676AEB42B4F98E7857D573D0A3B71;COVERAM 10 mg/5 mg, comprimé
60002283;ANASTROZOLE ACCORD;comprimé pelliculé;1;anastrozole|1,00|mg;4ED3852BB36A253DCBA271E8B30F223B7F919917;ANASTROZOLE ACCORD 1 mg, comprimé pelliculé
60235768;PREZISTA;comprimé pelliculé;1;darunavir|400|mg;1;éthanolate de darunavir|433,64|mg;FDB50B4A7487807F24442BACC2AF1F06F413CCF3;PREZISTA 400 mg, comprimé pelliculé
60120666;DUAVIVE;comprimé à libération modifiée;1;bazédoxifène|20|mg;2;acétate de bazédoxifène|22,56|mg;2;estrogènes conjugués|0,45|mg;EE1024848206D3E7BF62F9EE1B8FE8CF853C7C56;DUAVIVE 0,45 mg/20 mg, comprimé à libération modifiée
60019927;SOLIAN;comprimé sécable;1;amisulpride|100|mg;574C3CE863988AF833519ADA0600E81C5685C4BC;SOLIAN 100 mg, comprimé sécable
60205458;KETESSE;solution injectable pour perfusion;1;dexkétoprofène|50|mg;1;dexkétoprofène trométamol|73,8|mg;8E5B605CF98FB912BC65384BD9E12D76DDD84BE4;KETESSE 50 mg/2 ml, solution injectable/pour perfusion
60209937;CLOPIXOL;solution buvable gouttes;1;zuclopenthixol|2|g;1;zuclopenthixol (dichlorhydrate de)|2,38|g;057886F44BF97DA309FCE7634F6F2BA0A9EF623C;CLOPIXOL 2 POUR CENT, solution buvable en gouttes
60170224;OLANZAPINE RANBAXY;comprimé;1;olanzapine|10|mg;A428EEC4227D775C9738141CC48FE62BFE168C3D;OLANZAPINE RANBAXY 10 mg, comprimé
60232359;VALSARTAN KRKA;comprimé pelliculé sécable;1;valsartan|40|mg;73BB495D0E9933712DC20AC00D23C9F48BEAD270;VALSARTAN KRKA 40 mg, comprimé pelliculé sécable
60034644;SYNACTHENE RETARD;suspension injectable;2;chlorure de zinc|2,50|mg;2;tétracosactide|1,00|mg;6C6A19188AEB2A4D19D25B69395D20AF39878187;SYNACTHENE RETARD 1 mg/1 ml, suspension injectable I.M.
60122628;CANDESARTAN CRISTERS;comprimé sécable;1;candésartan cilexétil|8|mg;809FEB4D6978FF52BED48E30486D67DE65AD8D39;CANDESARTAN CRISTERS 8 mg, comprimé sécable
60045217;ZIMINO;solution à diluer pour perfusion;1;lévosimendan|2,5|mg;12A60ED5B9B58A593360D37853EF35E6A4D5958B;ZIMINO 2,5 mg/ml, solution à diluer pour perfusion
60071190;SIMVASTATINE SANDOZ;comprimé pelliculé sécable;1;simvastatine|10,0|mg;7D381E7A330BF5C5CB696DB8F8E4B8F43B110929;SIMVASTATINE SANDOZ 10 mg, comprimé pelliculé sécable
60181231;VELETRI;poudre et  solvant pour solution pour perfusion;1;époprosténol|1,5|mg;1;époprosténol sodique|1,593|mg;127B7FE25273FD00120F70B7F1C3410666725BF1;VELETRI 1,5 mg, poudre et solvant pour solution pour perfusion
60080218;FIVASA;suppositoire;1;mésalazine|500|mg;4395EF12D5998A75661D34F61E33EF5C930AF737;FIVASA 500 mg, suppositoire
60040572;VIALEBEX;solution pour perfusion;1;albumine humaine|200|mg;13C430FEF33C01E992B9E6F2436D9CBBE102C136;VIALEBEX 200 mg/ml NOUVEAUX-NES ET NOURRISSONS, solution pour perfusion
60210697;CALCIUM VITAMINE;comprimé à sucer;1;calcium élément|500|mg;2;carbonate de calcium|1250,00|mg;2;cholécalciférol (concentrat de), forme pulvérulente|400|UI;7562FEC9B36248BD934374ED020E1AF0224C2CF1;CALCIUM VITAMINE D3 BIOGARAN 500 mg/400 UI, comprimé à sucer
60044492;DONEPEZIL CRISTERS;comprimé;1;chlorhydrate de donépézil|5|mg;60A7B095F8B06BB40313915FE1D1A2C7B1E737ED;DONEPEZIL CRISTERS 5 mg, comprimé pelliculé
60065198;CELIPROLOL ZENTIVA;comprimé pelliculé;1;chlorhydrate de céliprolol|200|mg;D542D1CDA97EF85ABA88DAEA0069764DE2793B43;CELIPROLOL ZENTIVA 200 mg, comprimé pelliculé
60250574;VALSARTAN ALTER;comprimé pelliculé;1;valsartan|160|mg;38E142DEC32F7406E4800FA35FB4D222C58F27FD;VALSARTAN ALTER 160 mg, comprimé pelliculé
60173964;NAUSICALM ADULTES;gélule;1;dimenhydrinate|50|mg;CEA4495637F4145CA6C523BC02D71E77016B72CE;NAUSICALM ADULTES 50 mg, gélule
60200678;PERMIXON;gélule;1;palmier de floride (serenoa repens (w.bartram) small.) (extrait du fruit de)|160|mg;A5D2356B739733A1715542B7B37CA8EA30DCC031;PERMIXON 160 mg, gélule
60184188;DEPAKINE;comprimé gastro-résistant(e);1;sodium (valproate de)|500,00|mg;674A725E4348DD591B9FEB5D4537A8F13139A880;DEPAKINE 500 mg, comprimé gastro-résistant
60246750;DEBRIDAT;comprimé pelliculé;1;maléate de trimébutine|100,00|mg;C70AC7A03E5A5AD29DE6F6E7EF164D24C93C1552;DEBRIDAT 100 mg, comprimé pelliculé
60249903;SPRYCEL;comprimé pelliculé;1;dasatinib monohydraté|70|mg;E2A46A47FD8A12EC55EE62E4D28CA13D462E0D4B;SPRYCEL 70 mg, comprimé pelliculé
60154309;CREME AU CALENDULA;crème;1;calendula officinalis pour préparations homéopathiques|0,88|g (TM);18EA5E4900FED20D2BF8AB3505AB31527973C5D8;CREME AU CALENDULA, crème
60109303;MUPIROCINE PIERRE FABRE;pommade;1;mupirocine|2|g;EE26BEB25B088014BA1E9A3935B056606947516F;MUPIROCINE PIERRE FABRE 2%, pommade
60226915;CARBOCISTEINE SANDOZ CONSEIL;solution buvable;1;carbocistéine|5|g;AECEDCC502F309566505F4B8CBA696875433FE0A;CARBOCISTEINE SANDOZ CONSEIL 5 % ADULTES SANS SUCRE, solution buvable édulcorée à la saccharine sodique
60035714;SIMPONI;solution injectable;1;golimumab|50|mg;6751728357CDF04A7948FD68D6B48E50634795C1;SIMPONI 50 mg, solution injectable en seringue préremplie
60073914;IBUPROFENE BIOGARAN CONSEIL;comprimé pelliculé;1;ibuprofène|400|mg;8C3DEF487A936B77FE3E533BFFC02824C6730CEB;IBUPROFENE BIOGARAN CONSEIL 400 mg, comprimé pelliculé
60122980;HEPT A MYL;solution buvable;1;heptaminol (chlorhydrate d')|30,5|g;0A198BDD255F3D90FCD827FE1052C0CA8B28BB93;HEPT A MYL 30,5 POUR CENT, solution buvable en flacon
60068333;COVERAM;comprimé;2;amlodipine|5|mg;2;périndopril|3,395|mg;2;périndopril arginine|5|mg;2;bésilate d'amlodipine|6,935|mg;69571540439F16EC3E0C62BDA7EBE68150D84A67;COVERAM 5 mg/5 mg, comprimé
60089217;ZALTRAP;solution à diluer pour perfusion;1;aflibercept|25|mg;9146B04D54A90D09D001C17805CAF520D832E255;ZALTRAP 25 mg/ml, solution à diluer pour perfusion
60192594;FUROSEMIDE ARROW;comprimé sécable;1;furosémide|40|mg;C5DB61308893FBCE27B144AC29C2B1968F3CD1AF;FUROSEMIDE ARROW 40 mg, comprimé sécable
60123979;KETOPROFENE SANDOZ;gel;1;kétoprofène|2,5|g;14447072DD43CAADE7CEFB54DBA7A250D276F37A;KETOPROFENE SANDOZ 2,5 %, gel
60018896;PERINDOPRIL TOSILATE TEVA;comprimé pelliculé;1;périndopril|6,816|mg;1;tosilate de périndopril|10|mg;6E95B2CEE4F4E63A157F746AF77EC077971C4677;PERINDOPRIL TOSILATE TEVA 10 mg, comprimé pelliculé
60170046;PARACETAMOL BIOGARAN;comprimé effervescent(e);1;paracétamol|500|mg;55DC9A8EA64FF5FF5CD6F7AE47B49D685260D706;PARACETAMOL BIOGARAN 500 mg, comprimé effervescent
60155329;DUPHALAC;solution buvable;1;lactulose|10|g;CC5A5A5702B978ADAAA174A8EA917872087F1A8E;DUPHALAC 10 g/15 ml, solution buvable en sachet
60111197;ACICLOVIR ARROW;comprimé;1;aciclovir|800|mg;D399C7B9EC9DB16ED421212846D6BDFEE2B59703;ACICLOVIR ARROW 800 mg, comprimé
60200500;NEUPRO;dispositif;1;rotigotine|13,5|mg;B3C40244DE7932EBCEAFF08E35832646F021403E;NEUPRO 6 mg/24 h, dispositif transdermique
60026957;GLIBENCLAMIDE TEVA;comprimé sécable;1;glibenclamide|5|mg;2BC2FD2CBE329986ECEF8758D4CA0012BDD18615;GLIBENCLAMIDE TEVA 5 mg, comprimé sécable
60094125;TRANDOLAPRIL MYLAN;gélule;1;trandolapril|0,5|mg;0CC4179098323D5DB89AF72BD72F5669A5C06F1C;TRANDOLAPRIL MYLAN 0,5 mg, gélule
60188375;PARAPSYLLIUM;poudre pour suspension buvable en pot;2;paraffine liquide légère|28,73|g;2;ispaghul (tégument de la graine d') (poudre de)|33,33|g;328B1955484C8D4EF06DE30F3001B8C8448F8476;PARAPSYLLIUM, poudre pour suspension buvable en pot
60002504;RANITIDINE BIOGARAN;comprimé effervescent(e);1;ranitidine base|150|mg;1;ranitidine (chlorhydrate de)|168|mg;6310975ADBCCBDEAD333D85D47819E569E97F301;RANITIDINE BIOGARAN 150 mg, comprimé effervescent
60031071;ARIPIPRAZOLE SANDOZ;comprimé orodispersible;1;aripiprazole|10|mg;CD98BC12188E89A193122FAD31F6B31D163AD887;ARIPIPRAZOLE SANDOZ 10 mg, comprimé orodispersible
60117855;OSTEPAM;solution à diluer pour perfusion;1;pamidronique (acide)|12,6|mg;1;pamidronate de sodium|15|mg;971C684F2572A7870F8D22E9361D5D584E9414AA;OSTEPAM 15 mg/ml, solution à diluer pour perfusion
60219803;VINCRISTINE HOSPIRA;solution injectable;1;sulfate de vincristine|2|mg;61387956FC77F54C7ED131295CB56B6A8BFC22FB;VINCRISTINE HOSPIRA 2 mg/2 ml, solution injectable
60181733;XYLOCAINE;solution injectable;1;chlorhydrate de lidocaïne anhydre|10|mg;1;chlorhydrate de lidocaïne|10,66|mg;5026056CAD06A014F7E9ABCEE78AC76CEC7B94EE;XYLOCAINE 10 mg/ml SANS CONSERVATEUR, solution injectable
60132330;KEPPRA;solution buvable;1;lévétiracétam|100|mg;1596CB45D8804E47DC516722FB2E37B8015D41C5;KEPPRA 100 mg/ml, solution buvable
60132572;CRISTAL NOURRISSONS;suppositoire;1;glycérol|0,690|g;FA779A7880B1F95E18F9E5F8AE23F748A3B566A4;CRISTAL NOURRISSONS, suppositoire
60214350;CAPTOPRIL HYDROCHLOROTHIAZIDE ARROW;comprimé sécable;2;captopril|50|mg;2;hydrochlorothiazide|25|mg;65CAF23A5DB89B1D09A6F3B7CCE881846A113902;CAPTOPRIL HYDROCHLOROTHIAZIDE ARROW 50 mg/25 mg, comprimé sécable
60106606;REFACTO AF;poudre et  solvant pour solution injectable;1;moroctocog alfa|250|UI;1FD7A2EE28A556B538CCCE0D2482182B7B1E954A;REFACTO AF 250 UI, poudre et solvant pour solution injectable en seringue préremplie
60106848;DROSPIBEL;comprimé pelliculé;2;éthinylestradiol|0,02|mg;2;drospirénone|3|mg;C473084F47EB7A5621214EBDB90502E73A15B3F9;DROSPIBEL 0,02 mg/3 mg, comprimé pelliculé
60168515;NEORECORMON;solution injectable;1;époétine bêta|30000|UI;B1D527CE4E00F3B234FB58AC8629B22E11F867CC;NEORECORMON 30 000 UI, solution injectable en seringue préremplie
60107932;ARKOGELULES CHARBON VEGETAL;gélule;1;charbon activé|162|mg;706940C1E457A4CC3C37CBC6B5304B2AC02A6CB3;ARKOGELULES CHARBON VEGETAL, gélule
60140505;EPOPROSTENOL ARROW;poudre et  solvant pour solution injectable;1;époprosténol|1,500|mg;1;époprosténol sodique|1,593|mg;12991A103F78A59361034B347E98344E047C9183;EPOPROSTENOL ARROW 1,5 mg, poudre et solvant pour solution injectable
60047143;VECTARION INJECTABLE;lyophilisat et  solution pour préparation injectable;1;almitrine (mésilate d')|0,015|g;6F9C819E5EE301AC82CD5582DBA84BFA7B3ED6F6;VECTARION INJECTABLE, lyophilisat et solution pour préparation injectable
60197011;ESCITALOPRAM ALMUS;comprimé pelliculé sécable;1;escitalopram|15|mg;1;oxalate d'escitalopram|19,155|mg;499B4987A988DA5A391C0DC927769D751903BBE8;ESCITALOPRAM ALMUS 15 mg, comprimé pelliculé sécable
60172339;ISOCARD;solution;1;dinitrate d'isosorbide|0,20|g;2FC5DED26C9353923DEF7BE0B87686B9CDCA30D0;ISOCARD, solution sublinguale en flacon pulvérisateur
60165024;ACIDE ALENDRONIQUE PHR LAB;comprimé;1;acide alendronique|70|mg;1;alendronate monosodique trihydraté|91,37|mg;D52F19224835D069887AE1D50358E79B7BC8D189;ACIDE ALENDRONIQUE PHR LAB 70 mg, comprimé
60206154;PULMOSERUM;solution buvable;2;codéine|0,0800|g;2;gaïacol|0,5000|g;1042E54480459CE6FD9D072F51411FCFC11AE380;PULMOSERUM, solution buvable
60118715;CORTANCYL;comprimé;1;prednisone|1|mg;3A1483AC142638B9046B5613457500E8A8C9D3AB;CORTANCYL 1 mg, comprimé
60194549;RIOPAN;suspension buvable;1;magaldrate anhydre|800|mg;1;magaldrate|944,5|mg;0B8BF2BE26CA9A56C5B866F05DAA870CD34D3A26;RIOPAN 800 mg/10 ml, suspension buvable en sachet-dose
60130386;INOTYOL;pommade;5;ichtyolammonium|1,474|g;5;oxyde de zinc|14,763|g;5;dioxyde de titane|5,905|g;5;benjoin du laos, dit du siam|0,100|g;5;hamamélis de virginie (extrait d') (fluide)|0,984|g;621FD4B911D8BEBC666C4EA89D0661394A6A8EA8;INOTYOL, pommade
60124020;INTEGRILIN;solution injectable;1;eptifibatide|2|mg;4DF6A645AB4F1B40F2C5007AC06D277C613983E3;INTEGRILIN 2 mg/ml, solution injectable
60175972;PILOCARPINE;collyre en solution;1;pilocarpine (nitrate de)|8|mg;3E6B6C34F63D95790C36009FD90D24B9F164FAEE;PILOCARPINE 2 POUR CENT FAURE, collyre en solution en récipient unidose
60251516;EPINITRIL;dispositif;1;trinitrine|31,37|mg;9B465A635838136363C2E9E599C53EEB111797B9;EPINITRIL 10 mg/24 heures, dispositif transdermique
60047271;XALATAN;collyre en solution;1;latanoprost|0,005|g;C8B958D9DF3E5A58C14C2859A8BCECE0141CB138;XALATAN 50 microgrammes/ml, collyre en solution
60164844;DOMPERIDONE BIOGARAN;comprimé pelliculé sécable;1;dompéridone|20|mg;45428F29265E9A4645EE77C04C3800CE3AEEEC90;DOMPERIDONE BIOGARAN 20 mg, comprimé pelliculé sécable.
60129957;METOJECT;solution injectable;1;méthotrexate|17,5|mg;BD016092C83F7C62602D4B7C8EFE468A163AFC00;METOJECT 17,5 mg/0,35 ml, solution injectable en stylo prérempli
60232334;CYANOKIT;poudre pour solution pour perfusion;1;hydroxocobalamine|5|g;2C6E4DF8D14FB8AC7BE395166195416CC42D5358;CYANOKIT 5 g, poudre pour solution pour perfusion
60083132;OLANZAPINE ARROW GENERIQUES;comprimé orodispersible;1;olanzapine|10|mg;807518867517320DFAC3B85E1FE334BF1D68D9B7;OLANZAPINE ARROW GENERIQUES 10 mg, comprimé orodispersible
60196977;FLUCONAZOLE MACOPHARMA;solution pour perfusion;1;fluconazole|2|mg;BD2CF36BBA4D27B14D4FD646E97AEF056F7A4301;FLUCONAZOLE MACOPHARMA 2 mg/ml, solution pour perfusion
60100877;BETOPTIC;collyre;1;bétaxolol base|0,50|g;1;bétaxolol (chlorhydrate de)|0,56|g;AE65B96C66D5592CD90988DDAB8F72146CA49E2C;BETOPTIC 0,5 POUR CENT, collyre
60249796;TREVICTA;suspension injectable à libération prolongée;1;palipéridone|350|mg;1;palmitate de palipéridone|546|mg;0C6B4E8F56E975655B4F510248EBAEE9B5BBFFC8;TREVICTA 350 mg, suspension injectable à libération prolongée
60213914;ANGUSTA;comprimé;1;misoprostol|25|microgrammes;ECCD89F3F43DB2FB72C2A4E9C436CAEB1CC6664A;ANGUSTA 25 microgrammes, comprimé
60240181;UVIMAG;solution buvable;2;chlorhydrate de pyridoxine|0,040|g;2;magnésium (glycérophosphate acide de)|1,895|g;EC9896B2671E1C95E4D1AFC083C4C7233B068598;UVIMAG B6, solution buvable
60221786;IBUPROFENE RPG;comprimé pelliculé;1;ibuprofène|400|mg;8C3DEF487A936B77FE3E533BFFC02824C6730CEB;IBUPROFENE RPG 400 mg, comprimé pelliculé
60021127;SPIRONOLACTONE MYLAN;comprimé pelliculé;1;spironolactone|75,00|mg;6BE71A50584A20B8291AD360B06E8B58D3E3AECE;SPIRONOLACTONE MYLAN 75 mg, comprimé pelliculé
60155667;ETOPOSIDE TEVA;solution injectable pour perfusion;1;étoposide|200|mg;4B3404983AE33BBE061E3AEFC319205CEC758222;ETOPOSIDE TEVA 200 mg/10 ml, solution injectable pour perfusion
60155788;ZOLOFT;gélule;1;sertraline base|25|mg;1;chlorhydrate de sertraline|27,977|mg;E8E719C3FE3A8AD32CC0088DF8A44A3A0ADE6FE6;ZOLOFT 25 mg, gélule
60073451;ETIOVEN;comprimé;1;naftazone|30,00|mg;B243EC4D81F82898277D53F1BC176C1AC0DF74FE;ETIOVEN 30 mg, comprimé
60241034;TALTZ;solution injectable;1;ixékizumab|80|mg;9039EA2EDAD64AB5A21FA16C56C0EAFCBAD2C60C;TALTZ 80 mg, solution injectable en seringue pré-remplie
60211183;AZATHIOPRINE TEVA;comprimé pelliculé;1;azathioprine|50|mg;3E03D1782E15FB0A4235C3C12EA6B0C00F05BD15;AZATHIOPRINE TEVA 50 mg, comprimé pelliculé
60126594;OLANZAPINE MYLAN;comprimé orodispersible;1;olanzapine|5|mg;80B763C4D12456B965217296CE8D33221B10EB6D;OLANZAPINE MYLAN 5 mg, comprimé orodispersible
60156089;BICALUTAMIDE ALMUS;comprimé pelliculé;1;bicalutamide|50,00|mg;5AC6E3656798450C089D7AE19814FCBD5808753F;BICALUTAMIDE ALMUS 50 mg, comprimé pelliculé
60182486;BICARBONATE DE SODIUM BAXTER A;solution injectable pour perfusion;1;bicarbonate de sodium|1,4|g;967C53D5F525DA6CD25FBF56CBEF210143AC745B;BICARBONATE DE SODIUM BAXTER A 1,4 POUR CENT, solution injectable pour perfusion en poche
60135981;LUMIGAN;collyre en solution;1;bimatoprost|0,3|mg;A3369A6EB689FFC7E34A69034ADB2B6838CF1C4C;LUMIGAN 0,3 mg/ml, collyre en solution
60158147;DICLOFENAC MYLAN;gel;1;diclofénac sodique|1|g;1;diclofénac de diéthylamine|1,16|g;D348920EB871B1198F3F9215D7FD026537A4AB3C;DICLOFENAC MYLAN 1%, gel
60025054;ADEMPAS;comprimé pelliculé;1;riociguat|1,50|mg;5A403A1A2020D8A6DEDFBD67A963F8BFB99FA792;ADEMPAS 1,5 mg, comprimé pelliculé
60118971;PINAVERIUM BIPHAR;comprimé pelliculé;1;pinavérium (bromure de)|100|mg;DB510B9B94FE182DD2C01A7D037EA542A33392BB;PINAVERIUM BIPHAR 100 mg, comprimé pelliculé
60231339;EUPANTOL;comprimé gastro-résistant(e);1;pantoprazole|40|mg;1;pantoprazole sodique sesquihydraté|45,1|mg;29F10EBA3418066A36D94A2C428D4BC6C4105246;EUPANTOL 40 mg, comprimé gastro-résistant
60152607;BETNESOL;solution injectable;1;bétaméthasone|4,0|mg;1;bétamethasone (phosphate de) et de disodium|5,3|mg;53BCD1359403C7B9C78CF06A1E55E4B6BA3CB136;BETNESOL 4 mg/1 ml, solution injectable
60016589;LEVOCARNIL;solution injectable;1;lévocarnitine|1000|mg;B744566B27B88CDDF72B5DF13C0C0FB2F072D895;LEVOCARNIL 1 g/5 ml, solution injectable en ampoule
60140882;ARIPIPRAZOLE TEVA;comprimé orodispersible;1;aripiprazole|10|mg;CD98BC12188E89A193122FAD31F6B31D163AD887;ARIPIPRAZOLE TEVA 10 mg, comprimé orodispersible
60131805;ROPIVACAÏNE KABI;solution injectable;1;chlorhydrate de ropivacaïne|2|mg;6E898F93A5BB1CADD49379E502C9A037A9D88CDE;ROPIVACAÏNE KABI 2 mg/ml, solution injectable en ampoule
60075064;BIOXYOL;pâte pour application;3;oxyde de zinc|28,30|g;3;peroxyde de zinc|7,70|g;3;dioxyde de titane|0,20|g;652A8A7E1E565C9FE87A05B3B76C6CF4AC1F10C2;BIOXYOL, pâte pour application cutanée
60008845;GLUCOSE BIOSEDRA;solution pour perfusion;1;glucose anhydre|15|g;1;glucose monohydraté|16,5|g;C1084B5C1D8A4D78BA758E4F0C50A4C6B8C4C00D;GLUCOSE BIOSEDRA 15 POUR CENT, solution pour perfusion
60018088;LYRICA;gélule;1;prégabaline|300|mg;F98F4B8486418D03F1D37A9FCC98761B926D9839;LYRICA 300 mg, gélule
60091086;PARACETAMOL TEVA;gélule;1;paracétamol|500|mg;DEFEDB19240C49E7AF27E2B0F770B9F8482FF7A0;PARACETAMOL TEVA 500 mg, gélule
60216885;RIVASTIGMINE ACTAVIS;gélule;1;rivastigmine|1,5|mg;1;hydrogénotartrate de rivastigmine|2,4|mg;7C1A560A963029C7840236FF17D253C047FABA1D;RIVASTIGMINE ACTAVIS 1,5 mg, gélule
60159128;ENALAPRIL EG;comprimé sécable;1;maléate d'énalapril|5|mg;4785C8125C337F0EEF7ED3C00343428EEBE6A607;ENALAPRIL EG 5 mg, comprimé sécable
60182237;ALVERINE/SIMETICONE MAYOLY SPINDLER;capsule molle;2;siméticone|300|mg;2;citrate d'alvérine|60|mg;E711D5687C84A77704A3C489ECA1078785FE475C;ALVERINE/SIMETICONE MAYOLY SPINDLER 60 mg/300 mg, capsule molle
60133432;TUSSIDANE;comprimé pelliculé sécable;1;bromhydrate de dextrométhorphane|30|mg;086ED7D45717B4A36F0882DA0044EC4D90E3C186;TUSSIDANE 30 mg, comprimé pelliculé sécable
60244525;DIALYSE PERITONEALE CONTINUE AMBULATOIRE;solution pour dialyse péritonéale;2;lactate de sodium anhydre|3,925|g;2;glucose anhydre|15|g;5;chlorure de calcium dihydraté|0,2573|g;5;chlorure de magnésium hexahydraté|0,1017|g;5;sodium (lactate de), solution de|7,85|g;5;glucose monohydraté|16,5|g;5;chlorure de sodium|5,64|g;5771F9E1F7CE3E7A4D3C97CA13932939EE72CBA0;DIALYSE PERITONEALE CONTINUE AMBULATOIRE 2, solution pour dialyse péritonéale
60071379;OROMONE;comprimé pelliculé;1;bêta-estradiol|2,00|mg;1;bêta-estradiol hémihydraté|2,06|mg;F382EC0E98CE15B633F7CF1538E55FB7F1EAC534;OROMONE 2 mg, comprimé pelliculé
60109100;MONO TILDIEM LP;gélule à libération prolongée;1;chlorhydrate de diltiazem|200|mg;6DD2F093A5DE96CE54DB6C376889F36F6D6DB71A;MONO TILDIEM LP 200 mg, gélule à libération prolongée
60127671;PEPSANE;capsule;2;guaïazulène|4|mg;2;diméticone|300|mg;18AEE0FDA10003577AD872C11FE3EA5A86A1BF3C;PEPSANE, capsule
60026494;KALOBA;comprimé pelliculé;1;pélargonium (extrait fluide de racine de)|20|mg;2782C52B9E1430628C2943A7A3191E36C9048104;KALOBA 20 mg, comprimé pelliculé
60028552;TRACRIUM;solution injectable;1;bésilate d'atracurium|25|mg;6DC9986112136D1309340CBDFBA0FD58C7D8CD0D;TRACRIUM 25 mg/2,5 ml (1 POUR CENT), solution injectable en ampoule
60170263;REMEX;crème;1;aciclovir|5|g;67A647C56EF3B7078CD165E418F45A8F8F27FEA1;REMEX 5 %, crème
60201837;OLANZAPINE ACTAVIS;comprimé pelliculé;1;olanzapine|10|mg;6C2B5E71C5A4234C545FC1DD7F33F49D0B496D52;OLANZAPINE ACTAVIS 10 mg, comprimé pelliculé
60031954;PERINDOPRIL EVOLUGEN;comprimé;1;périndopril|6,68|mg;1;périndopril tert-butylamine|8|mg;1E1E32122EFF4B2E5F3EEFDE49A78903F61EABA8;PERINDOPRIL EVOLUGEN 8 mg, comprimé
60082023;FERVEXRHUME;comprimé pelliculé;2;maléate de chlorphénamine|4|mg;2;paracétamol|500|mg;10BD34C2B0EFBC9C1C726B31F3EAB488EE4C537F;FERVEXRHUME, comprimé pelliculé
60067562;ZADITEN;solution buvable;1;ketotifène base|0,02|g;1;ketotifène (fumarate de)|0,0276|g;303ACEA229960301343216877AAB4DD2E2E41489;ZADITEN 1 mg/5 ml, solution buvable
60252027;DOLOSPASMYL;capsule molle;2;siméticone|300|mg;2;citrate d'alvérine|60|mg;E711D5687C84A77704A3C489ECA1078785FE475C;DOLOSPASMYL 60 mg/300 mg, capsule molle
