04500F3E86F5AB10C79377842B9FE552F01A1ECA;comprimé effervescent(e);1;ranitidine base;1;8CD28CB4CC57C939D65791AD66E2D9B05AC8E48D
7CE5021215CEF51561ABF4E841CD573518F70A7E;solution pour perfusion;0;0
2280EBFD46B84409F1CD2AB8545364AB14B7FEE2;comprimé pelliculé;1;ivabradine;1;45896C0FD87C2E242F61629CF6066FC1934AC420
110320F40A3F9BAD060BDC98B6A99985A36FD7EA;comprimé sécable;0;0
FA8DECA7767B0FA62612585D4A4F1675A811ADD9;comprimé;0;0
62E97E42354D97A02588B9122E412B37750C2BE5;comprimé orodispersible;0;0
324AACBC8A56E3E3CFA6B196BC25B87952B81D66;comprimé gastro-résistant(e);1;pantoprazole;1;99274F1F9FE1E4510524C1D858ED06BD8D2EDAE5
32FC414AC0B578BAD530C4747DE691D2EA24BA8D;poudre pour solution à diluer pour perfusion;1;isavuconazole;1;CA8CBC4C374079D19EF3F8B0FDFF9DB979B4CE94
A9AD724AA79EF55AAAD6E83118A63BAE836CD781;comprimé pelliculé;0;0
643A4CADEA421A99B81F4A207F19D01B25FBC8E6;comprimé pelliculé;0;0
266B4E1844BB1DA9F55A49246C1785AA91404810;poudre pour suspension buvable;2;amoxicilline anhydre;clavulanique (acide);0
393DF6DD6C1D459D690CCCED02F30BF517A86B52;gélule;0;0
2B9445DF7E61EB9B4B8075AA30AB29858DEDA441;comprimé sécable;0;0
ECCEDCFC4C654C3C0DC9028EC6323F1B722942F7;comprimé sécable;0;0
B5594B6581D544FDE658797193B5DE3F5EA899FD;solution pour perfusion;0;0
B001516EE9ED1834D0E2B2C6832936F7F7119626;comprimé;1;magnésium;1;EAF46B24960FB909342DAC06F176E5D88615D99D
9820B107A447DB7A45E38003CB0A626477EF92D5;capsule;0;0
F06464585DCBF9602F869FAA465D32D21BF1DE7A;comprimé pelliculé;1;darunavir;1;826F8F33A42841799B47172E489E93F6FAE3593D
24110DBB674C9D8CA57D0D1E70A8662A32762F3D;comprimé;0;0
736D928B4ECB8FCFB85742AD2E7195E379F98DB9;comprimé;1;buprénorphine;1;CB873D4144BE7FD09F822EAAD9B6B3B931BEAA1A
BFB666B030D72786E0580691AF508E839F83E0B7;comprimé orodispersible;0;0
EF068AE17365FD449BA517244F8E2FACEC308C76;solution pour inhalation;0;0
B833153F362C6C36A2F466C1DFBB06573F2F1879;comprimé orodispersible;1;donépézil base;1;702B9062BD1CFFED1B820E48453F50E723DEC073
81C2AEDEF9B4F30166352D98811891FCFE2CF46A;comprimé et solution(s) et granules et poudre et pommade;0;0
827728088D8225A31A0C5F5C3DB57974984A6654;solution injectable pour perfusion;0;0
19EC2F4F7CCDA1F297F76FD2CBF603F87719ABC3;comprimé sécable;1;terbinafine;1;2EC4C910015760F7F7629434BD936A94A7D67F9B
6F46C6AFDDD182EA63813EFF1221E8E27A4372CA;poudre et  solvant pour solution pour perfusion;1;époprosténol;1;A19AB62DB598B94B1F73BEF431A75F41915B7FAB
D9F8C90BD2B58CFFF3FCE46AE42BDB3455D81F0F;solution injectable;0;0
0C24C0642B87727F292ADC2BF40C7E3C8C6FC0DD;dispositif;0;0
CA5D3B51555D9A4F57B904D1D5106B83A17B7152;comprimé à libération prolongée;1;doxazosine;1;EEE9ABFA3E224FD11FB6DD8608121E7670146967
EE63F494441F24871A54332DA3C85F864C257638;comprimé;0;0
1CFAD669C7F79440267154128045AAE2A36E6E5D;comprimé orodispersible;0;0
E6BD868E644060A2F9898DEE02B2700EDD8C7C78;comprimé quadrisécable;0;0
F488E982D80697BB9AF6827C582FD6B3873CFE73;solution injectable;0;0
650C3B173712D3FC480E2F0BAFC6F327F07D3AE2;gélule;1;rivastigmine;1;02F23058890655BE0EEF9A9E69B44F266E2E5482
1DBC48AEC13CD48CFBF5AD98BA64A56E20346381;poudre et  solvant pour solution injectable;0;0
F66C51F25221C9507F268D87311EB1FB5384336C;comprimé;0;0
E87121DD5235D76E692FF664DD460674B030A8AD;poudre pour concentré pour solution pour perfusion;0;0
DFB864E7E40B31E2C6C8823DF53CD8E748B06339;gélule;0;0
C65E2D6CC106DEF709E6C68DBCFB559F87631A89;pastille;0;0
8458B01D93448F1A73C2994B433C0B767139D138;comprimé et solution(s) et granules et poudre et pommade;0;0
4E80CD9D6F2B180D48068B4FBC36C593CA67F413;granules et  poudre et  solution en gouttes en gouttes;0;0
591CB751823A8FE245E2585A0B50A8592780BDB4;solution injectable;0;0
125A3513C579784ABBF1C5C9E7FF2130EFD8C7E6;gélule;1;rivastigmine;1;F6C63A11EC003FE8D9F988F7F0B3E1BDE13A141D
1F6284E14FD65FB108859DA6A43971197C536A74;gel;1;diclofénac sodique;1;CA5796A19BD6C080935671391069EE41271B742D
E08F3A0CCADC5D29A39BA8214BB502E972DFFDC1;gélule à libération prolongée;0;0
A434EE162BE2EF9E62F30719A051D073B3CE536F;comprimé sécable;0;0
FC6F0D07A12C087C9571DE9DE6D127FF18F7FC56;gaz pour inhalation;0;0
DD9606F63FD67173CF5730EEBAC2666746C4396B;comprimé pelliculé;1;rosuvastatine;1;3196688235298444A2C4E22EC19D44A24CC263DD
20E3AD1028753F7C5330A433840651BB14F1D305;comprimé orodispersible;0;0
73DC1934B336F9800363E9B135D641394A9E1D82;comprimé pelliculé;0;0
B06C68854DF9578582A07B97948320921E1D0854;comprimé sécable;0;0
5F75927CEBBE72E6C9F595DC203FD67BE488CEB0;comprimé et solution(s) et granules et poudre et pommade;0;0
4C980DF1EA03DE22D374F1279EC1159D40D358DE;lyophilisat et  solution pour préparation injectable;0;0
C98F52016063ED69D6B8C343754E13B8F8C0950E;poudre pour solution injectable;1;ceftazidime anhydre;1;0FF7EDF93F14A00DB2545BB0F0463089656DF8B1
B055331FEF35B6F0FB55896BB2FBE87F706AEC36;solution pour perfusion;1;glucose anhydre;1;1B76CBFE00D348274E0D6ACCE0290218AD02E00E
0B496563B45F18DF34124807CE514F8EF2958E1F;comprimé;1;terbinafine;1;A56226CE08EA7ED1FFC0DB698D1335B1927DAE42
B39186A6D2BEC7DCBB82F740C1CBCAF8B3828026;capsule molle;0;0
EBF5C62AB487E650418501D375F92252A149B3CA;comprimé pelliculé;0;0
0420ADCB76060116E65CC2357CB9A676C2A0B6E4;gel;0;0
C84F9C0D46B3361AAF411875FF8DF62168AFA9D8;comprimé pelliculé;1;entécavir;1;2C332F9E8AF456759869596CE13243980E05D5D3
859E824E74F653CAA9A402D71F96F90A5121AC88;comprimé pelliculé;1;sitagliptine;1;EB115632944502EF23997726E22097474709EA30
43913C9B9F9624B8AD98695F05A349010B5198BD;comprimé enrobé;0;0
4CC668CE2D29A8B81C706B87440893CF680A33A5;comprimé pelliculé;0;0
1C7F6849F206CFF2579158F4435CB3DD879C6497;solution;1;midazolam;1;03DE4F836FF2DC0F8501F4DFB802168ECBC9F132
F217F3F0516B4F2B353FBB8F2DD78D86C5B30812;comprimé pelliculé;1;périndopril;1;05DB54EA4D19F8514F360ADD7270F2C61CFE4CF4
2429FE9F08C6CFB88619E43F6BDDA718AAAC5202;granulés;0;0
3EED733221BC6FBBE00304C47E5C792915582B5D;comprimé à sucer;1;calcium élément;0
C7277CD11225536C5153049648D2F0E851FA60C5;comprimé pelliculé;0;0
729928DBB0B3C0FF17357062A19B77F92246DCC2;comprimé pelliculé;0;0
4446D833A72373AF89E489FFC93EC7C3FFD8B30E;solution à diluer pour perfusion;0;0
925F042435BD5901D346FD71B6AB6A1081197C43;solution à diluer pour perfusion;0;0
50E7097F174812173BA22E849B2C012C6F5C3F8B;comprimé;0;0
7B3BBBD93584FF7CD5757088561D77E7880A0D6B;comprimé pelliculé;0;0
5943E2B13CA9F23826CC1B4C74C5075F90BDDAC8;comprimé;0;0
F0E05367EC1A32A79D21CD2A1CBF18C9C3FAEDD9;comprimé pelliculé sécable;0;0
A3864554502CE2148A17968775FC627B7E7AE15E;gélule;1;dabrafénib;1;B3F9E23AB713578824E47C81E249216DD2465918
684072CCCCE92EBE2EE573B198B48236927BEDD4;solution injectable;1;chlorhydrate de lidocaïne anhydre;1;E10BFB482AD06898D4B3CACD401C49FB2EAAB115
978F025D4118451CF8763DE60CECEDB6937D16CC;comprimé;0;0
112B5262C45BCF0ABA47154CAC35319C0FC658F3;ovule;0;0
D89CFB5C7A9CD35E8FB4D302283C8FF3709BBD3C;comprimé à croquer;1;montélukast;1;D3D485D4B3EC432EAB0895D113F3ABB463F562AE
B2151444B3269F4AEBF69C6A7368B5B048D2FA51;solution pour application;0;0
0D205EB65B33FA6AC057A9E2A23DE6D83C9E003D;collyre;0;0
0DEAA6CE22EE4AB622EF666AFDD68D2991C46F0C;comprimé et solution(s) et granules et poudre et pommade;0;0
5ABC235D53A7243C7CA992E2A0A06AD75A2CD59D;comprimé pelliculé sécable;0;0
CBE13979113906A37BB272B6385382D5FF51EDA7;comprimé enrobé;0;0
000B947B8C2509AFDA93E43A57D88D210CDB359E;gélule;0;0
51FAB10B4F9EDB53486B13EB215D837ED634A22B;capsule;0;0
400C6FC7FC50F376830A1EBDB7012EEE6E1BD213;gélule à libération prolongée;0;0
382130CD2EDC94C87A617F427CD92CF05BAAB00A;solution injectable;1;bétaméthasone;1;A4DDEC7FF6DF313918BE353E99456EA089B048C6
8FC3C92BBBB83BFD810D30AD7AF1C949FE0C1678;solution pour perfusion;0;0
CDF3230F8303E872E3A2FF82257EE183FF1CDC78;comprimé pelliculé;1;clopidogrel;1;75451ACB4C93FC0617BD337EC6378ED2BD84022A
1519732B130CBB9D16626E531E56B3D4C6743374;comprimé;1;carbidopa anhydre;0
55921F3360A8394398C4CC9E05CD8E13BB7B11D8;solution buvable;0;0
2B8265F4E2EE911F065C030ABF1B3E3F8ED50FB1;comprimé pelliculé sécable;0;0
70097B510A3907140D1E69FCE895DD646A7AE044;comprimé et solution(s) et granules et poudre et pommade;0;0
306330B7AA748323C849DBE6D63EFF48EA91CFDC;comprimé gastro-résistant(e);1;pantoprazole;1;001D5879A5FD8C730953ED04A8F7DAF7CDED5244
342D62B84B182137124443A252FA8A797ADD9012;comprimé pelliculé;0;0
93394C77BB6E86C9F6BA5F2A1C2CAB07B8CE6D8F;comprimé pelliculé à libération prolongée;1;ropinirole;1;71C0AEEB20F0E1D1B2971D6B34B3359756691CC3
25679A0EC0B56244A2488C1FF276980420ADC00B;comprimé;0;0
209024B9919CC07B504A3E66E7B52A74D08CF313;suspension injectable;0;0
1CA808D10D911786EF60CF47BDF62C022B189E19;solution pour application;0;0
4312694E96BFE77ADECBA94DBE172BBCACEB49F3;suspension injectable;0;0
4148A561A781ABEB38782444C87090F720A5229F;comprimé et solution(s) et granules et poudre et pommade;0;0
D5D1ACC0C7A031E44A6DCCB8111ACE5893680BB2;solution injectable;0;0
7BB557751AD9DDAEBBFA3F05EC6DD322A38A636E;comprimé pelliculé;0;0
E22A29878A98635934EA219A77B281E63D17320E;comprimé et  comprimé;0;0
14D34F9B9553DCED2C98DF48CEAEAA66218ABF04;comprimé pelliculé;0;0
EC7CB4F2AFC7BA246F1DD3D4965A9B84809C7D4D;comprimé sécable;0;0
B95B173DF810C4A92EAA77C981CE1A7DF4D72DF7;gélule;0;0
8DD9D2C1150DFA1AFB52BEC49385FEED504014A8;gélule;0;0
7669DD731A287178198B1FE29B47161FFC0DA7DA;crème;0;0
988AD53CBC62F02E5E9B967F3B80996F64E94340;dispositif;0;0
6601123EB95E2AABEEF8A857D4D820FB1C29C9C0;gélule à libération prolongée;1;venlafaxine;1;B53EA91F1F4CD3EF9D903C63C420D3419C8E6A5C
495CED19C532AB7ED9B67B9554F14021951A18CB;solution pour perfusion;0;0
6E029CA1B4DE541BE3498E4F37D2661B475FFB51;solution injectable pour perfusion;1;cisatracurium;1;D6309730C61FB03D52BD73AA69969AB16565715D
2461155794A94867ED61517E67D10EC49724646E;gélule à libération prolongée;1;galantamine;1;143816DDABD9680F8A65609A835F90FF0289FF89
BCC4A0D94BC9388E8B60428D1FC27A89DD04AF0B;comprimé effervescent(e);1;ranitidine base;1;EEE926AEAFD7692185B29E4CA6DF4FB27AA447A8
7E3EE61AD0920F42808030A68A7470ADA2BE8E22;comprimé orodispersible;1;donépézil base;1;AB450E503D001798094D936732E7F1475D8BE63E
F843FD3C54FBAE60D222CAC5CE924E7D35DEEE65;comprimé enrobé;1;céfuroxime;1;7108C5D97E5D74B0429FD6C9CA12C2F55FA4A91D
7C6D41037B57C475A1BD515033CB591EEA5A1948;solution injectable;1;adrénaline;1;E89880964777F322A397356CE36F99747E50E1B2
E93A1A672F4EBAD423D44E53AFF1E840BC89FFB3;comprimé;1;acide alendronique;1;795C5D7F6B8B4ACEF0F6CCDB89B9D9BA0665FFF1
0F31910C172F19C961B6C64F66486205B7AF7D49;pâte pour application;0;0
1103A1FA98F91814D09F0FDF88DEF30E9366325F;comprimé pelliculé sécable;1;escitalopram;1;906F64B25232C6480E33190AD3D709BCC4A7DD9E
AAC88BB3955DF87C9131B3AD60F481AFD367EF08;pâte dentifrice;0;0
27B5E9B631C647BCAC90892D2188B5CE7CBDAF5A;comprimé;0;0
1F681E2E35815CB2C029769D1A1391F3063C2E63;comprimé;0;0
C728B6720C82D69F88AD30010C28422CB2EEB993;solution injectable;0;0
CA61AA87E865AFF1C5E249E5F4ECA674C90A44B2;comprimé sécable;0;0
B106365BE158B8C02A54AF4EE65874BCA091F7A1;capsule molle;1;lopéramide base;1;6F12C4FAF5AC44A4C6E333FD800E32F99DE612CB
41268C8429BA7B4758AD755ED0DB6DFD9A0483C4;comprimé pelliculé;0;0
6A18729ECB7FDF00670093E03505EACD3FEF736E;comprimé;0;0
9988EB02E139669589F45AEB86C20750C2443486;solution injectable pour perfusion;0;0
6391A853879828F6CAE48CD1AA1A37274D99A063;comprimé pelliculé;1;dexkétoprofène;0
F4DE141CA1C1804B42B10D2A16868B2BBDDD69FA;gélule;1;sertraline base;1;69A23F4965DF53F0BC4E9D221083A8A4F6AC0D15
A557CB78941B3AC12AAECDDAEEDA97060EB4D10D;comprimé pelliculé;0;0
2618A59F7868D5464480AC3527970F349EAC9137;comprimé;1;tamoxifène base;1;D91863770CFFB96C9782C1BC53026B240E5AD951
EBC65BA471A7D6CB9E223C8712EFDAE1A7EDD0BC;comprimé et solution(s) et granules et poudre;0;0
4118D973D7E7DD9D3E717F44321ECFD5C7266C4B;comprimé pelliculé;0;0
57E30D854B75CCA981B788146AB4540CF8AD112E;collyre en solution;0;0
98374CBF9A623DAA839D9A1CD68D8B3469D3539D;suspension buvable;1;magaldrate anhydre;1;25C32ED4FFC0EF3DC14DF23FBE37AC19906238FC
9C40AE1835B8467E27AE2A4CD016ABFFAA5D62D5;gel;0;0
6E3108315F5C89792138B1BDA38B1D36078B9375;comprimé sécable;0;0
A1B23518BFEC8F3E01BDCB37556CC6570A31224C;comprimé sécable;0;0
850607690210534A4AF9AC4CF7A76B1A6DBF0CDC;comprimé pelliculé;0;0
3CEF090841C1736BA8B1238BAF597E7B327EB47D;solution injectable;0;0
2B2BC5EF4CAD507BAEF8D5D542B0FDC2889846A7;solution pour préparation injectable;0;0
9FAF00EFB80CD2AF9D9767028E2BB1CECCC47E4B;solution injectable;0;0
E98B1CBC562FB38BB67C9BDD5DFAFD1131888CE7;solution injectable;1;glatiramère;1;355778A2FCE519BBD44BCF755CE480EAE797ABD4
475FC0C010B33AA6FB44D62D839F3DE1191FEE5E;solution injectable pour perfusion;1;dexkétoprofène;1;7F3FC96B0F891E6DD48BAAFB2AC73A73D035844F
AF7318A926EA0D7D013EA47FBFF277217BE126CE;comprimé sécable;0;0
B95FE871F0906A9DCB3A25D6C5E0688CDAFE8854;solution buvable;0;0
774D669D5025529FE324078BA59F9BF77C3FBDD2;comprimé orodispersible;0;0
9A2FD5F90B02C19BF03A53C227FB5477E2075C62;solution buvable en gouttes;0;0
A7F2D5CFE8A122D853A74361E3F191C2F3E7A566;comprimé pelliculé;0;0
372C2FE7111A05D8601A47FF8A00062A2EDEA4F4;collyre;0;0
E6197F9E65D715465515EEA42EDBBE3A382B528F;capsule molle;1;lévothyroxine sodique anhydre;1;2465F5E39BD6492D2E16EEF1A557B6D2ACA35A96
F8C9789A87AF763C249153C0D417959A89B897D4;comprimé pelliculé sécable;1;paroxétine base;1;619B36CE93338BE18F1A49DD8E653D2F783D4D0E
CA1D1EED29505594F057A25BB51A88CA627C961B;comprimé;0;0
1E7B62F833E9C1C527F8C45540CE7815965B8781;comprimé;0;0
C1CBA96EBBFA86AF0B9FD4546B94EE05EB41A4A2;comprimé gastro-résistant(e);0;0
C41EB786DD9D7C59BA47836D504E6493262CE90C;solution injectable;0;0
A8091A1373ADE5416B45752B42ACEE5EA613A77C;comprimé à libération prolongée;1;tramadol;1;EE949AB07CF643966E6C5F2D7A6434EC57C9E550
BDF33F6D6D572AC99A43C69F83BB4A6D12BC3473;pommade;0;0
0BA5B3CE3034837050CFF7386DB903DEFBCFBBEC;comprimé;2;amlodipine;périndopril;0
EFA2B1BFAA37806C60E4896D57BBDDF56D1B7225;gélule;0;0
0570E267DC745AE69D1A3BB65FBFFAC72F954AE5;comprimé et solution(s) et granules et poudre et pommade;0;0
AEBCB82906A2D5006B4B28E48B415DBAEDA7B4F1;comprimé pelliculé;1;tramadol;0
D81F8B1D3773D9836ADF74B7BEDFFD45D3B93759;comprimé pelliculé sécable;0;0
708F51995F7FCCD247C95B07CB7326584E3B0224;solution injectable;0;0
E720FCD0866C44F1069F2554D6BE5BF18F5B5E8F;comprimé pelliculé;0;0
A788BA891A6E78CDAF9E8D70364F8809C9DCC186;solution injectable;0;0
FDD4E1EED47C836886B2D1BF77CFC71A844C6E44;comprimé pelliculé;1;tiagabine anhydre;1;CE720CEF311919261339DDCB13E5F226209D8884
7F9856B5481ECAC4DCE62A8C870B519A8CC4EF4E;comprimé pelliculé sécable;1;escitalopram;1;6208358F7D78FE415E89F26F0CA141B65EDAC197
8770A452BDB2DC05978F669D53956A6B51261192;gélule;0;0
19FE7D3AD076241F1D17DFE39E11092607C550C3;comprimé pelliculé;1;atorvastatine;1;48DB6F619097B7CEE5AAF8CFC3927F1B70A126DA
B77A001E0ADF539455DD8531BACD7CF720BC4C2B;poudre pour solution pour perfusion;1;fosfomycine;1;DFFFB9A2E79DBCA130CCAF20AA598A080C4A4511
AC4CE78DBF83ABB677435762B1D0BB880D4404CB;gélule à libération prolongée;0;0
74ED5B74A768295B04B184E68FA6E9B2C749B286;comprimé gastro-résistant(e);1;pantoprazole;1;6CBAFCDE1810409CE06844D130DF24D494C93AD8
F8CC18796AF028318D405B9C42DBF70F58ECA901;gel;0;0
505BE66C3D5038C075F71A974CC30C50FDDE8FD7;poudre pour solution injectable;0;0
BA44AD071161E22ACF1333309776CF9EE187D037;comprimé pelliculé sécable;0;0
B87D5A77DE2CE78977271091F49FD3300F6426BB;collyre en solution;0;0
C3F130F082F601DAEC487ACD11E8508CD979955B;comprimé pelliculé sécable;0;0
9E8B6CE783BF9CE9C0E02635F6E3CA1B99DC2739;comprimé enrobé;0;0
FCDF1196AF158A69E65F9940E798F50AE7C9A539;comprimé et solution(s) et granules et poudre et pommade;0;0
B965BF62F98965AED20AC8017311DDC87E50DB65;comprimé pelliculé;0;0
819A1D01BD81AA601260449BFFB610D0CA369A8F;comprimé orodispersible;0;0
2F75AF4F2BF7EF0338FFCD36EC39EA62FB30A6DE;solution pour perfusion;0;0
2F2A3D2846573FB81E468938F874D448D85D1AA5;comprimé;0;0
BBE32326AD3D6A32F20703129CC23E851612537E;comprimé pelliculé;0;0
94328311A6C70FF9976744B49CBDE2E73030539A;comprimé pelliculé;1;céfixime anhydre;1;243E6681BD2D39AC3BA644BC7748AB0A831419CD
8D22605296AC5AAA0D50CA7C1055B7BD161E99A2;comprimé sécable;0;0
C6CFA59BFC256D96FD512FD555E6F730918A8481;gélule à libération prolongée;1;venlafaxine;1;C12226212A91F971342CB57C17FF87269E9479B9
DEFD3EDB50911E1FCE0CF321F427876CAD83B984;gel;0;0
61CE95883614E77DBE651CE7DF62BD38DEDD6FE6;comprimé pelliculé;1;périndopril;1;E706D5416ECEBA595E4D63DE59EB116BE52DA30E
5DB82E83DE073F8448DC7289C85BA06EB2673E85;poudre et  solvant pour solution injectable;1;époprosténol;1;3019176A1EAC43053F5927ACD69D6CEDA705FC7B
02E79E084807BDAD4AACD9F9D9F9C4AB1AF2DBDA;poudre pour usage parentéral;0;0
66FBBF4F34E8050B8D1EE97734813232F8F5BD90;comprimé;0;0
2F4C917B6EFE65139C92261BD73EADC5FF73E360;granules;0;0
A3B3127792EFCA65D3C7FE31D1F56D64B138C847;pommade;0;0
83E296C015A2379933FAF5E1FB49DDA822D93E95;poudre pour solution pour perfusion;1;gemcitabine;1;FA27F0D7478A62752CE8100DFAE5065F0A718CBF
D3E6B8A6D5E91FC613D59A768521C4CAC8DF9FCF;solution à diluer pour perfusion;1;pamidronique (acide);1;33CB30BB67583CD24046FAA4BF3FE4B448777BE6
8E01ADB062E40F72C68238522D64C6D3922B8376;poudre et  solvant pour suspension injectable;0;0
23F41AF1049F584251584542A69F50E2160B795F;comprimé sécable;0;0
344F38144ADFD3CDDBE4517B74BA605D30EA6EC3;solution injectable;0;0
74EEFB62FAEBB228EA068DEB7B7289E9D5FD3F9A;comprimé;0;0
A30062F71077182B4EA16D69D3591946E5DB7321;collyre;1;bétaxolol base;1;497D2A2C08F2F8FBB2A44E1731B65FC4D42F57E9
E1D22042D43AC392FB3BF31642F65A491080501F;comprimé pelliculé;1;tapentadol;1;9F2A78771869B7A3ADE3985D40C9724332E93661
812854E363B1F3673CDD7840C150398ACE5FDF21;capsule molle;0;0
66830E38CC21E44EB3E7AF13432DD1FD9F00FDBE;solution buvable;1;ketotifène base;1;C4188F2C64DA177692A8287DABB93885628B9397
4ACA2FEBAEE29BEC3D6845FD5D3F50CCF233AA91;gélule;0;0
756DF3B0E09ED588408708C49BC3AC5581804C17;comprimé pelliculé;0;0
95EF003C529C5F9A696E728CD08D03E794A83480;solution injectable;0;0
BE20CBAE33AEE823DB1C8B0DB6B9F2080AF2F4C9;solution injectable;0;0
07D77F97D42EB59EC526475D671B0F7E5169037E;comprimé pelliculé;0;0
D294F915315EA8B65B40EE9EFE396F2CA053C817;poudre pour solution injectable;1;pipéracilline;1;F349E3856ADB32B97DAAA4BAB0E28CB6AC829A08
16A73B75C820B34BA07264D7739FA5C16FA8EFF7;comprimé à libération prolongée;1;ropinirole;1;3BF1767A12547ABF70C3A797B2B73C395492B7A1
6E06AD06EAAB479CA6C6623C2FD118DCAE53F1D1;comprimé sécable;0;0
79327B367107054A3BE97C5F3A374DFB4027F366;comprimé pelliculé sécable;1;escitalopram;1;C07C389BF9A89B75DD9A3FFACEC84EE2311E911B
2C899D85863438DD25E6DDDC06F9D55DBFB0B759;trousse et  trousse pour préparation radiopharmaceutique pour injection;0;0
0F4E0CAF8812847A2D7A0BD0A5135F5560376F02;comprimé pelliculé;0;0
9E0AC897D4C985C7D496B0B98059C8F07A3CB716;gélule;1;oxycodone;1;1E9460224F1B42561245F4AEEAEF0421BE367F0C
69F23E3E105F8811D5F15FF3AB9C67BC293FE844;granules et  poudre et  solution en gouttes en gouttes;0;0
A943633B03AB37632C9A21A74CD336FA3990F62E;solution injectable;0;0
A775990E76A348E4B632D31FED36B704D0739CEA;solution pour perfusion;0;0
72EEE227449B3C7E44F2F911135E93D709A2DADA;gélule;0;0
E901F78E2933D6FEE012B5BEC6212A1421D72C11;comprimé et solution(s) et granules et poudre et pommade;0;0
F909009812563E68961F63AFF16208CA708B3C88;comprimé;0;0
0A34DA07020BEEA598DEB6F07799C53D7363A7AC;comprimé;1;périndopril;1;0792C02E65F6BBA892CBB28D6FD32917D396AB3F
867CE20696EFDC9E9DF172FE8F0D34DF705CD301;poudre et  solvant pour suspension injectable;0;0
9D0F4EA54F8BD1C0D95300260CBE49FF83DFB72F;comprimé pelliculé sécable;0;0
93CC0A49F7E45D3E97578A6E341D4FEB054864FD;gélule;0;0
39EC1E4207D0A8D7761FDB424D1ECF5374E254ED;pommade;0;0
47A30D593E7787E8FF8B12C7BB4F6493B5A0DD6D;solution pour application;0;0
516A563F463F28A75C05E94066585E5002362E87;granules et  solution en gouttes en gouttes;0;0
AEC9464F306DE16CC1DBE9587598F7B8D81DBAAF;comprimé dispersible ou à croquer;0;0
678B856697A57B9672623E44CFA799D8F9A18C82;comprimé;0;0
A2C190975639E02D9CD13AEA7E9ADB9D0E45B0B1;comprimé pelliculé sécable;1;paroxétine base;1;DDE2F6BD6B817CEF44ADFDB78E19C28D5C7ADA75
ACC006E83300F305EB3A53B7172ACF37D60B5DD4;granulés;1;montélukast;1;A3B2BA79D398036BD1FC86D0142A3753C0150514
AFA5815529EF67F320BEAF539FC98BBDEF930C7E;comprimé pelliculé;1;bêta-estradiol;1;AC29F33BFBAEB7847640A2C7011219CD85EF84C2
25E779FB131B7C50FF58644AA95699C661B28AF7;comprimé;0;0
4613F684016F2921BC937D37F71F629EF5C7FFD0;comprimé à libération prolongée;0;0
85DDDAA78676293483A8677A0A15D550571A4E23;solution pour perfusion;0;0
224A002B14D77120B2CF19E1D42A0B7F2F715623;comprimé sécable;0;0
DBC98C2AA22BB2E805709676D89B9FBC4236B453;dispositif;0;0
B7161B538A0D39FBDFAB2B0DD33451DD2FEDB05F;solution buvable;0;0
B4812DD77CA1BA00C51981C0DDE9E6B07DC154C7;suspension pour inhalation par nébuliseur;0;0
AA51F6D9FEB6CB8A513F2427CFA60F5ABA7BCD6C;comprimé pelliculé;0;0
A2CBD3141176A76DA231EAB57D1D72845A3D0084;comprimé pelliculé;1;escitalopram;1;4E675BB40A7691BE95D87E3A02302DABFE46A78F
5F3E87E3EF7DFA550F26E5ECC862A78AED8A59F5;comprimé enrobé;0;0
28014C3C5A4FE626B0638A7E940F75F9F09285FD;comprimé enrobé;0;0
532ED89CF03CFA86D86F41844D21500A2DECA2B9;solution pour inhalation par nébuliseur;1;bromure d'ipratropium anhydre;1;3B1BAC8F7182FD29CA4B953654CDC4462441C3D0
1E097533D1C503D4536489143189C4CB11857CB2;comprimé dispersible;1;josamycine base;1;56F16139ABC8B66E498D9B49D21044C437B0BB49
4D2445FEB7BDAC2029AD78206A2CC6912D8919C9;comprimé pelliculé;0;0
1C588FF71330460F63681F31F3FC70A22528711A;gélule à libération prolongée;1;venlafaxine;1;27479F7BE2662C4EFF5292B4B8279D515147B364
82E7A44B2857632896A21EA0024B98CD1C0EF168;gélule;0;0
FF564E696DD27F600F3702F1F22F2B13AC927F9A;comprimé pelliculé;0;0
8F7508E97C66A1A955B112FB2E55219CA95A0C7B;suppositoire;0;0
C9B1C01579664BADE50352052388E79DA124BF29;comprimé;0;0
1E96E26FC23531AF95494DEBF8BC8A579233BE2C;gélule;0;0
5778A7F3A01E8C311B42B4D75819696C0E6BAE56;capsule molle;1;fenticonazole base;1;0E2934A437344BBE8960FF7E252B3D1A8A330C13
525825B4C08A8265BAB5F0E421E0A13B7D95FFD7;comprimé pelliculé;0;0
136B5D51E269B031D96C36564EA265CD2B43C179;crème;0;0
15B8AFDCE9E4BD5A53558ADD9DC5E7E3188D7D2D;comprimé pelliculé à libération prolongée;0;0
C58CAF3DAFEF9EC6B23DC02704D4237457A797B5;poudre pour suspension buvable en pot;0;0
9F0B912E4AC1350A1B7BA29E15567A3781CB0828;solution injectable;0;0
E10AC25838772C1E703485EEF7CE002D1A7AEFA9;poudre et  solvant pour solution injectable;0;0
CC0BB60861C4EE11DF66DF8E7FF10B34AAE06586;comprimé pelliculé;0;0
41C66715AD1F2A5CCDF2C449870252E54AB47565;solution injectable;0;0
5CBCB275789CA640E0FD4983C7752FBC047D324E;mousse pour application;0;0
2773D59BB465E23270C90EB5D4AF41D12A69DF80;comprimé enrobé;1;bamifylline base;1;34461F3CE461662637399BC4360A37C5EA8E6A3B
726EE90740C5BCCD23DD64F1D41BDFBEB98E9589;comprimé pelliculé;1;amlodipine;0
5EFD8808946D7B2F21D4B36B2671D082F3918BC0;comprimé pelliculé;0;0
BDF5A8325005F8A568BD019EE8A3E13A36829630;poudre pour solution à diluer pour perfusion;1;caspofungine base;1;1C92824F1ABF5E12651B2BE9EC1CDD548E58A4C2
2697DA03E019420D3054156AA0FCEA3DC6EF8144;solution à diluer pour perfusion;1;mitoxantrone base;1;E5B395AA3CB37BDA994CB3CED3C78B8F6DA2A2BB
A652D098798B747CD72E58DCF7B1DF18E41BD2D7;poudre pour solution pour perfusion;1;vancomycine base;1;EA583AC13EA479AF581A966BDAD8397CB07D7E7E
7207D97CF097EF93C951F7004D26BBAB68CFCF44;comprimé pour suspension buvable;1;rétinol;0
16064EDBBBCE8552500F67DE2042F55F1A87928E;comprimé sécable;0;0
1453786A50FB013F2FDEB5537C4C27B739023998;comprimé pelliculé;0;0
0643A12DF01426AFC003CF57331929C146B0E5E1;comprimé sécable à libération modifiée;0;0
E4909120C75AB62192ABEE13C8BEE8B89A837445;comprimé pelliculé;0;0
290F3B5F69CF1C01F7FC9B687A2556EA721C3668;comprimé pelliculé;0;0
BF9E5A87CCD0A282802D260B3C21FDDCA1FEFB4B;comprimé pelliculé;1;saquinavir;1;984328B1668F8329B40DBBEBC745FA256FE39369
2B45982883F821D52583FAF1F88FBC8024C1AE43;gélule à libération prolongée;0;0
C1D974CB243F1B51C82ACAFF84ADA431D03BFB2E;solution;0;0
2D8A5B163F420EF5AEBD5798FD22A901E4F872EA;comprimé pelliculé sécable;0;0
188047FE74752B57DFCDD0164738EF2416AC3D9F;comprimé pelliculé;0;0
8FA88823B0BACBFB18E4166F35E1731096C64901;solution pour perfusion;1;fer;1;6DF539431124B85C624735D278966D01E6838FCB
EF506E7314456B339AC9A49785FAE1AACB3E52B2;collyre en solution;0;0
BED9EF675B990BE03A7ED23B2AC8CD0DDDCDDA3A;crème;0;0
355378F85E53B75A08B2C6B5B111BC9C1D2BD030;comprimé pelliculé;0;0
6E13CE7CBF33F1F8994A4F8D229A257D0088DEB3;comprimé effervescent(e);1;ranitidine base;1;9724D155FB1DA5C2D5C2E3E411CDEEC56F72BCB4
D78AB480F7E31D5BD0C1D52C79C3D4CDCA63D917;comprimé pelliculé;0;0
58662585D07A16C682D4625B3BEB535483FB4CFA;comprimé sécable;0;0
D155E73203D96262FFB2D3D324B872BECFADA5C0;solution buvable;0;0
373A16DD5ADDCA08AE4DE59FDF562DBE091A47B1;comprimé gastro-résistant(e);1;pantoprazole;1;2A92EE351A3568C4A4D8B0C68BC667A4B5666AE7
A8681EFED1B35AD9469F091BC301ED29DDB37013;comprimé sécable;0;0
C1A47D64581523BEB22302C5C1F538FD11BAD765;solution injectable;0;0
492084A1B1A345599306810E0BABC9E14527A0D8;solution injectable;0;0
44166A43E763401ECB8D33F7BADFEA6991134E9D;solution buvable;0;0
07EF15FC414576C86C14095B0BF4ADE977D65FAF;comprimé pelliculé;0;0
6675FD4215B17AF350F1B406D574ECCE1491DC64;poudre et  solvant pour solution injectable;1;ceftriaxone base;1;25DFD983B9EB9A1D3B8AAC50E6A3E918AE19C7E0
8C0429E60E55DD38C1B02C1D409C478E6B0CCF96;comprimé;0;0
73705F5C1A8A3C8F5D4804B34AADA0FD12293D0B;comprimé sécable;0;0
70C5A334C4DFE378DDD933BA46C9C1C1CEA91E8E;comprimé pelliculé sécable;0;0
5413E4648FA7ABAD3131A018415E54A14AF933C3;solution injectable;0;0
D1B895080F3EC0A827915BB21CEA2082E1EBC7E0;collyre en solution;0;0
D8F4919215E3FD75C341FCCE695EAAA42CECD805;comprimé;0;0
90E4EA21C63E72CCEBF61287898FEC4D95056B7B;poudre pour suspension buvable;0;0
94F44B9B708C8B617E8DD1A2B6746569C3E943C2;poudre et  solvant pour solution injectable;0;0
8B83B045E1423534DAE37D595182F7F8A840146C;gélule;0;0
E5CF2B1508E5DAE80069C49160B1E4FE68BCEF92;gélule;0;0
ED78D4BE95A7F1D6615A525A775995C2A5234493;comprimé;1;rasagiline;1;2B9652B8B87EB3ACB157E44D1293A45E948E3F53
901629F71121E65F3B9D7E11714A6CD1D1276FE1;solution injectable;0;0
C184457CD6523FACCDC3A012BFDD9B9675B69309;gel;0;0
A50AC10F52555BBB296AA550355C862EC16DDF35;comprimé pelliculé;2;amoxicilline anhydre;clavulanique (acide);0
70043485C893636627EBE8A1248D2E6E7210F1BF;solution injectable;1;oxycodone;1;DB58C390E18D4CA65F14C0094B6159D52D194002
CA7CFFD15E49AF0A63C6B301858E86CB309B3C7C;comprimé effervescent(e);0;0
636FBC8DB3238CB31B61F341E39BD53413334979;gélule;0;0
178BE6044E600313F768818260A710D969AB400C;comprimé pelliculé;1;calcium élément;1;EBC81AD2F7CFCA916ED8A4C3E4A3139CB105D090
945D504A4830977AA365CEA8BDCBFBF33E98DB92;solution à diluer pour perfusion;0;0
6419692B131ADFD74D3EA68DD99F844D37AFA7F5;comprimé pelliculé;0;0
7905ED4BB0A3A3AD302FCF2F972FB4A8629985A9;poudre et  solvant pour solution injectable;0;0
ED593734D8C066BF9A7DC36A34B97E7A11281A98;solution pour application;0;0
E5887F4516386AB38002503A34330079C28F4CAF;gélule;0;0
421793036ECDBCF5CD1E8DA46871228CA4ABF090;comprimé pelliculé;0;0
0E86C0DB0E14F5691290DE633AF84ECEF59CC746;solution pour dialyse péritonéale;2;lactate de sodium anhydre;glucose anhydre;0
9E71C70EE91869BCC9537B38521FFB3A3CE952A0;collyre;0;0
CED4BF9369A5120181E8E7F1A31463957B1688FE;capsule molle;0;0
48C80357BC569D5090DFAA1D69EF0F34676477BA;comprimé pelliculé;1;périndopril;0
F1F43A7B5BC75CB438688FBF491155DA50D860B9;mélange de plantes pour tisane;0;0
46F4BF6EC0074D4142155F9B509F5485F755427E;solution à diluer pour perfusion;0;0
ABF81BF013B941BD79CBF90A62E0CAE1BB72E544;comprimé et solution(s) et granules et poudre et pommade;0;0
357048C418BDA861C9991D5B8CFEC753140F87E8;comprimé pelliculé sécable;1;ciprofloxacine;1;665C81647E75F8C3C47A0B5243B2435AB2923577
9DA9F5F498F334ACA9C48EF89EC1FB75513FCC3E;comprimé;0;0
F5D4DDF512310DB14A4AD9F3186F8A53C8804BFB;solution pour perfusion;2;glucose anhydre;lysine;0
5F50D9E1B60AB83F1371DC554B79A416748F8AF0;comprimé et  comprimé;0;0
52BF74DCD0675B0F516FB1DD5578698ACCBCF30E;comprimé pelliculé sécable;0;0
E87D9107053DA72CC83315E09454063FFAA7BD56;solution à diluer pour perfusion;0;0
9BD77F73F62980E1140321E5345AC04DCE0A93E4;gélule;0;0
032C7E47B54413062D4FBEBDAFABFBE87ACE5AB7;crème;0;0
6358D35537C3493B3C8892C148002A98BF04DB57;comprimé enrobé;1;péfloxacine;1;0E9FED2247ECD4B71B51D827F6EA4F795947CAFA
5B57B5E04BDC6271195CB70F4ED2ACB19C4847F9;poudre pour solution à diluer pour perfusion;1;topotécane;1;99B822852D4BA431075F658A278A03E561610D7F
6F92D9F69523BAC19467DC97580B539559783F7D;comprimé pelliculé sécable;1;mémantine;1;6D6E2035AC3B63FA340DD4999866ECDA058A3314
6F4EB8EBAA957B27B651ECB90519155376566F3A;suppositoire;0;0
D1D92A0DD04139A008B3C19B58A117BF903633D7;comprimé sécable;0;0
0AF8AA88BD48448A725B776A8F58F14683CFFAA7;poudre pour solution pour perfusion;0;0
1F9C738D73DF0963078B5695CFAA615190CF2349;suspension injectable à libération prolongée;1;palipéridone;1;F8AF4985CCF60124B335560741B0E56E69D9C113
4B6667C8421D775DFFAB999CE67C430297EB9491;solution pour inhalation;0;0
434036D72367EBCC55284AE7D2FC2388E523B670;collyre;0;0
42424B1DC2C47E528609D20CB98E53427DE6659E;solution buvable;0;0
5A6D1959CE9AC88417417DDFE502BAAC425E459F;solution injectable;0;0
F7E60DB4BE2AC40EA9E8A1CE4F874418C4D5CE62;comprimé orodispersible;0;0
6973CC85C0D9DE119BD3E927B42C00FC2941BDAE;solution injectable;0;0
D956113253E13073800FC638D4EE481190DAA1D5;gélule;1;fluvastatine;1;6AEFD2D9BBD3EC3ACF9A6911323745B837A8059C
63E8AEC0D0B94322C56BD6D74860F132119B21EC;granules et  solution en gouttes en gouttes;0;0
FBAF6DF415D8C6F1054B29DE89022082D530DA61;gélule;0;0
69B49576E2E998EF3B4B575BF079681BADCF6824;solution pour perfusion;0;0
38EAB35CF4038473AB1AA52249826A70E322B815;comprimé;0;0
F1A01F9A31C655A2FD603D38D012DA6A80638488;solution buvable;0;0
863B62E1691BCF6ACE30D7F9F23A0F1B41A6709E;solution buvable gouttes;1;zuclopenthixol;1;838F48940C707BC5A1C682827E8480D5BB6622E6
0B18E7BEE2A0D85632E4143620D3D863609AC552;comprimé à libération modifiée;1;bazédoxifène;0
C01B005BFC3B1934DD50B370F7A6932EF72C311A;gélule à libération prolongée;0;0
4C370DFF22387CA267A28D9A729C06D5EE1E44E9;gel;0;0
7FF43CD918E69A31DA9D3F8D8D6D837D2FE5D420;comprimé pelliculé;0;0
C2620E6D57E4BBEB283D8835897DD5A7FDA0C6B4;solution à diluer pour perfusion;1;irinotécan;1;342AB6C49406628C3A59BF6BA58899525A539410
238E89A77D23012215B7A7193EA90CBB32D762AC;comprimé pelliculé à libération modifiée;0;0
4BA206CB49FCEC820B82B6D472B98AD1956963DC;comprimé sécable;0;0
E692275D1B01AB87EF9BB1351A16966111AEA46D;comprimé pelliculé;1;magnésium;0
0F31FBE675A3909E44948A13F20171F1A37473E1;comprimé pelliculé;0;0
50C8B0394BE73686C56CD4DC4DC569037E05A0BF;comprimé pelliculé;1;ciprofloxacine;1;67C00A6159A1C41E515CDA80886914AC1AE42A99
4055FB464D31848936BAB39476FBE1BC1344DF43;comprimé;0;0
72B3271A92047899463670F87CF9E695CC1C0A29;comprimé;1;cobalt;1;8D52B66B399F89537C86010B7203B9B7E6C58A09
