92401468E47786731C6A42F5DAD1DBC79DBA9C81;1;chlorhydrate de venlafaxine|  ;VENLAFAXINE MYLAN PHARMA LP;A334A9EFCB232A47CFF6651F9708B913C61D8DC1
70080F549F72216DABBB97A7E2DBA3DD9F65A6E9;1;lactulose|10  g;DUPHALAC
C4AFCD4DBEDC36846AC73F19C5516A08314246D5;1;ipratropium (bromure d') monohydraté|  ;IPRATROPIUM AGUETTANT ADULTES;434ED1A408BAF770A3F0928EE306D312D20DA892
1B21612273DDE4EA746D589349558E07BD7CDB53;1;bimatoprost|0,3  mg;LUMIGAN
21D2DD5EAC0B29AE4F32771285A3CF5B09DC5D0D;1;bromhydrate de dextrométhorphane|30  mg;TUSSIDANE
46EE2B209FBBB95FDD517103E25959139195017B;2;maléate de chlorphénamine|4  mg;paracétamol|500  mg;FERVEXRHUME
0F98A3EAAA8E2E3FD264C36FA32258037EA385E1;1;benzylpénicilline sodique|1 000 000  UI;PENICILLINE G PANPHARMA
B9C3097D96CA4B3ED58E56F8078C26A38FF2C03A;1;tartrate d'adrénaline|1,82  mg;ADRENALINE RENAUDIN;90301026B7AA8F58C8AA2B28EBA5ADB3A44EB9AA
DFF6F7C0C2BC878EDD9961A9DA45744DE82C4A01;1;dichlorhydrate de bétahistine|24  mg;BETAHISTINE TEVA
6803F0C11E88C4675198F0F7841B807E2652528B;1;albumine humaine|200  g;ALBUMINE HUMAINE BAXTER BIOSCIENCE
20092336069D08C0A62CB184BAA705C624494020;1;simvastatine|10,0  mg;SIMVASTATINE SANDOZ
0337E1E7D54DAAEDDDCE5D4D5AEB1A6065DAB576;1;pilocarpine (chlorhydrate de)|1  g;ISOPTO PILOCARPINE
51F83734DC077EE3332753F750994E039F74EF33;1;glimépiride|1  mg;GLIMEPIRIDE EG
829A5322133620D789F274AEF8E67999DB9EDE0B;1;mésilate de dabrafénib|88,88  mg;TAFINLAR;96B1B5C21F7EEC734BA69E6DAF53D602DC2C2605
C3F70D602C300F1C92450869EA69411C2FECF903;1;chlorure de sodium|5,85  g;CHLORURE DE SODIUM PROAMP
3A360082332AE4C2F00773C36F88525EC30FDF63;2;siméticone|300  mg;citrate d'alvérine|60  mg;DOLOSPASMYL
4F46DFBD6CB9C71E57D1CB3F4789A2F1986B6A28;1;capécitabine|500  mg;CAPECITABINE MYLAN
642A6CFC934462EBE9763EA88C3DD257C86F72EE;2;chlorure de zinc|2,50  mg;tétracosactide|1,00  mg;SYNACTHENE RETARD
81431833F6B802CA1623CC62C97D324B7A5F8628;1;propionate de clobétasol|0,05  g;DERMOVAL
3A7A1BBDDDE18E551E7A3173B3F0954F6F9E6B14;1;sodium (cromoglicate de)|2  g;OPTICRON
566AA1D112C2A291E20332E55729841877E7274C;1;charbon activé|162  mg;ARKOGELULES CHARBON VEGETAL
C8B0194C647E9CA8E2B1AA39913D43C50A422E5E;1;mononitrate d'isosorbide|60  mg;MONICOR L.P.
BDC16CFAEAFD227B94D6DCDBD096F46DE6B57117;1;dexkétoprofène trométamol|73,8  mg;KETESSE;A1007CF6A15C522121DCE6B47F4BBFD7AFDF80F5
771C4DD1AD9F0999DF5E1BF18C786146FF59121A;1;asclepias tuberosa pour préparations homéopathiques|3CH à 30CH et 5DH à 60DH (pommade à 4 %)  ;ASCLEPIAS TUBEROSA BOIRON
C6DE7605EA94DC140EA5434975E0D7FEA6C1D39F;1;chlorhydrate de tramadol|200,00  mg;TRAMADOL ARROW L.P.
D20D8F738C9FA5386BC2DF2A79F21D8FD978EEB6;4;anis vert (fruit d') (poudre de)|30,0  mg;séné (feuille de), extrait sec titré de|30,0  mg soit 2,1 mg au minimum quantité exprimée en sennosides B;boldo (feuille de) (poudre de)|50,0  mg;cascara (écorce de) (extrait sec de)|40,0  mg soit 6,4 mg au minimum quantité exprimée en cascaroside A;MUCINUM A L'EXTRAIT DE CASCARA
101B0122EBADB429832941B4965E7AEAD5084FE1;1;eau pour préparations injectables|100  ml;EAU POUR PREPARATIONS INJECTABLES FRESENIUS
1099A6C7A93B5FD9D51C88B77918568EA2E22EC4;1;pantoprazole sodique sesquihydraté|22,55  mg;PANTOPRAZOLE BOUCHARA RECORDATI;168813ECB5083AFB5820FC8C748FC42A6F26941A
661DD35DE2BBBAF792E85889B86C1341D8D95F7D;1;citrate de tamoxifène|30,40  mg;TAMOXIFENE BIOGARAN;6C4B07E4D2ECD7FC93F0731A30EB992D0D800255
179E75D90B151A93AD7E84C9366562B6279D04D5;1;palmier de floride (serenoa repens (w.bartram) small.) (extrait du fruit de)|160  mg;PERMIXON
17F76556895BD437CCAF510AD1E993E7BC595B8F;1;théophylline|400  mg;XANTHIUM L.P.
BF779F0CAEA7D00351CAFE9B8AA8C4E028123698;2;chlorhydrate de tramadol|75  mg;dexkétoprofène trométamol|  ;SKUDEXUM
ECA604EDC98AFB83CB8D8C48F4A31C9FF53F3A2C;1;trinitrine|15,70  mg;EPINITRIL
222DF024FF5B2936F15F4BB28396BC73923A0D9B;1;chlorhydrate de mémantine|10  mg;MEMANTINE ARROW LAB;1752CD99C1B9DD86B94CDF91771F3CBAE595A79D
99951119BB8700D60F7A880D1079907B49DED1BC;1;anastrozole|1,00  mg;ANASTROZOLE ACCORD
1803978B121261DB6644F80816982E2BD4E467AF;1;sodium (phénylbutyrate de)|940  mg;AMMONAPS
0BCF97A713F75C4977F464881B0344D946473712;2;losartan potassique|100  mg;hydrochlorothiazide|25  mg;LOSARTAN HYDROCHLOROTHIAZIDE RANBAXY
BF0A80A013F10F87FCE7C225B70A01309B33FAA2;1;chlorhydrate de paroxétine anhydre|22,2  mg;PAROXETINE RATIOPHARM;CBA13EF5977C86BAE09BFF0BE2BA99AAA358834F
282C010FB428D9EE3C2001AA09A64114CEFA7380;1;strontium [89 sr] (chlorure de)|150 MBq à  la date de calibration;METASTRON
3BDD34F0A8BC8EBAA08B40E7DCD2CC2A1E16F8B9;1;dimenhydrinate|50  mg;NAUSICALM ADULTES
164CC283FA61367EC38E44E6C2A81F5224FEFF4C;1;simvastatine|20  mg;SIMVASTATINE ZYDUS FRANCE
A86B45F5F586528BF78EAA1DE817488485C60EF4;1;pipéracilline sodique|1,042  g;PIPERACILLINE PANPHARMA;E702EFA65A35EC6D71E03BA1D9E0EF1FE6347CE9
306F07AB1EC6E51DD57FDB819E7AEDC9C795F84E;1;hydroxyde de magnésium|90  g;MAGNESIE SAN PELLEGRINO SANS ANIS
8935617F71068A456A97954D822D011E5F93265A;1;riociguat|2  mg;ADEMPAS
6407EB095BA47CDD68AB9CB7C618462279BF6597;1;gliclazide|60  mg;DIAMICRON
8A2C90FBF3174A68BCFEB4F9DB61D76A6E7EF7B0;1;mupirocine|2  g;MUPIROCINE PIERRE FABRE
ABABBE2BFE66B14366DCB9A712B860E8415FACDC;1;gélatine fluide modifiée|4  g;GELOFUSINE
23A4BB10414F29337E72CAC5B005E408A62DFC8D;1;aciclovir|800  mg;ACICLOVIR ARROW
70F492693D1D6D79D3FA4A3943FD94D86D7FE0E4;1;prégabaline|300  mg;LYRICA
4C31E9BE68EB214F72E83526A01D22C3966D45AE;1;tartrate de noradrénaline|0,5  mg;NORADRENALINE
B141098E5E4794CE1CA54FC58E44BB8C44646CF3;1;maléate d'énalapril|20  mg;ENALAPRIL ZENTIVA
F3C19A016573D812481D5E3669B7D259A6804D95;1;glibenclamide|5  mg;GLIBENCLAMIDE TEVA
6D243847BA95247AE12DA1241EA04BB678A6ACA1;1;prednisone|1  mg;CORTANCYL
B6958DB05090C878FEA91564C1F05D172C93FB16;1;paracétamol|1000  mg;EFFERALGAN
9EF922C4A26551F6D9A07706838DDA62F2FB4995;1;pantoprazole sodique sesquihydraté|45,15  mg;PANTOPRAZOLE CRISTERS;81A9903FD9F8665F3AA3DEED99F59C4A12963524
9DD56F2865997C72B26C4054A6B8B54C3501EF61;1;chlorhydrate de céliprolol|200  mg;CELIPROLOL ZENTIVA
DBED00081105DDD934EBDB585481AA2254C311DB;1;ceftriaxone sodique|596,50  mg;CEFTRIAXONE MYLAN;79EF32743E2FAABEEBC6A4CC9E9F4D577D527934
3F2A30E39DFAF87849F5B8F6E3E402F9ADAB4895;1;chlorhydrate de donépézil|5  mg;DONEPEZIL CRISTERS
67C1D44AA150C8E98A2D2939251A1FEEE11C168D;1;zidovudine|200  mg;RETROVIR
A4034590FE6C318A67C976D004DF46CA8820FA10;1;sulfate d'isavuconazonium|327,6  mg;CRESEMBA;628F911A783C84028BB6C8DEA0638E5E1673E91E
3A11042D4D8D4BDB6D70CF9ED3D2BEB42F6D97E9;1;oxalate d'escitalopram|12,78  mg;ESCITALOPRAM MYLAN;5313BE498F0CA37997756C52F823836A8B56DB7D
56E7186D5B5E77DB4200F187B89F95C271DD78A1;1;tosilate de périndopril|10  mg;PERINDOPRIL TOSILATE TEVA;D62938934F4393138CB5824E54CB691E102BEA73
B80E2ED85723E5407865117722C2AAA1E0ED3EC4;1;pulsatilla pour préparations homéopathiques|3CH à 30CH et 6DH à 60DH (pommade à 1 %, 4 % ou 10 %)  ;PULSATILLA LEHNING
A6590D86C25F824A6D0760AABB8B75D87D098611;1;dihydroergotamine (mésilate de)|3  mg;TAMIK
874B3CEE97206E36ABFF0F2AADF1BCE11FDC8827;1;paracétamol|500  mg;PARACETAMOL TEVA
1B7D19D3B07BC89D33DCC53860D489B37C4872EF;2;bésilate d'amlodipine|  ;valsartan|160  mg;EXFORGE
AE2686074CF0D0E9291CDA40A3224D9020852E7C;1;ixékizumab|80  mg;TALTZ
B537515E32F8B585D13FB06E491B2AB129D67A32;1;fosfomycine sodique|  ;FOSFOCINE;5067DECB0C05A83D1CDD4AD27022CBCAC7C32317
45FED71B76575E320E5C10AC13293A94F5194FD5;1;calendula officinalis pour préparations homéopathiques|0,88  g (TM);CREME AU CALENDULA
C42ACCD7D3A501D6BEBEC8BFD0FE4524A0DCE4AA;1;actaea racemosa pour préparations homéopathiques|2CH à 30CH et 4DH à 60DH  ;ACTAEA RACEMOSA FERRIER
FF600F46480BDE55D0A5BC6F53AFE23AD9BE6307;1;complexe d'hydroxyde ferrique - saccharose|540  mg;VENOFER;92852B50C248CE1A2094082DF131634F4F86C874
7964CD7FAB0A0723E0BF4A52704130EA5F220ECC;1;carvédilol|25  mg;CARVEDILOL MYLAN
18AD9AC1EB787D81DCC4496239CE80F03D2EA560;1;chlorhydrate de ropinirole|9,121  mg;ROPINIROLE BIOGARAN LP;5010C7EDC1EDBF644A0BA2B198DA6FD5DED30865
95CAD70375F15312346040C6E447839ED7400863;1;chlorure de sodium|0,09  g;CHLORURE DE SODIUM
1E0FB98C6E049531DFA4530AA9E0E22BFF66981E;1;mésalazine|500  mg;FIVASA
9A2C466A3436846D6F8756EDF7D96CB3EEB69C41;1;heptaminol (chlorhydrate d')|30,5  g;HEPT A MYL
B6172F114D4B671E7E5B28F06FD3BFA1F2DD708B;1;oxcarbazépine|300  mg;OXCARBAZEPINE TEVA
09695A76DBA211D3B65D4472C04E2BECE79F5E68;1;virus de l'hépatite a souche hm175 inactivé adsorbé|720  U;HAVRIX NOURRISSONS ET ENFANTS
713494F84C53BD429DEC95CA565F7A975B500A14;1;chlorhydrate de lidocaïne|10,66  mg;XYLOCAINE;063B18B645A2D9B3A7844583B54AE51BB5ACBA8D
5D0044E2064A25B919AC409A6091F7C2DE2680B3;1;lamotrigine|200  mg;LAMOTRIGINE ARROW LAB
D3D86F3AE6976812019DE444ECFD96F885FCB0FB;1;chlorhydrate de terbinafine|  ;TERBINAFINE BIOGARAN;38A0327168DC51F2C26F5433D5659EF368838E7E
C2E02D476FF6CB64C65AA2BF2C74EA15137C26D3;1;spironolactone|75,00  mg;SPIRONOLACTONE MYLAN
83AF0B8C85C704E589C1E27E2E54612867FD130D;1;chlorhydrate de venlafaxine|  ;VENLAFAXINE ARROW LP;AD34A74DAD437E671CF9E8B600D1D8093A61C133
18EAABC45611FFDB0CDEED8F8920CD4A9FD10BD9;1;irinotécan (chlorhydrate d') trihydraté|20  mg;CAMPTO;6FCF9098E2149D6A03C9281C6A62EF3A13391CF0
12F0DD5F7D79989FBC0FC6CB6D24DEE42A9BC964;1;magnésium (gluconate de) dihydraté|0,220  mg;OLIGOSTIM MAGNESIUM;DC3C7B52A1AF5FEE8C729C16AB81995E588BB27E
56A80BB937F157FD2817B9CECF7EDF6EE6FA7239;1;sulfate de protamine|1 000  Unités Antihéparine;PROTAMINE CHOAY
7362C687B4B47EAC3C07B53F234A977F396E683A;1;chlorhydrate de venlafaxine|  ;VENLAFAXINE EVOLUGEN PHARMA LP;F593F6EE86FFB255EEF95E653C880C33B39465FE
BBF792C0A23FBA1E799FAB9D1A02EFC883D36658;1;pravastatine sodique|10  mg;PRAVASTATINE ARROW
4FDF71085E5FC9E336FE332294AB9E32CBBA99B3;2;captopril|50  mg;hydrochlorothiazide|25  mg;CAPTOPRIL HYDROCHLOROTHIAZIDE ARROW
0FF9164A1076394E022FE66878B6DF46460EF0FB;1;atorvastatine calcique|  ;ATORVASTATINE TEVA SANTE;B4F359AA87C8EB875D7C54633D8857BEF97BD140
7C8C5B9AEBE1803D6A338597D2B883B055B4B381;1;bésilate d'atracurium|25  mg;TRACRIUM
E43C949FD1A9F4E183A1E6CFAB4523985BB6029C;1;ketotifène (fumarate de)|0,0276  g;ZADITEN;6F881DC0CA0AF3E755544CB692327347CE2D6DF6
25222F173B7E7CE43B3CE65AF6F3F69B54937647;1;josamycine (propionate de)|  ;JOSACINE;F46FACDE27DDDB80E194F4A2F38C08039EA8A0E6
D327D3F834E16C4E5A1D2B6430329AF4EB7F0CFE;1;aripiprazole|10  mg;ARIPIPRAZOLE SANDOZ
57D8CA67241BFAF40D20CCA639CE1BF85AD02833;1;chlorhydrate de bamifylline|300  mg;TRENTADIL;1703012C017160CA6DEE796ADE71E5EEF69C055E
3F92EEB989396E02D44435F55D843141BDB60E2A;1;bêta-estradiol hémihydraté|2,06  mg;OROMONE;7789C97AACCE9165C94E94455B193A3918EE5A8F
33342C28F312BCB158062E4D2AB5CEF8566DD4EE;1;céthexonium (bromure de)|0,1  mg;MONOSEPT
EA5720346281222A5A38FB2B42A06E7582DA8E4A;1;dutastéride|0,5  mg;AVODART
03524508422839261B03BD277AA3CF0C7BF94915;1;chlorhydrate de buprénorphine|  ;BUPRENORPHINE ARROW;43F3963D65C28BE3D93E76AB8B3ADA3CEE1C8499
A3018006D50B9BFF56B5582B7EDEB6EA78785F11;1;chlorhydrate de midazolam|  ;BUCCOLAM;6CAAD12C43FCC55B4309E732E0B7A28F9883D95A
4B5F816B91100F41F258D68211F4A876A5529B0D;1;époprosténol sodique|1,593  mg;VELETRI;0783BC0BF3367E3F4985AD258593E0FD6343A787
79151A4DE55C0521BD41968D73A4E02AEEB6A5D5;1;bétaxolol (chlorhydrate de)|0,56  g;BETOPTIC;8DD782C93DBED2D18CBD2718004F33E0C8C20888
06DE34923DD49E7269CA8BBC9235169E0EA63568;1;pantoprazole sodique sesquihydraté|45,1  mg;EUPANTOL;F0C2160424A33246F3FD7BC3031E12485D74AF79
053939237594E09E273D914FC31C717BB018C02A;1;rhododendron ferrugineum pour préparations homéopathiques|2CH à 30CH et 4DH à 60DH  ;RHODODENDRON FERRUGINEUM WELEDA
23CF6CCB6FB7755E16DC8DA0368D0BFE24409A48;1;ranitidine (chlorhydrate de)|  ;RANITIDINE TEVA;A24ED958256DA5D0BFA17531104FAFA569E9D21A
7D213EEDB21271D516637E7AD3803C7A56C213A0;1;chlorhydrate de mitoxantrone|29,10  mg;MITOXANTRONE TEVA;EEFAE3529BA4B3ED9F3EF44FB214108936D7A171
B18A6103EDA7BEB8B8391A886AE87FE4942E2A9B;1;ibuprofène|200  mg;IBUPROFENE NEPENTHES
D568E5BF9E1C9D4E864116B5860AD6C1999A2D8A;2;acétate de bazédoxifène|22,56  mg;estrogènes conjugués|0,45  mg;DUAVIVE
6F3C022F215A27A2A2E676C3B44364E1B391951F;1;olanzapine|10  mg;OLANZAPINE ARROW GENERIQUES
93BAC9D5969DEB2D3A4979937C77EBEA31EA0701;1;ramipril|10  mg;RAMIPRIL SANDOZ
E3A23702F5B3AEC19D3C0598CDDCD02F25D47428;1;toxine botulinique type a|12,5 nanogrammes  ;DYSPORT
95D56615BB2F41458CD4C3552BBE533B3F43D3BC;2;désogestrel|150  microgrammes;éthinylestradiol|20  microgrammes;DESOGESTREL/ETHINYLESTRADIOL EG
000E2DEBA00CFD36D96507D311FAE5AF18711EB6;1;chlorhydrate de ciprofloxacine|  ;UNIFLOX;2EE45C7AF5B126EE8956A08CAAC8C917928911BE
03741572E6EFE3CAF73A57D691A426F9B2F9DFCA;2;acide lactique|16,7  g;acide salicylique|16,7  g;VERRUFILM
7DE253CA414A77582638989163A7B1CB0D094DEB;1;olanzapine|10  mg;OLANZAPINE RANBAXY
B8CB1D8197D7DCE8C6E92B1D8DC7A1BDB9807D13;1;oxygène|q.s. (sous une pression de 10 à 12 bar, à -150 °C)  ;OXYGENE MEDICINAL LIQUIDE SOMAL
22C481CD8065AB33015AEDB760D1C61141540ACB;1;hydrogénosuccinate de doxylamine|15  mg;DOXYLAMINE CRISTERS
A4ACE1B308616B8EDB49950744927634CEBD4813;1;aflibercept|25  mg;ZALTRAP
16B2179B05901F37B2DC93F3AA49A298F7849991;1;cactus grandiflorus pour préparations homéopathiques|2CH à 30CH et 4DH à 60DH (pommade à 1 %, 4 % ou 10 %)  ;CACTUS GRANDIFLORUS LEHNING
653552E9E90404D252C818CF8A7BB266511B254B;1;borax|3CH à 30CH et 5DH à 60DH (pommade à 1 %, 4 % ou 10 %)  ;BORAX LEHNING
A280452194B8D3F0E4DD98571E729B89766C9523;1;dasatinib monohydraté|70  mg;SPRYCEL
C955B37519AE1E6906BA7E8DC110042322C03FCF;1;chlorhydrate de terbinafine|  ;TERBINAFINE ARROW;A3FEB88C39806DBE4FC7BAEC2168669BFE822B9A
C9F9EE88E67182A40D3438561B16F3B175763E4B;1;alpha-1 antitrypsine humaine|33,33  mg;ALFALASTIN
F7C3CB02554B153390785381148E4251DA39F83D;1;lévosimendan|2,5  mg;ZIMINO
388C1DC83265B70A14BCB89AC115E8520CDF5AB9;1;magaldrate|944,5  mg;RIOPAN;C974AED0ECEB33A6B2F3431C08896649C5BBFB9C
C56ECD926A70562BEB9B8F43278EA95E38AD4A25;1;céfuroxime axétil|  ;CEFUROXIME ZENTIVA;C2882870D606C7A7E91C52218C04C38457F42388
2BE1F2064C0A0BE8C2B184BF107A2EAB0B35CF99;1;chlorhydrate d'ambroxol|20  mg;LYSOPAÏNE MAUX DE GORGE AMBROXOL CITRON
757833DB8C5895E98BFEDD677EDC9F94B7859269;1;allopurinol|300  mg;ALLOPURINOL EG
80782A6C27AFBAFCC4123E53C02AF26DE58B54D2;1;tadalafil|10  mg;TADALAFIL EG
D2BC7D557FC7FF3612DECC455C822045026F6CA0;1;benzathine benzylpénicilline|1 200 000  UI;BENZATHINE BENZYLPENICILLINE SANDOZ
FDE80ABE77DCACD589BC42F85D475DE52A09AC71;1;furosémide|40  mg;FUROSEMIDE ARROW
93632E31ED4E034375F8A9019215CA3B94C97A21;1;fluconazole|2  mg;FLUCONAZOLE MACOPHARMA
0477FA73C49FC5370D17D066A97D88ABA02BEE19;1;pipobroman|25  mg;VERCYTE
0FFBD8369DB35260E1453759B2F54F876C466602;1;finastéride|5  mg;FINASTERIDE ACCORD
D56D3AF31CE2D84110771101FA896B72868B4A45;6;cocculus indicus pour préparations homéopathiques|5  mg (8 DH);borax|5  mg (4 DH);argentum nitricum pour préparations homéopathiques|5  mg (6 DH);nux vomica pour préparations homéopathiques|5  mg (4 DH);tabacum pour préparations homéopathiques|5  mg (8 DH);sepia officinalis pour préparations homéopathiques|5  mg (6 DH);FAMENPAX
F2B2F3CAC65DFCE4EB802F5CA8DD19D83CE5E2A8;1;chlorhydrate d'éthambutol|1000  mg;MYAMBUTOL
482BE36BD151EA2D3E45A5145D1A1810132F92AB;1;époétine zêta|4000  UI;RETACRIT
920B768396AA475F37A48CBAC27FBE0578E3AC87;1;ibuprofène|400  mg;IBUPROFENE SANDOZ
78B323A06C49FAC1C1AC1CF84FBF451C3607464E;1;chlorhydrate de tramadol|  ;TRAMADOL EG L.P.;803F6ADC837E7A5809CBF0BB1478C097AF293C97
1129397921AC665218BF2D193C7372F3D2F2DD25;1;lormétazépam|2  mg;LORMETAZEPAM ARROW
633134E0C3AEDDF68789844538444F59980A91EF;2;chlorhydrate de pyridoxine|5  mg;lactate de magnésium dihydraté|470  mg;MAGNESIUM/VITAMINE
579AB3D796B36368777A6C613681CDB958C88E5F;1;prégabaline|200  mg;PREGABALINE TEVA SANTE
2F15B184BBBA7E186573424C2A5B6DC8812A0C07;1;bétamethasone (phosphate de) et de disodium|5,3  mg;BETNESOL;8B73A6295BD15402986B09BFADAFE940A2765D3E
DC1A9A1335B30FABFBFFE2F5416EE6B628B503F3;1;lévocarnitine|1000  mg;LEVOCARNIL
195375F08A8300930774FBAA3A48E63132F9A88A;1;losartan potassique|50  mg;LOSARTAN ZENTIVA
4D873C209E913F21315FD872A56EE0DCEDB48B65;1;amylium nitrosum pour préparations homéopathiques|4CH à 30CH et 8DH à 60DH (pommade à 4 %)  ;AMYLIUM NITROSUM BOIRON
7F57F3347CF2FBF0CAE28A2597F5459C065135DA;1;méthotrexate|17,5  mg;METOJECT
20F6F3473A8BD2E8E07002D6E90B99B1743D4C62;1;chlorhydrate de ciprofloxacine|  ;CIPROFLOXACINE RANBAXY;5A767B34C267AD968CEF3F8DD32F406F46D3A43E
F634524A99216C159277523CAA73F610D1547240;1;ibuprofène|400  mg;IBUPROFENE BIOGARAN CONSEIL
6498B04155B3BEDCE04A5535FADD291ED25A85A6;2;clavulanate de potassium|  ;amoxicilline trihydratée|  ;AMOXICILLINE ACIDE CLAVULANIQUE MYLAN
6850A6F8C1435F916101F4A71AB769D02D25E7E0;1;dipropionate de béclométasone|800  microgrammes;BECLOSPIN
B4F80332461E8B054C3B84D07B588E65DDFAF7ED;1;dinitrate d'isosorbide|0,20  g;ISOCARD
0E395263B7F338B4C8DEDB1A908D029019AE67BE;2;dipropionate de béclométasone|200  microgrammes;fumarate de formotérol dihydraté|6  microgrammes;INNOVAIR
1D72363BA93B180490392EAFFAE6B794C6AC7C58;1;midazolam|1  mg;MIDAZOLAM SANDOZ
A753BD721FB0B6457ABB9FF554365DC822FE2E0D;1;prégabaline|25  mg;PREGABALINE RANBAXY
ADA2170AF4BCB46F226DAA6AF009E02C0179B133;1;captopril|50  mg;CAPTOPRIL SANDOZ
5D5A58CBA12794E8C3D3F55927D7D033F640B936;1;mercaptoacétyltriglycine|0,2  mg;NephroMAG 0,2 mg, trousse pour préparation pharmaceutique *need to change!
3DFC4867B61A33C5F2FDAB6D170B89F72C6F5136;1;oxomémazine|0,033  g;OXOMEMAZINE MYLAN
B75A13909C743FBD19829E57E572ABF939CAF3A9;1;glucagon humain biogénétique|1  mg;GLUCAGEN
2EEE294D8FFF98C90D80795BCCF331C2C37B335B;2;carbonate de calcium|1250,00  mg;cholécalciférol (concentrat de), forme pulvérulente|400  UI;CALCIUM VITAMINE
A60878F588938DCCA14D6C2703CD625510A0E728;1;bromhydrate de galantamine|  ;GALANTAMINE ARROW LP;437D045E531729AB81A87478D7BF20009F4EC53A
510E732B9E9697479AD726A2F5BDFEFD3F0EA798;1;chlorhydrate de sotalol|80  mg;SOTALOL RATIOPHARM
E662650140F0E6E3E043BC7C9A264995BA14532B;1;prégabaline|50  mg;PREGABALINE MYLAN
CDBE72B4C0B6D828B233CA79DBAB1203F7608EE1;1;dipyridamole|75  mg;PERSANTINE
66C603299FE71CCA38D6E04BC1A4E769721F5138;1;olanzapine|5  mg;OLANZAPINE ARROW
6BF686F3C5AA6928D14D59361129118A75B99921;1;oxalate d'escitalopram|19,155  mg;ESCITALOPRAM ALMUS;A86AFA5F82051680B33ACC2AD24ACCB9E67592BC
AFE33B1F342B2339BFB4CDD06374D16DF204276A;4;vitamine a (acétate de)|  ;levure|38,70  mg;cystine|36,30  mg;soufre précipité|11,00  mg;SOLACY PEDIATRIQUE
CFEB3F479A944F2632BAE1510919A813A638071A;1;amisulpride|100  mg;SOLIAN
67289FAC9B2FDC92F33EA737A91362DF6237CA9B;1;oxalate acide de naftidrofuryl|200  mg;NAFTIDROFURYL TEVA
53B8E612054CD332DD2A8ABD05A1B752E3637608;1;rotigotine|13,5  mg;NEUPRO
46DD053B05701AE0D15900BA965F0BEE84E6F350;5;ichtyolammonium|1,474  g;oxyde de zinc|14,763  g;dioxyde de titane|5,905  g;benjoin du laos, dit du siam|0,100  g;hamamélis de virginie (extrait d') (fluide)|0,984  g;INOTYOL
2C75A34D9E81CEE0F9674742A42E714295428380;1;chlorhydrate de procaïne|2  g;CHLORHYDRATE DE PROCAINE BIOSTABILEX
8443B78BF20E75E3F1BBDD9F98BB3E3C17BC5B31;1;époprosténol sodique|1,593  mg;EPOPROSTENOL ARROW;125D7AD00B0717FD66941DE2E971296CE8A920F1
6BA97EAB2F2992E87F0B66F53C52F867BC1D878E;1;fénofibrate|200  mg;FENOFIBRATE RANBAXY
A44FFE1541B29B704D4771C99B694AA6B73CD135;1;acétate de glatiramère|20  mg;COPAXONE;F91E1EB603C6CC49FCCB84D0F725859F21CE2D04
0606E0AE77A4ACE35CB89521E16DDDFFF80EFBEB;1;olanzapine|10  mg;OLANZAPINE ACTAVIS
C52927EE111761D16B739839C6211879AED92760;1;olanzapine|5  mg;OLANZAPINE ACCORD
F0AEE422C3687F095EFD78437BC9D99DE88B6B2D;1;périndopril arginine|10  mg;COVERSYL;1093A8F88E0192E56AEA5F88ECD352470F301862
F424B61E536D5BB2ABEA39D3E3A921CBD1515500;1;propionate de clobétasol|500  microgrammes;CLARELUX
FEDC632B118DB4056D847ED706DFE74850A5E723;1;kétoprofène|2,5  g;KETOPROFENE SANDOZ
32EE54E92FECA488CCEB85367100A739C8FBE9F4;1;acétylsalicylique (acide)|500  mg;ASPRO
E6EC9A17597B3466DC343B02AE990421FECD6382;1;acétate de caspofungine|  ;CASPOFUNGINE OHRE PHARMA;A319DB3B7CBC014C5917CA5553BAD3F1EB814AB7
D241E4C77FC6CBF27A6E10912D306D3F2C777964;1;évérolimus|5  mg;VOTUBIA
0A11B6BD31CB9F0904147DDAE0CC159898E4E1A8;1;oxalate d'escitalopram|  ;ESCITALOPRAM ZYDUS;3C7F4BCBC90E3356AB19794D9DDCFB9BF070CB6D
CDA42E6782F2B90DD202BAE948F80E4CE5C74F1D;1;eptifibatide|2  mg;INTEGRILIN
3B169ADCD79B0EB9E914DBF3CB09F4BBF3BA784F;1;finastéride|1  mg;FINASTERIDE ARROW GENERIQUES
0EA906AD9A2C1D487F27F9D6240A24908DC3037B;1;valsartan|40  mg;VALSARTAN KRKA
3655EF1C7F4B851F21C031E781A8630BE1E49EC2;2;chlorhydrate de tramadol|37,5  mg;paracétamol|325  mg;TRAMADOL/PARACETAMOL KRKA
A87640A8C6EF16297DB0F0097F7ED631EFB4D080;25;tryptophane|0,43  g;méthionine|0,4  g;leucine|2,15  g;phosphate monopotassique|0,184  g;aspartique (acide)|1,26  g;arginine|1,26  g;alanine|1,94  g;gluconate de calcium|4,03  g;tyrosine|0,15  g;isoleucine|0,95  g;acide glutamique|2,18  g;histidine|0,65  g;phénylalanine|0,83  g;sérine|1,17  g;proline|1,72  g;glycine|0,65  g;lysine monohydratée|  ;glucose monohydraté|  ;chlorure de sodium|1,169  g;valine|1,11  g;thréonine|1,11  g;cystéine|0,31  g;lactate de magnésium dihydraté|0,461  g;taurine|0,12  g;phosphate dipotassique|1,62  g;NP100 PREMATURES AP-HP
0D7C171A3D0FBE5FF43DE31BD1C1BE604C822507;1;nitrate de fenticonazole|200  mg;TERLOMEXIN;0054AC552F917D226F49E29A04455BB2C5E92D8B
E4E2B75EDCEACB42DCA04F3BEEABE14928CA56B2;1;finastéride|5  mg;FINASTERIDE ISOMED
5E5D5BA928599642B9F6E36E62AF5854EC15CF4F;1;carbocistéine|5  g;CARBOCISTEINE SANDOZ CONSEIL
7EF5239E19C87B1942E9494801BA054B91DD2C92;1;chlorhydrate de tamsulosine|0,4  mg;TAMSULOSINE ZYDUS FRANCE LP
3DAB5BB9967A5D3EAB2BB0AD2E4171296B7F7BBD;1;palmitate de palipéridone|546  mg;TREVICTA;4A3A6C51877DD0885B5626843F3B443DA9934664
E9B1D50397D7E5D54A1B0A600DBD989621D30BE0;1;olanzapine|5  mg;OLANZAPINE MYLAN
8D8C762E8E2630C4E60885D20AE95A0512B9938F;1;phosphate de sitagliptine monohydraté|  ;XELEVIA;E514446CC31BB57A06A7B3924FF0622A8532AB3C
A1E28D5051110EF8E43C90FC3C52F85424009876;1;lévonorgestrel|1,50  mg;LEVONORGESTREL EG
730577E2F546EEFD10251438DBF5CD937CC9CEFA;1;fénofibrate|100,00  mg;FENOFIBRATE TEVA
48A924AC9B9413B2F29926D6947D9D5B57BEC6CA;1;mésilate de doxazosine|9,7  mg;ZOXAN LP;8752393D3BDDD7C862EFB582DEC29B562E3AF9C6
11564AD2AE727D5D9CE390D864BE262E278718CC;1;ibuprofène|5  g;IBUFETUM
4A3E2F234039A65AF81CA6D79C185594CE4F8745;1;époétine bêta|30000  UI;NEORECORMON
C3FEA4A6061E0215C8F29BE03EE9A75905845EB3;1;valsartan|160  mg;VALSARTAN ALTER
C1F00A7AFC418693BB30047E7B2FB40703EFD13B;1;ibuprofène|400  mg;IBUPROFENE RPG
3555D2C088062AB83230E53AA84BAA9F7A9B9C00;1;bicalutamide|50,00  mg;BICALUTAMIDE ALMUS
5B4394C1448BE00D81D3CAD99B0CD02D94B93AE0;1;chlorhydrate de sertraline|27,977  mg;ZOLOFT;42885F1FD99EE4B9AEEA1FA95FDE0ED21548C497
48D856264EEAC7C29219DA2CCC890031033EE313;1;chlorhydrate de topotécane|  ;TOPOTECAN KABI;E772F04472E6DAEED85157D970196706C2F3C988
3587A4D25D9F95206429FFB4D6B9FAB3D37D6E33;1;ranitidine (chlorhydrate de)|  ;RANITIDINE SANDOZ;9ED3B05EF92F14213B892A6384AD05B0A6A72299
2AEEC10163794328C3A306743C2E1131966D3638;1;ranitidine (chlorhydrate de)|168  mg;RANITIDINE BIOGARAN;23156B195562F49B13AF1EBB1281252E41608053
0D0A61852BECF88172C13B7E24F279516975B2F7;1;sulfate de vincristine|2  mg;VINCRISTINE HOSPIRA
CA66CFB11740B42711406C69021E7D4CFC54FB2C;1;chlorhydrate de diltiazem|200  mg;MONO TILDIEM LP
5672225B8A913596419D6FC636D8EB45EFCCCEA9;1;chlorhydrate d'oxycodone|20  mg;OXYCODONE SANDOZ;8D1327ED16A62822B80754A310575E1505B06550
E6B8329B294DA14F21919ABB165BB065238EAD52;1;péfloxacine (mésilate de) dihydraté|558,50  mg;PEFLACINE MONODOSE;3EEB1072A4E0C980B821E5FE8EC022BCD407008E
054D29A84558CBF78F9FE9DC79A4BA50DFD35475;1;lévothyroxine sodique|  ;TCAPS;AD75647500F6655C42B6BE20B9510546994C0EA4
A6545E21567D4BFF418F254888B95B6EF8791E39;1;iberis amara pour préparations homéopathiques|2CH à 30CH et 4DH à 60DH (pommade à 4 %)  ;IBERIS AMARA BOIRON
4E89962872E3C01BCAF2D9DED53CAA583389DEE6;1;chlorure de sodium|2  g;CHLORURE DE SODIUM
70BDF6F7FC245763E6E7F86FE342A48E25BF045E;1;chlorhydrate de ropinirole|  ;ROPINIROLE ARROW LP;5AA8993E6C6B3ED8A2461148EB44B484703B8130
CFD755AEEA0A70E0DC351683863340FD7D21972C;1;diclofénac de diéthylamine|1,16  g;DICLOFENAC MYLAN;5879C9E1D7A3F70924B8B865889EE64921744086
6B90A9E31C5FE6B244AE3772E28F6BB965481321;1;paracétamol|500  mg;PARACETAMOL BIOGARAN
3F3B055D99FE80DCF2E80E94338D9A15EF7703F3;1;étoposide|200  mg;ETOPOSIDE TEVA
267218D5D0A50A87E2F6081AD5E9F47F53880B49;1;montélukast sodique|5,20  mg;MONTELUKAST PHR LAB;2B43A1FC5AE9AF20FC04BCC9CFB3DE8DC8CDB881
3DAC46FB4FB010659336403946FB671FFBDBBC39;1;minoxidil|2,0  g;MINOXIDIL COOPER
684D9DF95A5F19BBA217380F98AE3148E67D0986;1;fentanyl|15,5  mg;FENTANYL RANBAXY
8DD062D4350FA620A921F920F66756249AFE9F06;1;bésilate de cisatracurium|6,70  mg;NIMBEX;8ADA67C063179BF42C699663909AF48FF8455109
D5F3E5C6D0CC2AA00ACDAC3F11363FE3E8149B91;1;alfa-amylase|3000  U.CEIP;MAXILASE MAUX DE GORGE ALPHA-AMYLASE
BBB33EA673C7F26579BCE9BBB129941AE5AF03F8;2;périndopril arginine|5  mg;bésilate d'amlodipine|6,935  mg;COVERAM
01B02A9305532852652E9DEFAED2E47C39E9EF61;1;méthoxy polyéthylène glycol-époétine bêta|200  microgrammes;MIRCERA
B464A529E3D40F27E24792683DE4FE4685D9ADEC;1;candésartan cilexétil|32  mg;CANDESARTAN ARROW
5E4392AD9A74F84322ADA3A37E1DB3F29B2C4919;1;allopurinol|200,00  mg;ALLOPURINOL RANBAXY
C780F74F187DDC24365015A51B33C0A198B9AD0B;1;ramipril|10  mg;RAMIPRIL ALMUS
69DEE0446EDA6A7CDD343C5D675D73D0C15A9EBA;1;fluvastatine sodique|21,06  mg;FLUVASTATINE EVOLUGEN;6502A9F289E5C2FDC5F73C66F57C5725CE070C9E
79B1D44AA327CC49C89D63B6143EA512A2105D1A;1;racécadotril|100  mg;RACECADOTRIL BIOGARAN CONSEIL
4C3C77D8DB41B6A06A5D01A8CF118D068ABCB233;1;calcarea iodata pour préparations homéopathiques|3CH à 30CH et 5DH à 60DH  ;CALCAREA IODATA WELEDA
C107073B2289A695A42A9DE802F8BCD5C8A825FF;1;chlorhydrate de ropivacaïne|2  mg;ROPIVACAÏNE KABI
C6FC0B286227E2283C53D16010A14DB133AEAD84;1;kétoconazole|120  mg;KETOCONAZOLE BIOGARAN
891DBB406ABD0AD2A9CDDB278C4106E99C4A5C3F;1;chlorhydrate de vancomycine|128,25  mg;VANCOMYCINE MYLAN;95B3BDCBBDD992A3BAF14CB3E601F4E6B2EFFBC6
0147AB156430AEA81EBD45BDE5C2573D1CE7A347;1;céfixime trihydratée|  ;CEFIXIME ARROW;34A8E1C58CBD459751651F1495660A051DF56A79
368EBB829039C46768E8A5745EA66FD8AB3BD086;1;sodium (valproate de)|500,00  mg;DEPAKINE
49C6B5E3F3E3151825060A3C15958E27D0A1D9D5;3;chlorhydrate de pseudoéphédrine|30  mg;hydrogénosuccinate de doxylamine|7,5  mg;paracétamol|500  mg;DOLIRHUMEPRO PARACETAMOL
CB59B9568F3E94104942BC5A4F7806A39C3D3373;1;chlorhydrate de tramadol|150  mg;TRAMADOL CRISTERS LP
071116A4EFBF48F5C92454C824204C66E06EDF9C;1;maléate d'énalapril|5  mg;ENALAPRIL EG
12E93ED575BB21DFF7D51D4783B50393AA50686A;2;chlorhydrate de pyridoxine|0,040  g;magnésium (glycérophosphate acide de)|1,895  g;UVIMAG
5383E93FE6962645BB9CE891BFB93668E2A724D9;1;répaglinide|2  mg;REPAGLINIDE ZYDUS
568A231733A5BB230BBE6CF0CECA6D2FE22681DF;1;fosinopril sodique|10,0  mg;FOSINOPRIL ZENTIVA
7774E9DD04BA32EE358FF7E7E848C970364ADC8E;1;oscillococcinum pour préparations homéopathiques|  ;OSCILLOCOCCINUM
0DCAD0D96A013CC1EADE2ABA16528C1490850367;1;chlorhydrate d'amiodarone|200  mg;AMIODARONE RANBAXY
A7436CF2434C51D2CD6CA7792E1DDA20F8FFD7F4;1;tartrate de rasagiline|  ;RASAGILINE ARROW;CAB2D5CFAED8412B6153E9A496F0980F84A4F810
D9793D5B3864A4AFE4243E0BA16EC12FA293685D;1;aripiprazole|15  mg;ARIPIPRAZOLE SANDOZ
21694456A17ADE0E12121CA0E7C665E35B6670F6;1;télaprévir|375  mg;INCIVO
940A75D5B0D416BBC50E8646B467F629966EB7F4;3;chlorhydrate de pseudoéphédrine|60  mg;paracétamol|500  mg;chlorhydrate de diphénhydramine|25  mg;ACTIFED RHUME JOUR ET NUIT
5ACE135B21F54A16F128F9886A0542A4DFB8CE4A;1;éthanolate de darunavir|433,64  mg;PREZISTA;A387BB3A5FB0D7283178F28386B18D5ACAF58A53
D1A0A35FA131EE1094F0885798A13DFDD8D46219;1;paracétamol|1000  mg;DOLIPRANE
53705FC708821A8C0BC9262DEC415BD2D55021B0;1;misoprostol|25  microgrammes;ANGUSTA
B0CD8EF6147ED428A584E26F4E65C77E985B5F62;1;hydrogénotartrate de rivastigmine|2,4  mg;RIVASTIGMINE ACTAVIS;809E2EF4F0D6673F292024559EFA9C9D020237B5
A0537DE8264367F39CA8BCD517632D655BA83FF5;1;fumarate de bisoprolol|2,5  mg;CARDENSIEL
C174EDAC502AF2173C6352E038E57FC374291AD2;1;chlorhydrate de lopéramide|2  mg;IMODIUMLIQUICAPS;5DFBD70C249B144688AC0D34F3637017D2422E43
05469F905885672449ACD48586B97D373D54D766;1;hydrogène (peroxyde d'), solution de, à 3 pour cent|100  ml;EAU OXYGENEE STABILISEE CODEX
35D2044124E4BD84A7216DCD73A76AD4A236BA3A;1;dompéridone|20  mg;DOMPERIDONE BIOGARAN
8D47FBBC531D77AE73B951DF86FCD2DB24BC7A03;1;bicarbonate de sodium|1,4  g;BICARBONATE DE SODIUM BAXTER A
472E969F28D0CEBB7538FC7C8830BC1E0A30546C;1;glucose monohydraté|16,5  g;GLUCOSE BIOSEDRA;07A3B3B429DB9EFC383118C1A7F5295ED376D779
0BD6679430A3727373CFD480B8E9135DD75BFB8C;1;saquinavir (mésilate de)|  ;INVIRASE;6198D1DF81EE450A8BB1EAB9117D1164B8602C8D
4290DCA6A96921BEF316C39FED8AC9A0A31A10B9;1;dichlorhydrate de lévocétirizine|5  mg;LEVOCETIRIZINE KRKA
153087C318803282BF77FAA88E41764710345A39;2;oxyde de zinc|5,00  g;benzoate de choléstérol|1,00  g;SENOPHILE
914DEF6A1A3F6F7CFFF8FEE4E920AAD261E96C70;1;alendronate monosodique trihydraté|91,37  mg;ACIDE ALENDRONIQUE PHR LAB;2286C5A59ACA382C7E0C7112340AB8045F23E398
A77CBF9B8CF574A30832DB496B94FB98C7D5AB98;2;périndopril arginine|2,50  mg;indapamide|0,625  mg;PERINDOPRIL ARGININE/INDAPAMIDE BIOGARAN
E79AD89C81DBA597A4117E3896B53DF3590B8CA9;1;virus de la rage inactivé, souche flury lep|supérieur ou égal à 2,5  UI;RABIPUR
1FB2C721303ED0A95091AAB8FDBB3F022BB01B12;1;pilocarpine (nitrate de)|8  mg;PILOCARPINE
5ADFB12DD0930A25E7E097AA22646C36F1798234;2;lévodopa|250  mg;carbidopa monohydratée|27  mg;SINEMET
9DFCE85524A0AFF2EFB30A312DF1F1156A8FB43F;1;carbonate de sévélamer|800  mg;SEVELAMER CARBONATE ARROW
41DE23F272C3BFD97BF554D20319148DE38B1040;1;gabapentine|600  mg;GABAPENTINE ZENTIVA
E052EAE27F62811DCB7AB5CAC0AB12B50C08CFEA;1;chlorhydrate d'oxycodone|10  mg;OXYNORM;507F00D06CD40CC84573A48B78E2E2DDC5531694
19E3F9FDA1573C7C1D9F4AC573AE94DF9506F7A1;1;moroctocog alfa|250  UI;REFACTO AF
758DE55B0F8EA37BA124E1853DE7EBB8B0062F1A;1;ceftazidime pentahydratée|  ;CEFTAZIDIME PANMEDICA;6A95F579A33C19638F6F4AF6B85FA0E138E48DD2
C1E4421363EA4565D0EBF5310BE84F010032EBE1;1;riociguat|1,50  mg;ADEMPAS
CA1098EB4F0AC9EE05F11265C0BC83598C3DC17F;1;périndopril tert-butylamine|8  mg;PERINDOPRIL EVOLUGEN;0631AB6DDEA94609CF7AD608F69F60F1E5D9D0C1
93B324AA5F0BA8D90531EDB1EA118B389CE0F5DD;1;chlorhydrate de donépézil|5  mg;DONEPEZIL ARROW GENERIQUES;4A50A09A8393BF4A013651D624725C74021251B1
1FF89E0002E78C8A345A0452CDD4B917CE088E3E;1;chlorhydrate d'éphédrine|3  mg;EPHEDRINE AGUETTANT
D72DE8304B9AD1EE6D15B69A119493C47F02F753;1;aciclovir|5  g;ACICLOVIR MYLAN
715E7F1705CD54C91DB8F65B53544E215F0D11E0;1;latanoprost|0,005  g;XALATAN
B1652B374253268BCE4288A2AD8DFFB38D847363;1;montélukast sodique|  ;MONTELUKAST TEVA;AF4FFCFD558E2D20555196D6E6001360BA84EE2D
FEAA1EA983F08F36BFF28C0E0BD7B46F4F02D901;1;pamidronate de sodium|15  mg;OSTEPAM;28A9CEEAF25D8A39AE79835C1FD55E60438AFFEF
5C68FEFF55F4053CC48F08F569190D36B5119DA3;1;millepertuis (sommité fleurie) (extrait sec de)|500  mg;EUPHYPERTUIS
6E9B6E33FC51E4FAA928D9E8C6796FD8A960AA7C;1;chlorhydrate de tapentadol|  ;PALEXIA;2D8792E56FE40F0E7A6D3193B375A3B938047DEE
E5283670A08AFEE03D40FC647D4391432B6A063D;2;paraffine liquide légère|28,73  g;ispaghul (tégument de la graine d') (poudre de)|33,33  g;PARAPSYLLIUM
77DFDAD22B34EF39BE37B03D10B2F89C26A884FC;1;spironolactone|75  mg;SPIRONOLACTONE ZENTIVA
949B1AC0E1BED37EEDD73DE7CF60A652A8F7CA00;1;chlorhydrate de donépézil|10  mg;DONEPEZIL MYLAN;733920B950067456AC82980839A5875EBDC298B5
0FF36908028C589B2C6222B9FD3B36FB1ABB541D;1;albumine humaine|200  mg;VIALEBEX
C144F21E8F3C2180281DEE8B314C82AC50EFC4D7;1;ofloxacine|200  mg;OFLOXACINE BIOGARAN
673F03E8C2DB88C76540D9B367281B2D8B1F5370;1;felbamate|600  mg;TALOXA
5D2E9ABE87B353974057F60ECC8B6B31C7711D94;1;hexétidine|0,100  g;HEXTRIL
E9E8CD919BA738ED24B7C8183906770940FE9BED;1;entécavir monohydraté|  ;ENTECAVIR TEVA;3F3155539E3B06F97FDCB6681CFFC8B9C1F96233
3373C069DB4285EC072DA43AFC81EF7B73DC3B31;1;chlorhydrate de paroxétine hémihydraté|  ;DEROXAT;239276EC13B87E70F7A89A870D3E22340692F2FC
8DDBB2EABEBB16C2009D5BC4B53E71DF1601D96E;1;lapis albus pour préparations homéopathiques|3CH à 30CH et 5DH à 60DH  (pommade à 4%)  ;LAPIS ALBUS BOIRON
DAE68AF33B4B5DCA9B358FF1053DCB4B541A95A7;1;lévétiracétam|250  mg;LEVETIRACETAM MYLAN
28DDD5BB7AF2766E2D56438080DC3A36483BEB7C;1;tiagabine (chlorhydrate de) monohydraté|  ;GABITRIL;71A095EDF7FC6AD735C0D87B54E7A47AAC3C6532
93F5035B318358E0DBB9CF5B74E286B543CF05B3;1;carbonate de calcium|1498  mg;CALTRATE;A80B8E3AC805743A9E339B40062E8ABF4EC0961F
7AE4FC117CC9BC590A98EE9CE3BECB03A6D45BD7;1;diosmine|600  mg;DIOSMINE RPG
E9FF00A1F15394ED2DE8E2321D1BDD89A9FD9EC8;1;nadroparine calcique|11400  UI anti-Xa;FRAXODI
529043262289D1F85FF876765AB06320DD2D4EBD;1;ramipril|10  mg;TRIATEC
2233A8FB18959EB993BDD504E051415B4B113437;1;candésartan cilexétil|8  mg;CANDESARTAN CRISTERS
40CBD2EDA9ECE18B8C139965132CDA65A7D25CD1;1;almitrine (mésilate d')|0,015  g;VECTARION INJECTABLE
2C0883458393D9DEF65C567E8F17B14EC1DD602A;1;chlorhydrate de diltiazem|60  mg;DILTIAZEM RPG
C66E40F45A481E9F74F2249A305E932F0F3C206E;1;virus de la rougeole, souche schwartz, vivant, atténué|pas  moins de 3,0 log  DICC50;ROUVAX
7997454EEE2E1FCE6EF2CDABE0C79FC0D1FD0340;3;oxyde de zinc|28,30  g;peroxyde de zinc|7,70  g;dioxyde de titane|0,20  g;BIOXYOL
247785830A6F0AA0F6A8B5ADFDB7294F9A713CA9;1;famotidine|20  mg;FAMOTIDINE EG
052AA352CFFC7365B6361372221FFF846929478E;1;pantoprazole sodique sesquihydraté|  ;EUPANTOL;FF141B5F5BFCA05DE649D586E8821AD1CD56C53B
FBC02B8F6719E8350252B0AF0C3144D3C1E87B0F;10;valeriana officinalis pour préparations homéopathiques|2 DH (3ml)  ;ignatia amara pour préparations homéopathiques|3 DH (3ml)  ;asa foetida pour préparations homéopathiques|6 DH (3ml)  ;avena sativa pour préparations homéopathiques|TM (3ml)  ;staphysagria pour préparations homéopathiques|4 DH (3ml)  ;sumbulus moschatus pour préparations homéopathiques|6 DH (3ml)  ;nux vomica pour préparations homéopathiques|3 DH (3ml)  ;cicuta virosa pour préparations homéopathiques|6 DH (3ml)  ;hyoscyamus niger pour préparations homéopathiques|1 DH (3ml)  ;chamomilla vulgaris pour préparations homéopathiques|3 DH (3ml)  ;L72, solution buvable en gouttes *need to change!
3F1512C49748860BF986DC146B8133AAE9F3DC58;1;trandolapril|0,5  mg;TRANDOLAPRIL MYLAN
449CBC62F655A9D3AC89933C2EA27ED6977B99EC;1;hydroxocobalamine|5  g;CYANOKIT
13C93996BEBB95A428CFF89B46E9CAD39D898B5D;1;cobalt (gluconate de)|0,240  mg;OLIGOSTIM COBALT;76483D8680B653F8E81828854E0DE1CF197D17B3
CA394AE7F64883AE7884615C1DAA644D05096030;1;hydrogénosulfate de clopidogrel|  ;CLOPIDOGREL ZF;4671D53F355C65792F437118CADB4B31C39A597F
C6179414E077090C2078B04273E5D1DC90535734;1;pantoprazole sodique sesquihydraté|22,56  mg;PANTOPRAZOLE ZF;3722E8E62D807630620589B21E54E4EF2127B85A
0DF73E3938FCF55C2699BEFDC324917AA397F30B;1;pentosane polysulfate sodique|100  mg;ELMIRON
ED4C143C692773B0FF0852CD0BECBE75FD7EC99F;1;fraction flavonoïque purifiée micronisée|500  mg dont 450 mg de diosmine et 50 mg de flavonoïdes exprimés en hespéridine;DAFLON
449FAC854C756CC267928670A73333DEFC3195D2;1;zuclopenthixol (dichlorhydrate de)|2,38  g;CLOPIXOL;5DC2A99348D993C37A3C3E6E8D010F7FC733ADDE
3A4B0F57A6D1929CC0B1AF46A8883AC8C17821F5;2;siméticone|300  mg;citrate d'alvérine|60  mg;ALVERINE/SIMETICONE MAYOLY SPINDLER
EA190E07C55AF5102363D05ACC094D4448C84B44;1;avélumab|20  mg;BAVENCIO
75D34FF1737E7073E129CFE3F36EB806D174B69E;1;oxalate d'escitalopram|  ;ESCITALOPRAM ZENTIVA;45344B5537B2C3EA612259CBA735C8DD29BED43C
A7AF13C5CA7D34188352C99BBF2DFAA7F8263939;2;chlorhydrate de lidocaïne|0,6  g;sulfate de zinc|0,5  g;AFTAGEL
4B9003AE6DB61DE42D09F2E6915E9885235B23BD;1;lévétiracétam|100  mg;KEPPRA
9A0A9BFF6878BA4F7A9B0E0C3E05CC1001FC77C6;2;éthinylestradiol|0,02  mg;drospirénone|3  mg;DROSPIBEL
A67141C4B09FDD2373188A7A523CF1D9987841C0;1;exémestane|25  mg;EXEMESTANE SANDOZ
727F905539A8F9EB90CD22490DBAD0ACAF5F8B5F;1;chlorhydrate de méthylphénidate|54  mg;CONCERTA LP
99133E07FE26DFFB5409FA201F92C1800CC6169B;1;pélargonium (extrait fluide de racine de)|20  mg;KALOBA
4C86E5D3E4FB5D0415C1653562518942E9FFC1FC;1;molsidomine|2  mg;MOLSIDOMINE SANDOZ
5D502C210D84139FD37F276FAEA84806C73155FC;1;acéponate d'hydrocortisone|0,127  g;EFFICORT LIPOPHILE
9DDA65567D69C562E58D066B2E34E6A7F556DD76;1;hydrogène (peroxyde d'), solution de, à 3 pour cent|qsp 100  ml;EAU OXYGENEE
E8576EF6C1900B09A859EFF8EBC1374B3F3E0E25;2;clavulanate de potassium|  ;amoxicilline trihydratée|  ;AMOXICILLINE/ACIDE CLAVULANIQUE ALMUS
27FFCC952829BE6A60ECC61F155AA8E793DAFAF1;1;aripiprazole|10  mg;ARIPIPRAZOLE TEVA
1514F3602C49C8054E1C027162C4E2F1E0885A43;2;guaïazulène|4  mg;diméticone|300  mg;PEPSANE
11BA2307EEF692993CF179120244AC445B635737;1;oxcarbazépine|300  mg;OXCARBAZEPINE MYLAN
768734F8C7BF72FF1EC51FD37EBB2379083E1F53;2;nicotinamide|0,500  g;sulforutoside sodique|0,200  g;VITARUTINE
C4F98B0628A8DB8EDCDCB6FFA10480899FA7AA7D;1;glonoinum pour préparations homéopathiques|3CH à 30CH et 6DH à 60DH  ;GLONOINUM WELEDA
F25E1577F531540BDDADA2D99733BBD325AD53E7;1;chlorhydrate de méthylphénidate|10  mg;RITALINE
C1EAFB410B3987CC80B7A249DCD7AAA0A5259209;1;lévétiracétam|250  mg;LEVETIRACETAM MYLAN PHARMA
CBD115B22568699B7B855E40DE60810174E34A71;2;périndopril arginine|10  mg;bésilate d'amlodipine|6,935  mg;COVERAM
BEB900E951551047C02BE8D2F55F3749E4DAC131;1;chlorhydrate d'épirubicine|200  mg;FARMORUBICINE
3F3D406FD597EFB60E3A1C23FA6DB12CDCE6B516;1;tafluprost|15  microgrammes;SAFLUTAN
E7E85E638250B8AB4E0B0C8DC6880DEAC7D065ED;1;rispéridone|3  mg;RISPERIDONE MYLAN
89783C1C1A949DB5C29A7D23A145E3339661D589;1;séné (feuille de)|0,72  g;MEDIFLOR N
AF761F24B25E085B5934D41330231A6A0A51E437;1;glycérol|0,690  g;CRISTAL NOURRISSONS
D442599752CA36621501A188A0C6DEE0BE289C37;1;hydrogénotartrate de rivastigmine|  ;RIVASTIGMINE EG;999F299D70E4389F3E3B0E5BEF0E9D3A1ADD416A
554ACFA609B8FF0546D1AE9C540CEE677EF2C29F;1;plérixafor|20  mg;MOZOBIL
DB9ECBBD25BB28F444548EF50B4B8756EDB7E1EC;1;ramipril|5  mg;RAMIPRIL KRKA
6B4D1238F249AA344DAB18679C26801235210DA5;1;aciclovir|5  g;REMEX
C894D8EF95D0F7325921DF585D96DCA012675975;1;lymécycline|226  mg;TETRALYSAL
4FCF05720C7353312889828863F3B4C654CD4260;1;tétradécyl sulfate de sodium|30  mg;FIBROVEIN
AEA63343C9BDB6386673CB039958DA748565858E;1;arnica montana pour préparations homéopathiques|7  g (Teinture mère);ARNIGEL
975892B042511F678B55D64AB2B1A3AC8358EA6C;1;maléate de trimébutine|100,00  mg;DEBRIDAT
9DFAD91AB7833A274116BFE7618C969E3BD454BE;1;estriol|0,5  mg;PHYSIOGINE
DC007B4E17F12D4897577E7CC63F9019D5777335;1;rosuvastatine calcique|  ;ROSUVASTATINE EVOLUGEN;C580F327E207C814ABFEC71E3F9179C4B87E8124
8A2923B105A717813DE21FBC266F2A7C490CA656;1;golimumab|50  mg;SIMPONI
CB966DF71EE13893607C3B8050B84062679191B2;1;ramipril|10  mg;RAMIPRIL MYLAN
760668AE5EE22129280AF0300568B85BB539DDDA;2;codéine|0,0800  g;gaïacol|0,5000  g;PULMOSERUM
0E6A54519D9B2ED64FFD1914CAC1D24B6633ABF4;1;chlorhydrate de gemcitabine|  ;GEMCITABINE HOSPIRA;C90E54CBE2E93683322565B114D169CC8AD860F9
1E93D32E6F43EB216B8A81EAEF3436D418F9CCDB;1;pinavérium (bromure de)|100  mg;PINAVERIUM BIPHAR
406F6BF8B71178A900B14C6011A44C284DFB800D;2;dipropionate de béclométasone|100  microgrammes;fumarate de formotérol dihydraté|6  microgrammes;FORMODUAL
8127AED9B8C7DDF39E6DEE72F030656FF163BC25;1;gabapentine|400  mg;GABAPENTINE RANBAXY
45E0DFA7EF3C1E51FBACA97E6B57F73337BC9E38;1;dichlorhydrate de trimétazidine|35  mg;TRIMETAZIDINE EG
84A3CDB9741638B5DB4B14ADFB2306013940FA24;1;thuya occidentalis pour préparations homéopathiques|2CH à 30CH et 4DH à 60DH (pommade à 1 %, 4 % ou 10 %)  ;THUYA OCCIDENTALIS LEHNING
BCBEB4058E03AF19073E37BC782740C63E715A52;1;trinitrine|31,37  mg;EPINITRIL
65285E278CE162C1DBF84C98D6A14C2DAD6D1697;1;gelsémium pour préparations homéopathiques|2CH à 30CH et 4DH à 60DH (pommade à 1 %, 4 % ou 10 %)  ;GELSEMIUM LEHNING
D73EDE1BA5CB2E51296A99FA476E99A7C0ABBA24;1;chlorhydrate d'ivabradine|  ;IVABRADINE ZENTIVA;58E8E1821B5D2A05DC0120EA44588C9F37EC9F79
DA7C2CAEC27E56B5EB0C2A4773138C81BE8B72BA;1;prunus spinosa pour préparations homéopathiques|2CH à 30CH et 4DH à 60DH (pommade à 4 %)  ;PRUNUS SPINOSA BOIRON
88FFE132659A1EB05364A4A28039A25BC987EC1F;1;chlorhydrate d'épirubicine|2  mg;EPIRUBICINE EG
15D046E6BB51D3542E3196B8930D14E4804E205A;1;simvastatine|10  mg;SIMVASTATINE BOUCHARA RECORDATI
A0AAF64B2346239ABEE3589A29FA0BC7E721B93E;1;azathioprine|50  mg;AZATHIOPRINE TEVA
B727EA166145BFF4E451FD473C4C884EB38C0ABF;1;pantoprazole sodique sesquihydraté|22,6  mg;EUPANTOL;4009B295AAEAB6F70EDA899E624755147EB0A2F8
B68E8F22DFB57DD3C209B2C8F4FF107375BE7AD7;1;prégabaline|100  mg;PREGABALINE BIOGARAN
DC35A53529EFE3CEAC5ADFAF7355B901179F6F88;1;protéines plasmatiques humaines|45 - 70  mg;OCTAPLASLG
0161DEE8ABC80DA6A61C04397DB62E15BBEC074D;5;chlorure de calcium dihydraté|0,2573  g;chlorure de magnésium hexahydraté|0,1017  g;sodium (lactate de), solution de|7,85  g;glucose monohydraté|16,5  g;chlorure de sodium|5,64  g;DIALYSE PERITONEALE CONTINUE AMBULATOIRE
F7A8567F93B6BD9C1AA801203A25ABAF3F8713B5;9;belladona pour préparations homéopathiques|4 DH 5  mg;pulsatilla pour préparations homéopathiques|4 DH 5  mg;petroleum pour préparations homéopathiques|8 DH 5  mg;cocculus indicus pour préparations homéopathiques|8 DH 5  mg;glonoinum pour préparations homéopathiques|4 DH 5  mg;argentum nitricum pour préparations homéopathiques|6 DH 5  mg;nux vomica pour préparations homéopathiques|4 DH 5  mg;vinca minor pour préparations homéopathiques|4 DH 5  mg;zincum valerianicum pour préparations homéopathiques|6 DH 5  mg;VIABORPAX
297A0EFA3FB0E4BFB056B3ADCC006C29B2DDF406;1;lénalidomide|10  mg;REVLIMID
A72D583C1A8D6579630D4E96B180A30E51FFB554;1;thiotépa|15  mg;TEPADINA
8B53C6CFB0DDA2B066C6533F82EEC4B6E1A369F8;1;manidipine (dichlorhydrate de)|10  mg;MANIDIPINE BIOGARAN
857779543077CDA992EBA853EA6C70B8674EA32B;1;naftazone|30,00  mg;ETIOVEN
ECA54B815E1EC6E0F6169571C17720090D92BA97;2;substance de base homéopatique|7CH à 30CH et 14DH à 60DH  ;kreosotum pour préparations homéopathiques|7CH à 30CH et 14DH à 60DH  ;KREOSOTUM BOIRON
00A83D364D6CA377ACDDA69023E8DA16833B7D20;1;méthylprednisolone|100,00  mg;MEDROL
E621D7C787B1EA87376C5A0AB4DCE360BAC1AF24;1;ciclétanine (chlorhydrate de)|50  mg;TENSTATEN
E197C0F38D4A42C98E92EC694E28FF81C45144E5;1;répaglinide|0,5  mg;REPAGLINIDE SANDOZ
85864304A4ED72A11CE4DA2B7A66CB611209B1E6;1;chlorhydrate d'éphédrine|30,0  mg;EPHEDRINE RENAUDIN
