DB690BDCA89150EDA72B5C8C1F25EC23E6253489;RISPERIDONE MYLAN;0
23156B195562F49B13AF1EBB1281252E41608053;1;ranitidine base|150|mg;RANITIDINE BIOGARAN;1;2AEEC10163794328C3A306743C2E1131966D3638
6A3CA5D08863C78B10EDA51860213760A940C3B2;MIDAZOLAM SANDOZ;0
FFB2C9DCB9AD0943B47C06DFCAA9EDA810273EC8;EPHEDRINE AGUETTANT;0
F0B22BB575887E413CA450C67A1D43D66AA6C305;LEVOCARNIL;0
628F911A783C84028BB6C8DEA0638E5E1673E91E;1;isavuconazole|200|mg;CRESEMBA;1;A4034590FE6C318A67C976D004DF46CA8820FA10
1591C165486F240E1061FD5DA5DE85AFAB5F2BAC;PULMOSERUM;0
79C1059BAF6570D5BC39E6BFB178A0790C84E549;LUMIGAN;0
4D1239CACEAAD584C23B6F472824C9F697F2354F;CARBOCISTEINE SANDOZ CONSEIL;0
7789C97AACCE9165C94E94455B193A3918EE5A8F;1;bêta-estradiol|2,00|mg;OROMONE;1;3F92EEB989396E02D44435F55D843141BDB60E2A
D62938934F4393138CB5824E54CB691E102BEA73;1;périndopril|6,816|mg;PERINDOPRIL TOSILATE TEVA;1;56E7186D5B5E77DB4200F187B89F95C271DD78A1
08AF2C263AC85875BB5C128D1C76939D46B9A6CA;ROUVAX;0
79EF32743E2FAABEEBC6A4CC9E9F4D577D527934;1;ceftriaxone base|500|mg;CEFTRIAXONE MYLAN;1;DBED00081105DDD934EBDB585481AA2254C311DB
C0E9DF4C5AC14A2D2CF9FD2E1E0206067A93D7E7;ETIOVEN;0
6C3A45C20CA786BF038A3F19053DDF99D10DC27C;EPHEDRINE RENAUDIN;0
7E345B2E8184E4246146733B46BC44A757724C27;ALBUMINE HUMAINE BAXTER BIOSCIENCE;0
4009B295AAEAB6F70EDA899E624755147EB0A2F8;1;pantoprazole|20|mg;EUPANTOL;1;B727EA166145BFF4E451FD473C4C884EB38C0ABF
B6D4E11B4EE149EA3ACD11F9B777C7416E2D285E;FIVASA;0
61BCCEB59BB742163F13A743B3C61097E0E8F722;DOLIRHUMEPRO PARACETAMOL;0
B9E8204D5DF53C48CB7CCEBF7D0D8DB0039F78BE;TRIMETAZIDINE EG;0
62F504187F5D7FF3B268554B0BC55F62A9EF9743;1;calcium élément|500|mg;CALCIUM VITAMINE;0
00E0ED5A6B7C5B3A5FB35700C4575C474E78571B;NEORECORMON;0
EEFAE3529BA4B3ED9F3EF44FB214108936D7A171;1;mitoxantrone base|25|mg;MITOXANTRONE TEVA;1;7D213EEDB21271D516637E7AD3803C7A56C213A0
AFA396D000450211F9C7C29BBA08B114C0759FDA;AMMONAPS;0
3F3155539E3B06F97FDCB6681CFFC8B9C1F96233;1;entécavir|1|mg;ENTECAVIR TEVA;1;E9E8CD919BA738ED24B7C8183906770940FE9BED
B375C589871C83763F97AE71F8AF6AD7DA85E433;CHLORURE DE SODIUM;0
B237E211F9EB128D4CA8E3E20E2F862536399BE0;OPTICRON;0
733920B950067456AC82980839A5875EBDC298B5;1;donépézil base|9,12|mg;DONEPEZIL MYLAN;1;949B1AC0E1BED37EEDD73DE7CF60A652A8F7CA00
308C99E5E3C63778594E804199A3C829918905E3;DESOGESTREL/ETHINYLESTRADIOL EG;0
9DB88C5A9B69CFEDD6F07E09F0E19ADCA8D29C74;FINASTERIDE ARROW GENERIQUES;0
2D9DECCF3C61CF64FC7FF3DA2FD89E7C67ED1294;METASTRON;0
5511EEE4657DBF2FADBCB8D783AF1EA08CB03609;ANASTROZOLE ACCORD;0
A84B9EC0AA16F1F4AA135E3ADB55E11324D713CF;GLIMEPIRIDE EG;0
6198D1DF81EE450A8BB1EAB9117D1164B8602C8D;1;saquinavir|500|mg;INVIRASE;1;0BD6679430A3727373CFD480B8E9135DD75BFB8C
FE5E1C7540C3DCCD895ACE86BC98E99A3B65B866;BETAHISTINE TEVA;0
125D7AD00B0717FD66941DE2E971296CE8A920F1;1;époprosténol|1,500|mg;EPOPROSTENOL ARROW;1;8443B78BF20E75E3F1BBDD9F98BB3E3C17BC5B31
A319DB3B7CBC014C5917CA5553BAD3F1EB814AB7;1;caspofungine base|50|mg;CASPOFUNGINE OHRE PHARMA;1;E6EC9A17597B3466DC343B02AE990421FECD6382
45344B5537B2C3EA612259CBA735C8DD29BED43C;1;escitalopram|5|mg;ESCITALOPRAM ZENTIVA;1;75D34FF1737E7073E129CFE3F36EB806D174B69E
F0C2160424A33246F3FD7BC3031E12485D74AF79;1;pantoprazole|40|mg;EUPANTOL;1;06DE34923DD49E7269CA8BBC9235169E0EA63568
BC8CB57FFEC4ECD190CDB625F9120E2C00A7D7CA;EUPHYPERTUIS;0
49E7F0F736BF8E9929DDE749E54E106FFDCAE990;EFFICORT LIPOPHILE;0
F3B79BBD5083526EB2EC480DA405E27F9E3B6F80;CARDENSIEL;0
CB8B51734121941AE8753EC7B9E5271B4A3E320F;LOSARTAN ZENTIVA;0
0CCA6C3FC4EA974D66FF7462D554B6B153981CA8;CARVEDILOL MYLAN;0
F6187EF4C057C88B7ECB9940E970A6BC7F654A09;PINAVERIUM BIPHAR;0
F46FACDE27DDDB80E194F4A2F38C08039EA8A0E6;1;josamycine base|1000,00|mg;JOSACINE;1;25222F173B7E7CE43B3CE65AF6F3F69B54937647
26EEF4BC91D01B192D7CEBBBCF330665011BD06C;L72, solution buvable en gouttes *need to change!;0
9A267F76F4296076F51911D06EA989F9C380CCB4;VALSARTAN KRKA;0
5AF29E205169C2E7EAAAC4A5E654163F37E227AB;DOXYLAMINE CRISTERS;0
961725F8DE68343FF4D83042DC747E820EB49A84;KALOBA;0
331B1484E1F0456511CA75FB504D787792905697;ACICLOVIR MYLAN;0
A1007CF6A15C522121DCE6B47F4BBFD7AFDF80F5;1;dexkétoprofène|50|mg;KETESSE;1;BDC16CFAEAFD227B94D6DCDBD096F46DE6B57117
94663A25A866754209550366A7908A08CF00CEC6;PEPSANE;0
96B1B5C21F7EEC734BA69E6DAF53D602DC2C2605;1;dabrafénib|75|mg;TAFINLAR;1;829A5322133620D789F274AEF8E67999DB9EDE0B
5C46D8CFC1B4EF7DEB73331C1665F906DA8B1668;FAMOTIDINE EG;0
C90E54CBE2E93683322565B114D169CC8AD860F9;1;gemcitabine|200|mg;GEMCITABINE HOSPIRA;1;0E6A54519D9B2ED64FFD1914CAC1D24B6633ABF4
801AA8C496D1D18339CD32F5D76BE628E492131A;1;rétinol|1000|UI;SOLACY PEDIATRIQUE;0
F968B79CA2F05DED2EBD121A32FD7DF065FD02D7;BENZATHINE BENZYLPENICILLINE SANDOZ;0
24EBD2D30F06791B93A867C29FC7D196E8C7A27D;FENOFIBRATE RANBAXY;0
229A1306F44C1978A8700D8F1EF0DA73865DAF9B;KETOPROFENE SANDOZ;0
9B0466CBE062E0C7C1E81250CB63305191DB07F8;ISOCARD;0
E702EFA65A35EC6D71E03BA1D9E0EF1FE6347CE9;1;pipéracilline|1,000|g;PIPERACILLINE PANPHARMA;1;A86B45F5F586528BF78EAA1DE817488485C60EF4
173A2CCA941F82DEBC57B3EB36126575A8220533;EAU POUR PREPARATIONS INJECTABLES FRESENIUS;0
19F924BC2BB80B8B908158C4BBB0A9104C935DDB;OLANZAPINE RANBAXY;0
190D9318C7C3A569EE5264117ECD6DFF62B30E64;HEPT A MYL;0
2C42BE98FE3E749E7323AA2881268635727D970A;GELOFUSINE;0
A68E6F7576B0545F102A7FD80408C63355A078C7;PRAVASTATINE ARROW;0
41C201FB1A45A5A9CC6C092DD551D552C157BC33;PRUNUS SPINOSA BOIRON;0
43F3963D65C28BE3D93E76AB8B3ADA3CEE1C8499;1;buprénorphine|6|mg;BUPRENORPHINE ARROW;1;03524508422839261B03BD277AA3CF0C7BF94915
F7257CDF82B9B0479BFE2D79C9C836BD410B60BA;CORTANCYL;0
7E6B9B623F0281F480C17CFAF34B55F011E5690E;ALVERINE/SIMETICONE MAYOLY SPINDLER;0
1E59B2CE43F9B15168837B3BF19A119F346D433C;DEPAKINE;0
A3A34DEE9B1645045D3B7773E636CDD82D9FAFB1;SENOPHILE;0
110698C1C3EF7E3758ADC0CCCF2568760EA87AD1;RHODODENDRON FERRUGINEUM WELEDA;0
5F131B8E553B78D2D3E443574B2E0B1775A2F12A;RITALINE;0
9968DCA11FD0168333E8AEA53C59E46740D2C12F;GELSEMIUM LEHNING;0
0783BC0BF3367E3F4985AD258593E0FD6343A787;1;époprosténol|1,5|mg;VELETRI;1;4B5F816B91100F41F258D68211F4A876A5529B0D
8370E0448A5B3981401B3CC97DF15509D6A8B862;SPRYCEL;0
AC9825ECEEC192F9D57037837F92E0C865E438C8;IBERIS AMARA BOIRON;0
4F710C852F7959B6C67369AE88675305238240DE;VALSARTAN ALTER;0
5879C9E1D7A3F70924B8B865889EE64921744086;1;diclofénac sodique|1|g;DICLOFENAC MYLAN;1;CFD755AEEA0A70E0DC351683863340FD7D21972C
CAB2D5CFAED8412B6153E9A496F0980F84A4F810;1;rasagiline|1|mg;RASAGILINE ARROW;1;A7436CF2434C51D2CD6CA7792E1DDA20F8FFD7F4
F642DA9315A53E958B9BE168817E584FF53196C5;OCTAPLASLG;0
64EF10FFC1117F2DEC9B3506E8FE86FCFBD1B2F1;EAU OXYGENEE STABILISEE CODEX;0
999F299D70E4389F3E3B0E5BEF0E9D3A1ADD416A;1;rivastigmine|1,5|mg;RIVASTIGMINE EG;1;D442599752CA36621501A188A0C6DEE0BE289C37
5B00F65523C8FEDFDBE4A1D8038A7D46918D241B;EAU OXYGENEE;0
8DD782C93DBED2D18CBD2718004F33E0C8C20888;1;bétaxolol base|0,50|g;BETOPTIC;1;79151A4DE55C0521BD41968D73A4E02AEEB6A5D5
AD75647500F6655C42B6BE20B9510546994C0EA4;1;lévothyroxine sodique anhydre|13|microgrammes;TCAPS;1;054D29A84558CBF78F9FE9DC79A4BA50DFD35475
6CAAD12C43FCC55B4309E732E0B7A28F9883D95A;1;midazolam|10|mg;BUCCOLAM;1;A3018006D50B9BFF56B5582B7EDEB6EA78785F11
B4725403A16C334839952C46089D07BBF25152FD;OFLOXACINE BIOGARAN;0
0054AC552F917D226F49E29A04455BB2C5E92D8B;1;fenticonazole base|175,7|mg;TERLOMEXIN;1;0D7C171A3D0FBE5FF43DE31BD1C1BE604C822507
2DF35D69B8FF641E174AC55BFDF4F6C3CD645AF3;PERMIXON;0
E8DE1F7F2AE6BBD32F249AC5D28EEC0D8B60AAD6;IBUPROFENE RPG;0
A02167A40EE9EED5118ECAE326D2092C302F7872;SIMVASTATINE SANDOZ;0
5DFBD70C249B144688AC0D34F3637017D2422E43;1;lopéramide base|1,86|mg;IMODIUMLIQUICAPS;1;C174EDAC502AF2173C6352E038E57FC374291AD2
239276EC13B87E70F7A89A870D3E22340692F2FC;1;paroxétine base|20|mg;DEROXAT;1;3373C069DB4285EC072DA43AFC81EF7B73DC3B31
6E29A1E3B6E1CAF5030B80FD41FE7C708E9F0A27;ROPIVACAÏNE KABI;0
5EA876B426D971559A9AB21D68AB452461CC9799;DUPHALAC;0
5768A1DFA450E84F5E3CEEBB47107FD2D7D18243;SPIRONOLACTONE MYLAN;0
EA872F151D2F68683D9A68735D80BA62F3623949;MUCINUM A L'EXTRAIT DE CASCARA;0
EC701335A5961693E5EC177EEB3FDF921F32BE21;OXOMEMAZINE MYLAN;0
AFB35BD464CD55156672EF5D414842961E61973D;FORMODUAL;0
28A9CEEAF25D8A39AE79835C1FD55E60438AFFEF;1;pamidronique (acide)|12,6|mg;OSTEPAM;1;FEAA1EA983F08F36BFF28C0E0BD7B46F4F02D901
870939C62A2C5EDACD0109FF92F73C77C7D2ACD4;LAMOTRIGINE ARROW LAB;0
9B012B0451BEC8AE59D9191605F1CB831AB1EBF3;VOTUBIA;0
3722E8E62D807630620589B21E54E4EF2127B85A;1;pantoprazole|20|mg;PANTOPRAZOLE ZF;1;C6179414E077090C2078B04273E5D1DC90535734
AD34A74DAD437E671CF9E8B600D1D8093A61C133;1;venlafaxine|37,5|mg;VENLAFAXINE ARROW LP;1;83AF0B8C85C704E589C1E27E2E54612867FD130D
D3447BEA7EFD18208B934DE2FE95DA77297C7E26;TRACRIUM;0
DCE57C0D48B4C510E3D08B65E1E045AE7065E5E9;DIOSMINE RPG;0
D14785DC0C3181B6A9FFBEEE4EAC0D768A458F00;MYAMBUTOL;0
774DB5A0BB497C794E16439B2A49222B9EFECF0E;BIOXYOL;0
2B9A96E6C827BA2E4D9949D6A89D25F9DD309F2A;TRANDOLAPRIL MYLAN;0
34A8E1C58CBD459751651F1495660A051DF56A79;1;céfixime anhydre|200|mg;CEFIXIME ARROW;1;0147AB156430AEA81EBD45BDE5C2573D1CE7A347
791BDF6FABA980D1505D7E27D346A619BE634C65;1;dexkétoprofène|25|mg;SKUDEXUM;0
56E4FAB9D07629D546AEC9EE0B4EABEA1A843AB6;MOZOBIL;0
982AC4D112FE3611BA75EA9324AAF6A23270A9DB;LEVOCETIRIZINE KRKA;0
53792955783F7E7CD022A1F6D5D1EE593BB7FFA1;BECLOSPIN;0
A4CADB0A30FE57CF71E7AAA5B63D5487D5872718;2;amlodipine|5|mg;2;périndopril|6,79|mg;COVERAM;0
751494ECC0C5AFCE0E39BE97F4CE028EDCF034C7;INTEGRILIN;0
1F9FD45D8C866240D142751E23A7C5D1FD23E4F3;REMEX;0
437D045E531729AB81A87478D7BF20009F4EC53A;1;galantamine|8|mg;GALANTAMINE ARROW LP;1;A60878F588938DCCA14D6C2703CD625510A0E728
2EEAF1482651F774E50830F9DBCFE88C5B065C7F;TEPADINA;0
6E4C957DE568F1B2E598A94C50AC972B30F65485;OLANZAPINE ACCORD;0
9A3C236EF7570D5FCE12882741416DD262964AC5;THUYA OCCIDENTALIS LEHNING;0
BD82730A5B4D2E8B1C379E319EDAF9290910FFDD;PENICILLINE G PANPHARMA;0
75CC5FB0F3B251D505647A15346B1821CB62281D;ETOPOSIDE TEVA;0
6754602CE57BF8FA30DF186823F93717CB2AD05E;REVLIMID;0
71A095EDF7FC6AD735C0D87B54E7A47AAC3C6532;1;tiagabine anhydre|10|mg;GABITRIL;1;28DDD5BB7AF2766E2D56438080DC3A36483BEB7C
BECBA76849ACCC372E1BA8F0501D9DDA317077A8;TRAMADOL ARROW L.P.;0
A334A9EFCB232A47CFF6651F9708B913C61D8DC1;1;venlafaxine|37,5|mg;VENLAFAXINE MYLAN PHARMA LP;1;92401468E47786731C6A42F5DAD1DBC79DBA9C81
49348F4F9B66E49774F562D4C81656C5053101D1;GABAPENTINE ZENTIVA;0
90301026B7AA8F58C8AA2B28EBA5ADB3A44EB9AA;1;adrénaline|1|mg;ADRENALINE RENAUDIN;1;B9C3097D96CA4B3ED58E56F8078C26A38FF2C03A
D7345495790BA7A0DD67A0FFC70640B9ADCAC118;METOJECT;0
5A767B34C267AD968CEF3F8DD32F406F46D3A43E;1;ciprofloxacine|250|mg;CIPROFLOXACINE RANBAXY;1;20F6F3473A8BD2E8E07002D6E90B99B1743D4C62
5DC2A99348D993C37A3C3E6E8D010F7FC733ADDE;1;zuclopenthixol|2|g;CLOPIXOL;1;449FAC854C756CC267928670A73333DEFC3195D2
65EAF2F0E60F47D24923CCA812FAFF0B4D22C3BC;EPINITRIL;0
81A9903FD9F8665F3AA3DEED99F59C4A12963524;1;pantoprazole|40|mg;PANTOPRAZOLE CRISTERS;1;9EF922C4A26551F6D9A07706838DDA62F2FB4995
379BED3C0BD6A8059CDE616CB25C84FC27159333;BICALUTAMIDE ALMUS;0
071EAAD3192351DC07527A51D77AD7AE57FCA615;CAPECITABINE MYLAN;0
F7883354B500867F2FA16E6ADC09BA3F22833784;IBUPROFENE SANDOZ;0
CE335D853500911BDD25EEAA3D77BDD73567F133;PREGABALINE MYLAN;0
E61D55E787663CE3F402D74C23A4A06D5FE65F9E;IBUFETUM;0
1A0D07BC425D6281E569091109A3D5FA8C288072;DONEPEZIL CRISTERS;0
F91E1EB603C6CC49FCCB84D0F725859F21CE2D04;1;glatiramère|18|mg;COPAXONE;1;A44FFE1541B29B704D4771C99B694AA6B73CD135
3D59F46BDA67F503C88EAD7175A33129810113B6;FOSINOPRIL ZENTIVA;0
8B73A6295BD15402986B09BFADAFE940A2765D3E;1;bétaméthasone|4,0|mg;BETNESOL;1;2F15B184BBBA7E186573424C2A5B6DC8812A0C07
CB1A4F272D821CD980026CAC35182C91FEB04889;MIRCERA;0
B56C0E4A41A7963A305C064DFA870B838524519E;TENSTATEN;0
C1C7025E321524A3A37D14E9052987EF2E977801;PULSATILLA LEHNING;0
8793825048D1F97EBF6D04F4C419CB96FB8A6FAC;ENALAPRIL EG;0
0E21DFFED87C6EAF101AE30E1373E0D3BC1BE904;2;lactate de sodium anhydre|3,925|g;2;glucose anhydre|15|g;DIALYSE PERITONEALE CONTINUE AMBULATOIRE;0
08BC781A407E5F047BD11BC9548D2BC76967FCF9;NephroMAG 0,2 mg, trousse pour préparation pharmaceutique *need to change!;0
6FFDC5163E163B623DE51724B4CE2E00D7511C3B;MAXILASE MAUX DE GORGE ALPHA-AMYLASE;0
02A631C677F6BF3AC8CD97A0D6FD2C9203446E7C;TRIATEC;0
E24CC0CEF0745A0B8F8BD7F13B133518278B6896;MEDROL;0
3EEB1072A4E0C980B821E5FE8EC022BCD407008E;1;péfloxacine|400,00|mg;PEFLACINE MONODOSE;1;E6B8329B294DA14F21919ABB165BB065238EAD52
BC20F2CDC54588490C53BAFDD725FC57C9AE46DC;XALATAN;0
A3FEB88C39806DBE4FC7BAEC2168669BFE822B9A;1;terbinafine|250|mg;TERBINAFINE ARROW;1;C955B37519AE1E6906BA7E8DC110042322C03FCF
95F7AC71A65C5E2FD506CB3781DB76D47C8D91D8;CONCERTA LP;0
6F881DC0CA0AF3E755544CB692327347CE2D6DF6;1;ketotifène base|0,02|g;ZADITEN;1;E43C949FD1A9F4E183A1E6CFAB4523985BB6029C
764C65D4972B9C228967528D72174B698542961A;RETACRIT;0
28C795FD8EEA7993EC27BD53463F6A017A40913A;CELIPROLOL ZENTIVA;0
CC0A006851C0DBFBB19ED916B16DDD20C7006924;DOMPERIDONE BIOGARAN;0
F349C6AF27F8FE681A80808495D2B6D71EB2B7C0;SPIRONOLACTONE ZENTIVA;0
868C73D5A084E267EF14300B8309797B642C3A4C;IBUPROFENE NEPENTHES;0
42885F1FD99EE4B9AEEA1FA95FDE0ED21548C497;1;sertraline base|25|mg;ZOLOFT;1;5B4394C1448BE00D81D3CAD99B0CD02D94B93AE0
4B27DD8D1C78A8CAB2B8C460C1D205FA2F01DCE6;VERRUFILM;0
0631AB6DDEA94609CF7AD608F69F60F1E5D9D0C1;1;périndopril|6,68|mg;PERINDOPRIL EVOLUGEN;1;CA1098EB4F0AC9EE05F11265C0BC83598C3DC17F
8D1327ED16A62822B80754A310575E1505B06550;1;oxycodone|17,93|mg;OXYCODONE SANDOZ;1;5672225B8A913596419D6FC636D8EB45EFCCCEA9
88B541CBA70ACC02B74B908AEA18CA69FB0594B6;2;amoxicilline anhydre|500|mg;2;clavulanique (acide)|62,5|mg;AMOXICILLINE/ACIDE CLAVULANIQUE ALMUS;0
08E2C9FE03CD96883D83EA6AD9648B70519CCD9D;SOLIAN;0
B4F359AA87C8EB875D7C54633D8857BEF97BD140;1;atorvastatine|40|mg;ATORVASTATINE TEVA SANTE;1;0FF9164A1076394E022FE66878B6DF46460EF0FB
86021C0E7BF38A32A85FC58C4670F0C2F03EDCEE;DOLIPRANE;0
449A008B5C13D669F6339621A2C93D9F0DD46C01;NORADRENALINE;0
6817CBB134E02ECB4CC81FE6C2282E983F3588B8;ALFALASTIN;0
43F7EAC910A43A71FF21E2CF08A80FE62572FE71;FINASTERIDE ACCORD;0
C579DD1EBA10CFF718C4BA42FD152E3B69FB1B86;FINASTERIDE ISOMED;0
1093A8F88E0192E56AEA5F88ECD352470F301862;1;périndopril|6,79|mg;COVERSYL;1;F0AEE422C3687F095EFD78437BC9D99DE88B6B2D
2286C5A59ACA382C7E0C7112340AB8045F23E398;1;acide alendronique|70|mg;ACIDE ALENDRONIQUE PHR LAB;1;914DEF6A1A3F6F7CFFF8FEE4E920AAD261E96C70
CD4DF50C8C395D347E99C29A23603E926FAA7200;RETROVIR;0
C123F9C96C872ED213D07115BD1A702CD1547276;GLIBENCLAMIDE TEVA;0
4D75D85FE913B35144AADC10F6BA31DA08D508C9;RAMIPRIL MYLAN;0
9EC470F1B11A8EE543530BA784E3B56E64DA0505;TADALAFIL EG;0
682CDC21D80A68AA897B4809B96B8A93BB65BCDA;PROTAMINE CHOAY;0
2EE45C7AF5B126EE8956A08CAAC8C917928911BE;1;ciprofloxacine|500|mg;UNIFLOX;1;000E2DEBA00CFD36D96507D311FAE5AF18711EB6
BF4F7137EB834CC6230C7A03AA9B3C5645A5D18E;CREME AU CALENDULA;0
3CEAC3EF331DC478771F60041CD20608A1588F9B;LEVETIRACETAM MYLAN PHARMA;0
416DDE547CE7C1D0516AF092E14B7D7D9569BB1C;1;bazédoxifène|20|mg;DUAVIVE;0
A387BB3A5FB0D7283178F28386B18D5ACAF58A53;1;darunavir|400|mg;PREZISTA;1;5ACE135B21F54A16F128F9886A0542A4DFB8CE4A
5067DECB0C05A83D1CDD4AD27022CBCAC7C32317;1;fosfomycine|4|g;FOSFOCINE;1;B537515E32F8B585D13FB06E491B2AB129D67A32
CBA13EF5977C86BAE09BFF0BE2BA99AAA358834F;1;paroxétine base|20|mg;PAROXETINE RATIOPHARM;1;BF0A80A013F10F87FCE7C225B70A01309B33FAA2
328D460B8774EFFA3914175D5CAA6454B492E6A0;DIAMICRON;0
503350D0EB2D55467D92460C45A30F551A8362A3;DILTIAZEM RPG;0
2D8792E56FE40F0E7A6D3193B375A3B938047DEE;1;tapentadol|100|mg;PALEXIA;1;6E9B6E33FC51E4FAA928D9E8C6796FD8A960AA7C
168813ECB5083AFB5820FC8C748FC42A6F26941A;1;pantoprazole|20|mg;PANTOPRAZOLE BOUCHARA RECORDATI;1;1099A6C7A93B5FD9D51C88B77918568EA2E22EC4
7693A52925BC8F702D2104D88BE95EB45664C36E;PERSANTINE;0
41A1A15830720BBB1E3C14C53F090860C17B768F;ARKOGELULES CHARBON VEGETAL;0
DC097705498E2297A05C1B16A1C5E8F1BCB3D5B1;SAFLUTAN;0
679BE488EBA5030B4C37A01C0DC4D6095B8829F0;PARACETAMOL BIOGARAN;0
2B43A1FC5AE9AF20FC04BCC9CFB3DE8DC8CDB881;1;montélukast|5|mg;MONTELUKAST PHR LAB;1;267218D5D0A50A87E2F6081AD5E9F47F53880B49
8ADA67C063179BF42C699663909AF48FF8455109;1;cisatracurium|5|mg;NIMBEX;1;8DD062D4350FA620A921F920F66756249AFE9F06
434ED1A408BAF770A3F0928EE306D312D20DA892;1;bromure d'ipratropium anhydre|0,5|mg;IPRATROPIUM AGUETTANT ADULTES;1;C4AFCD4DBEDC36846AC73F19C5516A08314246D5
5010C7EDC1EDBF644A0BA2B198DA6FD5DED30865;1;ropinirole|8|mg;ROPINIROLE BIOGARAN LP;1;18AD9AC1EB787D81DCC4496239CE80F03D2EA560
A2FDCF32027245360B77B58BA7D8CC574767DF05;ACICLOVIR ARROW;0
CFEE3322693400AF3BB4DA90D4FAA01D7C43B458;CALCAREA IODATA WELEDA;0
7724AB3D7E21E41D05D517CD4C9DD6238874DDF8;LOSARTAN HYDROCHLOROTHIAZIDE RANBAXY;0
0916FAEFEBB420D941E4BA6D2B5ACCD15A5779D0;PREGABALINE TEVA SANTE;0
A80B8E3AC805743A9E339B40062E8ABF4EC0961F;1;calcium élément|600|mg;CALTRATE;1;93F5035B318358E0DBB9CF5B74E286B543CF05B3
5FAF42403F030B1F7E8469EFA5FB76315BB3DF77;ADEMPAS;0
9A995C1404065E95DBC7CB3D0215868159219CB2;FENOFIBRATE TEVA;0
92852B50C248CE1A2094082DF131634F4F86C874;1;fer|20|mg;VENOFER;1;FF600F46480BDE55D0A5BC6F53AFE23AD9BE6307
91D98270209684EDC2004468EE47C381CA457B30;LEVETIRACETAM MYLAN;0
D1C2D105B4F687AB0E74D9517CAC09B8C286063E;MINOXIDIL COOPER;0
421EE1749C6CCF1B11F6E9EF5B7A6FB7A1F1DDA4;ALLOPURINOL EG;0
E772F04472E6DAEED85157D970196706C2F3C988;1;topotécane|4|mg;TOPOTECAN KABI;1;48D856264EEAC7C29219DA2CCC890031033EE313
20A3642679DF4F149F303783CBE5D774BF94A685;GABAPENTINE RANBAXY;0
DE74986323F3B0BF2A0CBCF47847F79E2C0E91BD;REFACTO AF;0
5AFE388B61F5E7BF8CC8CFE70EA781240B7AD975;CHLORHYDRATE DE PROCAINE BIOSTABILEX;0
C951692CCA9AB96970A2B1BBC2E686A5E73F160A;HAVRIX NOURRISSONS ET ENFANTS;0
2D3D86321A4E09BDBBA3831A55655235141ACB15;ZIMINO;0
C580F327E207C814ABFEC71E3F9179C4B87E8124;1;rosuvastatine|5|mg;ROSUVASTATINE EVOLUGEN;1;DC007B4E17F12D4897577E7CC63F9019D5777335
1445FDEBBA131DD31A53BE4A53FDD69EC4581988;TRAMADOL CRISTERS LP;0
BF7613A5408F81E7FF5BB57374CEC2A56A7868AB;RACECADOTRIL BIOGARAN CONSEIL;0
C974AED0ECEB33A6B2F3431C08896649C5BBFB9C;1;magaldrate anhydre|800|mg;RIOPAN;1;388C1DC83265B70A14BCB89AC115E8520CDF5AB9
9DF1FA6FB5113B22C1AC4C644D1D253048A7E3E7;LYSOPAÏNE MAUX DE GORGE AMBROXOL CITRON;0
F24E629A120D056730CA96516C5F4DDA6330255E;TETRALYSAL;0
4133A3BE3F52EB9652ED4CE521F585F550768A6B;OLANZAPINE MYLAN;0
396A4CDB05600527E48E66BA157EF741883FF488;VIABORPAX;0
38A0327168DC51F2C26F5433D5659EF368838E7E;1;terbinafine|250|mg;TERBINAFINE BIOGARAN;1;D3D86F3AE6976812019DE444ECFD96F885FCB0FB
71DF59113222740CE8CAC2B947EDAF978D032372;INNOVAIR;0
6F30818F3F4E2DCB8A56FB94AA35AF7B9BD09C00;DERMOVAL;0
58431E24482F1C30D1CE6BAACE65A9985080616C;ANGUSTA;0
F37DC4C0CE05A7B6C0536DA71A4B029CE6C46958;MONO TILDIEM LP;0
E000580831C6B6D9D8DA8BB5403C65AA4B7486C7;MONOSEPT;0
9DC87C711FDFDD74FEC29BFE11394B0E3DE9DA80;CANDESARTAN ARROW;0
EEDB36345BB41F4317C1038A9B9C05B20DEC22AF;LEVONORGESTREL EG;0
507F00D06CD40CC84573A48B78E2E2DDC5531694;1;oxycodone|9|mg;OXYNORM;1;E052EAE27F62811DCB7AB5CAC0AB12B50C08CFEA
4A3A6C51877DD0885B5626843F3B443DA9934664;1;palipéridone|350|mg;TREVICTA;1;3DAB5BB9967A5D3EAB2BB0AD2E4171296B7F7BBD
05D368B17393450F3BD5DBC650D469DA87F93440;XANTHIUM L.P.;0
0ABD47C7518B193265B3CBD552502EF95DF7C68D;ENALAPRIL ZENTIVA;0
3AF7105611F84F547092976277CD8485C4381D10;EFFERALGAN;0
2723B8E6654B8B5092A4C06C1D11660B89435C97;RABIPUR;0
C5EF0337E05E5CBAAAEA2382DECD7C1533534B07;MANIDIPINE BIOGARAN;0
9ED3B05EF92F14213B892A6384AD05B0A6A72299;1;ranitidine base|150|mg;RANITIDINE SANDOZ;1;3587A4D25D9F95206429FFB4D6B9FAB3D37D6E33
F5C43CB87BC5640E8A3A5A2BEC6E3DAFC2EC850E;RAMIPRIL KRKA;0
EA02C6D686AA8A27F05E8EF142BEDE9A7E4DA230;AVODART;0
17B3CD27238E241AA397F78C4A0736FC34556A7C;LAPIS ALBUS BOIRON;0
5313BE498F0CA37997756C52F823836A8B56DB7D;1;escitalopram|10|mg;ESCITALOPRAM MYLAN;1;3A11042D4D8D4BDB6D70CF9ED3D2BEB42F6D97E9
3C5DBAC72830577DF7F2DF907CDD5507F4D47E02;CRISTAL NOURRISSONS;0
6502A9F289E5C2FDC5F73C66F57C5725CE070C9E;1;fluvastatine|20|mg;FLUVASTATINE EVOLUGEN;1;69DEE0446EDA6A7CDD343C5D675D73D0C15A9EBA
A2A16E14FB9E3D9CC6E2E486EB47F57A95C69D3B;DYSPORT;0
F6EEDA32A337C35DDF0ED985CA5FD41C68E83AD3;CLARELUX;0
1752CD99C1B9DD86B94CDF91771F3CBAE595A79D;1;mémantine|8,31|mg;MEMANTINE ARROW LAB;1;222DF024FF5B2936F15F4BB28396BC73923A0D9B
9BEC2327B0E7E6B764D7F35F6009A3681161BBAE;KETOCONAZOLE BIOGARAN;0
08A9C83B0AADBB22DF3308E96CB54FED25D69A6F;CAPTOPRIL HYDROCHLOROTHIAZIDE ARROW;0
E514446CC31BB57A06A7B3924FF0622A8532AB3C;1;sitagliptine|50|mg;XELEVIA;1;8D8C762E8E2630C4E60885D20AE95A0512B9938F
DC3C7B52A1AF5FEE8C729C16AB81995E588BB27E;1;magnésium|0,012|mg;OLIGOSTIM MAGNESIUM;1;12F0DD5F7D79989FBC0FC6CB6D24DEE42A9BC964
1F8D52C98DDAEC14E90399D9F3752F0C711B2501;CHLORURE DE SODIUM PROAMP;0
D5A5EE37E1B0AE1CDD90AC2F45BFD85730472FEF;1;périndopril|1,6975|mg;PERINDOPRIL ARGININE/INDAPAMIDE BIOGARAN;0
38DBAE514944173166DD73C4CA8A59B0ECFD83C2;FIBROVEIN;0
7B0128BA032AF85C730636BE6718613B327673B0;LORMETAZEPAM ARROW;0
7D53AF8EB489F8A2ADA07737BC6B96407D9B70CD;MUPIROCINE PIERRE FABRE;0
4671D53F355C65792F437118CADB4B31C39A597F;1;clopidogrel|75|mg;CLOPIDOGREL ZF;1;CA394AE7F64883AE7884615C1DAA644D05096030
5AA8993E6C6B3ED8A2461148EB44B484703B8130;1;ropinirole|4|mg;ROPINIROLE ARROW LP;1;70BDF6F7FC245763E6E7F86FE342A48E25BF045E
0F9FD925EF5290DC97030F76280B5FA80C966233;OXCARBAZEPINE TEVA;0
E89FD1A20E0C8EE4A5EB7F80ED9E4DA022A046A7;SIMPONI;0
E3BAFD0B5BF171A78C4FACB7D828CA2AB003A2CE;DROSPIBEL;0
927B5602E05525696B47F6373893BAB8FF6A23CD;2;glucose anhydre|150|g;2;lysine|1,700|g;NP100 PREMATURES AP-HP;0
47158A2D282B61C81C8C42BA48452EFFAB6BDD68;REPAGLINIDE ZYDUS;0
84C725C90D131EC89B0C7D2F8B1A099CFB4294FA;OLANZAPINE ACTAVIS;0
F5A142696A29D7B54EB18588477C70563C2BBF32;SYNACTHENE RETARD;0
451F142A72CA9F9DA0273B3FA2AD3E5AA0FE9FA4;HEXTRIL;0
8EA8FB1027D8CA1C6DDE549C021C3A798FAE6331;ARIPIPRAZOLE SANDOZ;0
F593F6EE86FFB255EEF95E653C880C33B39465FE;1;venlafaxine|37,5|mg;VENLAFAXINE EVOLUGEN PHARMA LP;1;7362C687B4B47EAC3C07B53F234A977F396E683A
0091EC8DF820324D57446EA425D1BA74D7FF2271;CYANOKIT;0
AFB825C12FB504C0DD3C2AD980C1A74AAB2898D1;AMIODARONE RANBAXY;0
7B444AB9985170858964DE0079D788414420839C;PREGABALINE BIOGARAN;0
F0BB30C8F6D08ACBBADC9A613147AB224E10854A;DEBRIDAT;0
5DBC7B44613900100F9A4B578C58E7AC54067992;OXYGENE MEDICINAL LIQUIDE SOMAL;0
0AA97906722620DC5D3E3CDF5B2268B86CA15E8B;CANDESARTAN CRISTERS;0
E0F50405CDE55AFE62EDCFA77A7C2E37B48E1A0F;BAVENCIO;0
F0FA9D9B9D46E62FDE2AB8FDB5F6989FFD0E756D;TAMIK;0
26F88FC5BF299CB89895F3A03B1FEB1A9B61576A;FUROSEMIDE ARROW;0
07A3B3B429DB9EFC383118C1A7F5295ED376D779;1;glucose anhydre|15|g;GLUCOSE BIOSEDRA;1;472E969F28D0CEBB7538FC7C8830BC1E0A30546C
6A8C22779ED8DC63C1FBAF346099EC8E4E6FA096;PARACETAMOL TEVA;0
791DC85B51BE14310F72F2407AC923DFE7B813BC;MONICOR L.P.;0
92666A91288F54AFC8469F2D152AEDEE06C354B6;ARNIGEL;0
6A95F579A33C19638F6F4AF6B85FA0E138E48DD2;1;ceftazidime anhydre|2|g;CEFTAZIDIME PANMEDICA;1;758DE55B0F8EA37BA124E1853DE7EBB8B0062F1A
8C65E957C838F7CF412DCEC688050B972585E329;PILOCARPINE;0
4ED47D49BBCDC866302378C05B9AEEFF00F0A30C;DAFLON;0
2B90DCC3379175817DD77E03F4C5FC8C79835A97;CACTUS GRANDIFLORUS LEHNING;0
E797E718E31CA60E933A37B9ACA17347AC06E8C3;TALOXA;0
EBC4E0052DA3AD4D23459B2BA729DDAFCCB8AD5E;MOLSIDOMINE SANDOZ;0
F00E436514F73B43875AB1ABBAB8A451AC43CE6D;SOTALOL RATIOPHARM;0
2119806317CCF5332C291BA892951E1866E63067;AZATHIOPRINE TEVA;0
4A50A09A8393BF4A013651D624725C74021251B1;1;donépézil base|4,56|mg;DONEPEZIL ARROW GENERIQUES;1;93B324AA5F0BA8D90531EDB1EA118B389CE0F5DD
AC603514317F24F45AE9F7989D37F2FE0075AD0C;FAMENPAX;0
76483D8680B653F8E81828854E0DE1CF197D17B3;1;cobalt|0,029|mg;OLIGOSTIM COBALT;1;13C93996BEBB95A428CFF89B46E9CAD39D898B5D
8E90FDB35549EBB309BFCB110E5B18A228A0A41B;KREOSOTUM BOIRON;0
CD284144B10EAD878E05CF744C92CE581B05352A;ACTIFED RHUME JOUR ET NUIT;0
063B18B645A2D9B3A7844583B54AE51BB5ACBA8D;1;chlorhydrate de lidocaïne anhydre|10|mg;XYLOCAINE;1;713494F84C53BD429DEC95CA565F7A975B500A14
066ABFDC4059736C8137335FB6ADC6A746FD0A0C;FENTANYL RANBAXY;0
FA99FCFF41AD49AFF7F3018CEF987F9E961306FB;ACTAEA RACEMOSA FERRIER;0
D0EF1B268DC06129EA2FCEA5F6B190DFE02EEA5D;VERCYTE;0
ACD9AFE993EB34A0E066684670A76BBE206EA3D7;OLANZAPINE ARROW;0
B306ACC15ADA6493795EA7239A2AFF74B49E72EE;OLANZAPINE ARROW GENERIQUES;0
0D49AAD9836A18584D161DC726783666C4D73DD1;INCIVO;0
63DAA6C990244AFB6780F2423FB8D55A720A6759;SIMVASTATINE ZYDUS FRANCE;0
9A4DA50FA85E5AFDB572C4B9D029760BC9922BFA;ISOPTO PILOCARPINE;0
090DEE260F1104F2C4F74122C9F67E428D10A2D7;ALLOPURINOL RANBAXY;0
66B2965413B202BD0C819CE114250346B7FDF583;BORAX LEHNING;0
00936021492F7ED77CD3C1D91E8FE49E794631F5;FLUCONAZOLE MACOPHARMA;0
1058BB992FD7CABC41BC7E2202492D74E7D4F883;NAFTIDROFURYL TEVA;0
AF4FFCFD558E2D20555196D6E6001360BA84EE2D;1;montélukast|4|mg;MONTELUKAST TEVA;1;B1652B374253268BCE4288A2AD8DFFB38D847363
2E8F85053D6EC4C018EE8057CD2E15B874C126DC;1;tramadol|32,94|mg;TRAMADOL/PARACETAMOL KRKA;0
6FCF9098E2149D6A03C9281C6A62EF3A13391CF0;1;irinotécan|17,33|mg;CAMPTO;1;18EAABC45611FFDB0CDEED8F8920CD4A9FD10BD9
10F605EA310FBFE37FE6C1AC5F9F10C2C307C9C2;OSCILLOCOCCINUM;0
809E2EF4F0D6673F292024559EFA9C9D020237B5;1;rivastigmine|1,5|mg;RIVASTIGMINE ACTAVIS;1;B0CD8EF6147ED428A584E26F4E65C77E985B5F62
066DECBD936861F82C943BC3441AF15976B8F5BA;MEDIFLOR N;0
E4D2FC22AA78AB6385D8D397410C20E5073FCD6A;IBUPROFENE BIOGARAN CONSEIL;0
95B3BDCBBDD992A3BAF14CB3E601F4E6B2EFFBC6;1;vancomycine base|125|mg;VANCOMYCINE MYLAN;1;891DBB406ABD0AD2A9CDDB278C4106E99C4A5C3F
9365DB4D62BDB32EBA681558DA5BDB7088B1BF2D;SEVELAMER CARBONATE ARROW;0
8752393D3BDDD7C862EFB582DEC29B562E3AF9C6;1;doxazosine|8|mg;ZOXAN LP;1;48A924AC9B9413B2F29926D6947D9D5B57BEC6CA
1BB3E3E8FBED7B892DCD5F85FB3785D6BE1379D1;PHYSIOGINE;0
0D28FB006A306341DA840FB8BFD72B9E5308A585;FERVEXRHUME;0
C7C316228AAAB919DA099430075E254EB0C9C475;1;carbidopa anhydre|25|mg;SINEMET;0
A24ED958256DA5D0BFA17531104FAFA569E9D21A;1;ranitidine base|300|mg;RANITIDINE TEVA;1;23CF6CCB6FB7755E16DC8DA0368D0BFE24409A48
64518656BA355C3A1146D65C1FC483EC1F0FAB12;MAGNESIE SAN PELLEGRINO SANS ANIS;0
D0B2FE1A3786372B023B74794E41B550E28DD24C;2;amlodipine|5|mg;2;périndopril|3,395|mg;COVERAM;0
58E8E1821B5D2A05DC0120EA44588C9F37EC9F79;1;ivabradine|5|mg;IVABRADINE ZENTIVA;1;D73EDE1BA5CB2E51296A99FA476E99A7C0ABBA24
8424F2FCA4F9CE0E49FEE82B8B8F578075623E52;PARAPSYLLIUM;0
B2069645ED240726ADA07DDCFDFA20873F623DAA;2;amoxicilline anhydre|100|mg;2;clavulanique (acide)|12,5|mg;AMOXICILLINE ACIDE CLAVULANIQUE MYLAN;0
EA8B9DE7CA00EFAF00B8D2B895F632A2DD86DB8D;NEUPRO;0
55E2ABC6598F4CE48DC8167FC52463095596F2B4;LYRICA;0
7F57C5593BCF77A3709F5E23D5AEB9C32C1CF558;VITARUTINE;0
6C4B07E4D2ECD7FC93F0731A30EB992D0D800255;1;tamoxifène base|20|mg;TAMOXIFENE BIOGARAN;1;661DD35DE2BBBAF792E85889B86C1341D8D95F7D
C005E0A8014EF6A64EA795BD435E44FD2289215B;OXCARBAZEPINE MYLAN;0
C042F64A868F68085F41C2BECD49F7A578F5B7DB;TUSSIDANE;0
CE0C0D26A2C2D8491975FF098F35AE3B48F9C9A3;TALTZ;0
C2882870D606C7A7E91C52218C04C38457F42388;1;céfuroxime|250|mg;CEFUROXIME ZENTIVA;1;C56ECD926A70562BEB9B8F43278EA95E38AD4A25
667562097E2DD60611D0DCA296A2DC4FDFC082E3;RAMIPRIL ALMUS;0
1FD616ECE52169908AE27642D5103BDC9788E3D4;EPIRUBICINE EG;0
3E0F671514E11E8B6AB2217854399C80F08435A0;1;amlodipine|10|mg;EXFORGE;0
1703012C017160CA6DEE796ADE71E5EEF69C055E;1;bamifylline base|274|mg;TRENTADIL;1;57D8CA67241BFAF40D20CCA639CE1BF85AD02833
D913D6C373F5F05801A9B9F8D87E562473208938;ASCLEPIAS TUBEROSA BOIRON;0
BDFD8A8C61CAB45F8EF3334625272FC895ACF71C;RAMIPRIL SANDOZ;0
634B794F7E7A802825F8ED78A4E646E086AB2E6C;ELMIRON;0
592F85B09CE5FCE64B70BD1CDBDD3A7C8246DA84;BICARBONATE DE SODIUM BAXTER A;0
92568CF4BFBAFF10381F7A90A81B2579DF091290;CAPTOPRIL SANDOZ;0
A204680AF4419C889A8184718015469E4DCF8EE0;PREGABALINE RANBAXY;0
A86AFA5F82051680B33ACC2AD24ACCB9E67592BC;1;escitalopram|15|mg;ESCITALOPRAM ALMUS;1;6BF686F3C5AA6928D14D59361129118A75B99921
803F6ADC837E7A5809CBF0BB1478C097AF293C97;1;tramadol|200|mg;TRAMADOL EG L.P.;1;78B323A06C49FAC1C1AC1CF84FBF451C3607464E
EF0440D757FC79110C333A4F9562C4628D79EC2E;FARMORUBICINE;0
E75BD55E0665B6DC44040FFF54990CAD74052CC6;TAMSULOSINE ZYDUS FRANCE LP;0
7AA49D85C591E3832F5326610179418E5AD0F855;ZALTRAP;0
08165FE7022A178FC4CD229467554347A3B05389;ARIPIPRAZOLE TEVA;0
84E1061D36AD5AD4B296168013047223F6F86C78;VECTARION INJECTABLE;0
1182141EEE2446BD1CD2B9DD066B8DC468D1AE89;AMYLIUM NITROSUM BOIRON;0
6950F4A773CEC7D7AF34B4E9217FB5D46BFF919F;EXEMESTANE SANDOZ;0
A8D065FDA4F206AD578B37AC5DDE22438572634F;SIMVASTATINE BOUCHARA RECORDATI;0
559F782758D50438BFA19A0E4C9FE3E2801CCAD1;KEPPRA;0
37812A5FCF762A1B25801876DD17D2C137C7D8F8;REPAGLINIDE SANDOZ;0
FF141B5F5BFCA05DE649D586E8821AD1CD56C53B;1;pantoprazole|40,00|mg;EUPANTOL;1;052AA352CFFC7365B6361372221FFF846929478E
E0D479543724D05E60A5B15D913449C03B62A23B;AFTAGEL;0
26981261FBBC29C4C95FDE1D8B287EE2FFCF1088;DOLOSPASMYL;0
9328BCCD78F4E8C54581EEDFFD75B4F5A84EFC05;NAUSICALM ADULTES;0
3C7F4BCBC90E3356AB19794D9DDCFB9BF070CB6D;1;escitalopram|20|mg;ESCITALOPRAM ZYDUS;1;0A11B6BD31CB9F0904147DDAE0CC159898E4E1A8
BAACB222116F23DCB0977657E7CF4BDB74AE1C46;UVIMAG;0
4A69526153AB45E5FDA48570EA1D1344DD45811A;ASPRO;0
7DBE98B9E4F5426D12765C4198CE0A2F9037110D;INOTYOL;0
0C5BD61D9C702CDD56FC1DDD939311A28656C751;VINCRISTINE HOSPIRA;0
65B661500A9AB9C5C16DABA4D5DF6EC45E2E2A12;GLUCAGEN;0
FAC9A26DA6BB723D7CCDA5AC42D62CC93F328F24;GLONOINUM WELEDA;0
A4CC5165F7F0994949AE9057E4B21AC970291CA0;1;magnésium|48|mg;MAGNESIUM/VITAMINE;0
FAD3DBC039DCC1BC418A10E6E4385209A2B3EA5F;FRAXODI;0
85D49F71874C1B11B14108C2C5346CF068AADD58;VIALEBEX;0
