CB873D4144BE7FD09F822EAAD9B6B3B931BEAA1A;comprimé;1;chlorhydrate de buprénorphine;BUPRENORPHINE ARROW;736D928B4ECB8FCFB85742AD2E7195E379F98DB9
CA5796A19BD6C080935671391069EE41271B742D;gel;1;diclofénac de diéthylamine;DICLOFENAC MYLAN;1F6284E14FD65FB108859DA6A43971197C536A74
19EFE83110BF7C3974963E7C3DB32143244A145A;comprimé pelliculé;1;valsartan;VALSARTAN ALTER
7108C5D97E5D74B0429FD6C9CA12C2F55FA4A91D;comprimé enrobé;1;céfuroxime axétil;CEFUROXIME ZENTIVA;F843FD3C54FBAE60D222CAC5CE924E7D35DEEE65
43A144A2F20749A4E21BF1F05A279038FC8F8AB0;comprimé sécable;2;captopril;hydrochlorothiazide;CAPTOPRIL HYDROCHLOROTHIAZIDE ARROW
A4DDEC7FF6DF313918BE353E99456EA089B048C6;solution injectable;1;bétamethasone (phosphate de) et de disodium;BETNESOL;382130CD2EDC94C87A617F427CD92CF05BAAB00A
5BB790198358179F90D55D461D94D49B6A9271A6;gel;1;kétoconazole;KETOCONAZOLE BIOGARAN
C75C542025D7E24FDF57FE60DD59A018683497F9;comprimé pelliculé;1;simvastatine;SIMVASTATINE BOUCHARA RECORDATI
87494D0EF8132D7624BF93271042C093143AF18A;comprimé orodispersible;1;olanzapine;OLANZAPINE ARROW GENERIQUES
5D4A392A49B63B9D9F2EDB1B967009AA4F79B64F;gel;2;chlorhydrate de lidocaïne;sulfate de zinc;AFTAGEL
704797E4781BC2993824229855ED13A8DA425842;solution buvable;1;lévétiracétam;KEPPRA
F8AF4985CCF60124B335560741B0E56E69D9C113;suspension injectable à libération prolongée;1;palmitate de palipéridone;TREVICTA;1F9C738D73DF0963078B5695CFAA615190CF2349
96E855AB021FCD9821D50142FDC3FD382D3D6FD5;comprimé pelliculé;1;maléate de trimébutine;DEBRIDAT
36C696DE4DD21F2FB6F0A729CA1AEF89A0CF501D;comprimé et solution(s) et granules et poudre;2;substance de base homéopatique;kreosotum pour préparations homéopathiques;KREOSOTUM BOIRON
8B7AF667EFAB696B533772A980BC89299B42B2E1;comprimé enrobé;1;olanzapine;OLANZAPINE ACCORD
984328B1668F8329B40DBBEBC745FA256FE39369;comprimé pelliculé;1;saquinavir (mésilate de);INVIRASE;BF9E5A87CCD0A282802D260B3C21FDDCA1FEFB4B
3BF1767A12547ABF70C3A797B2B73C395492B7A1;comprimé à libération prolongée;1;chlorhydrate de ropinirole;ROPINIROLE ARROW LP;16A73B75C820B34BA07264D7739FA5C16FA8EFF7
D91863770CFFB96C9782C1BC53026B240E5AD951;comprimé;1;citrate de tamoxifène;TAMOXIFENE BIOGARAN;2618A59F7868D5464480AC3527970F349EAC9137
1024F82A6620CBFED43A7EC12D89F0134CC68075;comprimé;1;allopurinol;ALLOPURINOL RANBAXY
E4749D6989CE5420E620131EA4DBEDD5C0650818;dispositif;1;rotigotine;NEUPRO
FA27F0D7478A62752CE8100DFAE5065F0A718CBF;poudre pour solution pour perfusion;1;chlorhydrate de gemcitabine;GEMCITABINE HOSPIRA;83E296C015A2379933FAF5E1FB49DDA822D93E95
619B36CE93338BE18F1A49DD8E653D2F783D4D0E;comprimé pelliculé sécable;1;chlorhydrate de paroxétine anhydre;PAROXETINE RATIOPHARM;F8C9789A87AF763C249153C0D417959A89B897D4
C5B1A4DF43BD0A8092DE28C6D375E42CA7811A18;comprimé pelliculé;1;anastrozole;ANASTROZOLE ACCORD
4C05E8CD530C9E8BA1D1B8AA8710EFEA954B5FA9;solution pour inhalation;2;dipropionate de béclométasone;fumarate de formotérol dihydraté;FORMODUAL
48DB6F619097B7CEE5AAF8CFC3927F1B70A126DA;comprimé pelliculé;1;atorvastatine calcique;ATORVASTATINE TEVA SANTE;19FE7D3AD076241F1D17DFE39E11092607C550C3
EA2649B3D6E114ADA9379C2D1B73A3E99D9BA4FB;comprimé pelliculé;1;oxcarbazépine;OXCARBAZEPINE MYLAN
CDC0025E99DF81DA5849AA0E71FEA9A737482741;comprimé pelliculé;1;exémestane;EXEMESTANE SANDOZ
6871D61C0D4CE336A1B4AD00D3EDAEA03C7D857A;comprimé pelliculé;2;éthinylestradiol;drospirénone;DROSPIBEL
9D686600362C0C614544FBA08441C52A963DCA35;comprimé;1;dichlorhydrate de bétahistine;BETAHISTINE TEVA
127A70186A67A458DCDEBBC91E4571F40ADE9D70;suspension pour inhalation par nébuliseur;1;dipropionate de béclométasone;BECLOSPIN
4050D1F06208222773EB21B959A4B4D51851A28A;solution buvable en gouttes;10;valeriana officinalis pour préparations homéopathiques;ignatia amara pour préparations homéopathiques;asa foetida pour préparations homéopathiques;avena sativa pour préparations homéopathiques;staphysagria pour préparations homéopathiques;sumbulus moschatus pour préparations homéopathiques;nux vomica pour préparations homéopathiques;cicuta virosa pour préparations homéopathiques;hyoscyamus niger pour préparations homéopathiques;chamomilla vulgaris pour préparations homéopathiques;L72, solution buvable en gouttes *need to change!
32D85C8270B7F4AC64E507BD3B5BE12CD7542F4F;solution injectable pour perfusion;1;bicarbonate de sodium;BICARBONATE DE SODIUM BAXTER A
2BAC478CD38FB1EF49DE9B3709BDC6A5DEB6B95C;comprimé pelliculé;1;capécitabine;CAPECITABINE MYLAN
B1A314F4B1F23CD15CB2B0F4D32617DABE378E98;comprimé pelliculé sécable;1;ofloxacine;OFLOXACINE BIOGARAN
DDE2F6BD6B817CEF44ADFDB78E19C28D5C7ADA75;comprimé pelliculé sécable;1;chlorhydrate de paroxétine hémihydraté;DEROXAT;A2C190975639E02D9CD13AEA7E9ADB9D0E45B0B1
0BB1B587DA33D7BE503DA354F9D14286B867672A;comprimé pelliculé;1;olanzapine;OLANZAPINE ACTAVIS
953662D501486B843A7A506CB15B23E1211E6F1D;comprimé;1;lormétazépam;LORMETAZEPAM ARROW
C5F5B9BB429336399D148233472996BD68EFF733;comprimé à libération modifiée;2;acétate de bazédoxifène;estrogènes conjugués;DUAVIVE
08F234733CFC222ED996B5B698B3B44E8A15F46D;solution buvable;1;carbocistéine;CARBOCISTEINE SANDOZ CONSEIL
D0BD105A21E8364552C6F93775E17EE622DD79C1;comprimé pelliculé sécable;1;bromhydrate de dextrométhorphane;TUSSIDANE
05DB54EA4D19F8514F360ADD7270F2C61CFE4CF4;comprimé pelliculé;1;tosilate de périndopril;PERINDOPRIL TOSILATE TEVA;F217F3F0516B4F2B353FBB8F2DD78D86C5B30812
D1D713A71E0FAF7162704CDE3E4AF416FB3BA6FA;solution buvable;2;codéine;gaïacol;PULMOSERUM
1EB755E2371E5947EF9209353583E22D201F9518;comprimé pelliculé sécable;1;simvastatine;SIMVASTATINE SANDOZ
68AE873DE7F33B6C1A9AF71A45726ED4D8061776;gélule;1;prégabaline;LYRICA
EDF7542465BA4F42630C6C5583CACA0AA30AC04F;comprimé sécable;1;ramipril;RAMIPRIL ALMUS
CEBCBC1E8B3BF050D23B1F1CB75AADCB5522DB91;comprimé orodispersible;1;aripiprazole;ARIPIPRAZOLE TEVA
5D6DEFC819E81E48343A009C675F2071C610B59E;comprimé pelliculé;1;oxalate acide de naftidrofuryl;NAFTIDROFURYL TEVA
B3C78A1FFA2793FF8D57323C827B6F4333FCF621;comprimé orodispersible;1;olanzapine;OLANZAPINE MYLAN
C79E4FE0F1B9D6A17C02AD205F603C468092A3AE;solution buvable;1;heptaminol (chlorhydrate d');HEPT A MYL
61F894FC37DEF8952706E249EF4B17CD23536181;comprimé sécable;1;répaglinide;REPAGLINIDE ZYDUS
3FC9E1568EA4E69FF071A634C64121F6920A8931;gélule;1;pentosane polysulfate sodique;ELMIRON
4055C7575E46C2FC70E606EC29F78D25274DF94C;comprimé enrobé;1;ibuprofène;IBUPROFENE SANDOZ
50ECBDD0170490E54C9A1B6BE783F0DCDDF8A68D;solution injectable;1;eptifibatide;INTEGRILIN
6874C6E32C7E5B2BAD1F75C02A568E30599C6091;comprimé pelliculé;1;lévétiracétam;LEVETIRACETAM MYLAN PHARMA
20988A163A2A9BF8F6187DF6CF587A70E81E4E92;comprimé enrobé;1;dipyridamole;PERSANTINE
3ADBBA244D5362C2530D6A64954B999A9324C65B;comprimé;1;prednisone;CORTANCYL
BD7B2E9C0BCDE569691563C038703609237A76D7;crème;1;aciclovir;ACICLOVIR MYLAN
17A5D1A3A71473C728C0A83BBC8C8A324A264EAB;solution injectable;1;chlorhydrate d'éphédrine;EPHEDRINE RENAUDIN
684DCBF133842B970F0646F04980CF8E951099AC;gélule;1;fénofibrate;FENOFIBRATE TEVA
0FDC44B160E020D9BCEDEB5E07C503AA431203D1;poudre et  solvant pour solution injectable;1;virus de la rage inactivé, souche flury lep;RABIPUR
25DFD983B9EB9A1D3B8AAC50E6A3E918AE19C7E0;poudre et  solvant pour solution injectable;1;ceftriaxone sodique;CEFTRIAXONE MYLAN;6675FD4215B17AF350F1B406D574ECCE1491DC64
C4188F2C64DA177692A8287DABB93885628B9397;solution buvable;1;ketotifène (fumarate de);ZADITEN;66830E38CC21E44EB3E7AF13432DD1FD9F00FDBE
BF860BBD1E8B8DA0A40D1DDB631552678DC41B1F;solution à diluer pour perfusion;1;aflibercept;ZALTRAP
8BFC2DD0B697E85561C1128AE9EBF5A1847FD974;solution buvable;1;lactulose;DUPHALAC
AFD6F7B1049BA131082D15C9EEE2028360418B34;comprimé sécable;1;molsidomine;MOLSIDOMINE SANDOZ
14E4B43DE454E3D6EE4E36907CD6A6E9B24EF242;comprimé pelliculé;1;finastéride;FINASTERIDE ACCORD
D0A12876B3F768DC0C9F35AEBBF4ACD55D00CC2E;comprimé pelliculé;1;tadalafil;TADALAFIL EG
C1DB251032927C08981A9FA4C0D254335BB3F584;comprimé pelliculé;1;fraction flavonoïque purifiée micronisée;DAFLON
0E2934A437344BBE8960FF7E252B3D1A8A330C13;capsule molle;1;nitrate de fenticonazole;TERLOMEXIN;5778A7F3A01E8C311B42B4D75819696C0E6BAE56
67C00A6159A1C41E515CDA80886914AC1AE42A99;comprimé pelliculé;1;chlorhydrate de ciprofloxacine;CIPROFLOXACINE RANBAXY;50C8B0394BE73686C56CD4DC4DC569037E05A0BF
C6F53EFE5503BC84713D7B64D6D5534A301EAAC6;gélule;1;paracétamol;PARACETAMOL TEVA
21F3FC28D1CA480613C028CDBCCA526041D64658;comprimé pelliculé;1;diosmine;DIOSMINE RPG
C12226212A91F971342CB57C17FF87269E9479B9;gélule à libération prolongée;1;chlorhydrate de venlafaxine;VENLAFAXINE MYLAN PHARMA LP;C6CFA59BFC256D96FD512FD555E6F730918A8481
087DC464977D83AFE247288FA9EDD9C6F6A8F3C9;solution injectable;1;plérixafor;MOZOBIL
18D25B5C8331877C93C26CB666DC253139BB88BE;comprimé;1;felbamate;TALOXA
8431ADA2143CC34CFBA81B4F08EA324FB7818A82;comprimé orodispersible;9;belladona pour préparations homéopathiques;pulsatilla pour préparations homéopathiques;petroleum pour préparations homéopathiques;cocculus indicus pour préparations homéopathiques;glonoinum pour préparations homéopathiques;argentum nitricum pour préparations homéopathiques;nux vomica pour préparations homéopathiques;vinca minor pour préparations homéopathiques;zincum valerianicum pour préparations homéopathiques;VIABORPAX
545C655063CEAB28FC65490134824BA429263A90;trousse et  trousse pour préparation radiopharmaceutique pour injection;1;mercaptoacétyltriglycine;NephroMAG 0,2 mg, trousse pour préparation pharmaceutique *need to change!
610E5B8D8922D3355668841D0F86C7D9BD909A8C;comprimé pelliculé;1;pélargonium (extrait fluide de racine de);KALOBA
CF5F3BE2FBF97F72587B8686CA5DCCA7EB5E9DC7;solution injectable;1;chlorhydrate de procaïne;CHLORHYDRATE DE PROCAINE BIOSTABILEX
DC29E365AA59F104A80E43974668DB33311B6118;solution injectable;1;strontium [89 sr] (chlorure de);METASTRON
4D08382ECA3E21D5FDBED4B6CDC265CDFFBBF27B;comprimé sécable;1;maléate d'énalapril;ENALAPRIL EG
243E6681BD2D39AC3BA644BC7748AB0A831419CD;comprimé pelliculé;1;céfixime trihydratée;CEFIXIME ARROW;94328311A6C70FF9976744B49CBDE2E73030539A
F3D954837794930260ED1FAD7DD768C54D166141;gel;1;propionate de clobétasol;DERMOVAL
0792C02E65F6BBA892CBB28D6FD32917D396AB3F;comprimé;1;périndopril tert-butylamine;PERINDOPRIL EVOLUGEN;0A34DA07020BEEA598DEB6F07799C53D7363A7AC
AB7410B4613B76779E8B2F6409883FEAB954382E;gel;1;ibuprofène;IBUFETUM
A7006C764C438187E8BE953DA8DB355519FDCBD1;poudre et  solvant pour solution injectable;1;glucagon humain biogénétique;GLUCAGEN
A56226CE08EA7ED1FFC0DB698D1335B1927DAE42;comprimé;1;chlorhydrate de terbinafine;TERBINAFINE ARROW;0B496563B45F18DF34124807CE514F8EF2958E1F
CAF9AFE9F1D0BE5319D131609174E720347905AD;pastille;1;chlorhydrate d'ambroxol;LYSOPAÏNE MAUX DE GORGE AMBROXOL CITRON
3158B4DA8FF6EDEA3D98AA0228679B229F287EDE;solution injectable;1;chlorhydrate d'éthambutol;MYAMBUTOL
5E4963E6F8BFB07E85CF4280AFFFBA4C1980FDC4;pommade;1;mupirocine;MUPIROCINE PIERRE FABRE
FDABD94EB12FDEC5FB5B2C42847B73B389D99644;comprimé gastro-résistant(e);1;sodium (valproate de);DEPAKINE
1AAFF3D28D5614AD955F44DA91AE5A82EAAFF781;comprimé pelliculé;1;ibuprofène;IBUPROFENE NEPENTHES
33CB30BB67583CD24046FAA4BF3FE4B448777BE6;solution à diluer pour perfusion;1;pamidronate de sodium;OSTEPAM;D3E6B8A6D5E91FC613D59A768521C4CAC8DF9FCF
6F12C4FAF5AC44A4C6E333FD800E32F99DE612CB;capsule molle;1;chlorhydrate de lopéramide;IMODIUMLIQUICAPS;B106365BE158B8C02A54AF4EE65874BCA091F7A1
A03798163293FE3353E9C1D8D1C72C0E36EEAB62;solution pour perfusion;1;protéines plasmatiques humaines;OCTAPLASLG
0FF7EDF93F14A00DB2545BB0F0463089656DF8B1;poudre pour solution injectable;1;ceftazidime pentahydratée;CEFTAZIDIME PANMEDICA;C98F52016063ED69D6B8C343754E13B8F8C0950E
3AFCC1B5277B8686754FB74AC9A72424407ED9D9;ovule;1;estriol;PHYSIOGINE
25C7C293BEA972E01876800F3AB23BE969223536;comprimé pelliculé sécable;1;carvédilol;CARVEDILOL MYLAN
902DD3CD417061EBAAA874A9C45D8EF73A428CFB;comprimé;1;aciclovir;ACICLOVIR ARROW
D8DA4954D25D980B438ACE43F65D2B848F31657C;gélule;1;racécadotril;RACECADOTRIL BIOGARAN CONSEIL
6E40002673BD2DF94D1556FF9236580501D9136A;solution injectable;1;midazolam;MIDAZOLAM SANDOZ
333DDCED24A6EB007D74528426E89BBA7305698E;solution injectable;1;chlorhydrate d'éphédrine;EPHEDRINE AGUETTANT
497D2A2C08F2F8FBB2A44E1731B65FC4D42F57E9;collyre;1;bétaxolol (chlorhydrate de);BETOPTIC;A30062F71077182B4EA16D69D3591946E5DB7321
50D29BE88129561640A1131F34634F41751A94B0;comprimé et  comprimé;3;chlorhydrate de pseudoéphédrine;hydrogénosuccinate de doxylamine;paracétamol;DOLIRHUMEPRO PARACETAMOL
F5D193E6970E52E5ACB078777CE80C0D1D797E95;collyre;1;céthexonium (bromure de);MONOSEPT
2B9652B8B87EB3ACB157E44D1293A45E948E3F53;comprimé;1;tartrate de rasagiline;RASAGILINE ARROW;ED78D4BE95A7F1D6615A525A775995C2A5234493
E15F5B597277F5CFA2D47A8BFC757A293DE228D3;gélule à libération prolongée;1;chlorhydrate de tamsulosine;TAMSULOSINE ZYDUS FRANCE LP
1F87BF1AE1F7B992004A62B717E57111032D4428;comprimé pour suspension buvable;4;vitamine a (acétate de);levure;cystine;soufre précipité;SOLACY PEDIATRIQUE
3B1BAC8F7182FD29CA4B953654CDC4462441C3D0;solution pour inhalation par nébuliseur;1;ipratropium (bromure d') monohydraté;IPRATROPIUM AGUETTANT ADULTES;532ED89CF03CFA86D86F41844D21500A2DECA2B9
6649C9D4DA4D7854CB64AF243C4914F75887B246;gélule;1;prégabaline;PREGABALINE MYLAN
8FB74939597E39CDE837434871EC7C6E5DB05E8B;collyre en solution;1;tafluprost;SAFLUTAN
F6C63A11EC003FE8D9F988F7F0B3E1BDE13A141D;gélule;1;hydrogénotartrate de rivastigmine;RIVASTIGMINE ACTAVIS;125A3513C579784ABBF1C5C9E7FF2130EFD8C7E6
304ECF98BE87585AD479684B6C2CFFF363C09700;comprimé et solution(s) et granules et poudre et pommade;1;lapis albus pour préparations homéopathiques;LAPIS ALBUS BOIRON
27479F7BE2662C4EFF5292B4B8279D515147B364;gélule à libération prolongée;1;chlorhydrate de venlafaxine;VENLAFAXINE EVOLUGEN PHARMA LP;1C588FF71330460F63681F31F3FC70A22528711A
E89880964777F322A397356CE36F99747E50E1B2;solution injectable;1;tartrate d'adrénaline;ADRENALINE RENAUDIN;7C6D41037B57C475A1BD515033CB591EEA5A1948
AFF54B9871DEB6FF46FBB947A686F323BAD2390F;comprimé pelliculé;1;finastéride;FINASTERIDE ISOMED
5065D91A22DD531AA7402D10FF9BE4CAB2A52CE8;solution pour perfusion;1;tartrate de noradrénaline;NORADRENALINE
0B85FBD908B204DF18225C058FF8ED7A008DC7D5;comprimé dispersible ou à croquer;1;lamotrigine;LAMOTRIGINE ARROW LAB
00FF58739A517AEE3B239B8B30A73B7BEFF26852;solution injectable;1;golimumab;SIMPONI
8A56A8F7E41102468914FFF845F46169EE15C72A;comprimé pelliculé;2;bésilate d'amlodipine;valsartan;EXFORGE
B76B71FBC0977205C30D04CC0862BA19D66D49BA;solution injectable;1;méthoxy polyéthylène glycol-époétine bêta;MIRCERA
E5B395AA3CB37BDA994CB3CED3C78B8F6DA2A2BB;solution à diluer pour perfusion;1;chlorhydrate de mitoxantrone;MITOXANTRONE TEVA;2697DA03E019420D3054156AA0FCEA3DC6EF8144
09CF822D0FE162BD838920B896CA40A78CD4BD97;comprimé;1;manidipine (dichlorhydrate de);MANIDIPINE BIOGARAN
48A8CEC46989C2B01650E191EBE6DB56C22C79A5;comprimé sécable;1;fosinopril sodique;FOSINOPRIL ZENTIVA
EAF46B24960FB909342DAC06F176E5D88615D99D;comprimé;1;magnésium (gluconate de) dihydraté;OLIGOSTIM MAGNESIUM;B001516EE9ED1834D0E2B2C6832936F7F7119626
F69B2344B8A4C1C5E3C5F228AF2B4312D1541C06;poudre pour concentré pour solution pour perfusion;1;thiotépa;TEPADINA
C5D6ED96CF3475B055D68B6C597AC834D9D2F1C1;comprimé pelliculé;1;dasatinib monohydraté;SPRYCEL
69A23F4965DF53F0BC4E9D221083A8A4F6AC0D15;gélule;1;chlorhydrate de sertraline;ZOLOFT;F4DE141CA1C1804B42B10D2A16868B2BBDDD69FA
8FDFA973115E9F38F0E69E021182E9C87FB3AD9B;comprimé;1;acétylsalicylique (acide);ASPRO
75451ACB4C93FC0617BD337EC6378ED2BD84022A;comprimé pelliculé;1;hydrogénosulfate de clopidogrel;CLOPIDOGREL ZF;CDF3230F8303E872E3A2FF82257EE183FF1CDC78
E10BFB482AD06898D4B3CACD401C49FB2EAAB115;solution injectable;1;chlorhydrate de lidocaïne;XYLOCAINE;684072CCCCE92EBE2EE573B198B48236927BEDD4
F9EDE719CD6CE9E116FE9D45ACED6A46B4F3C7E0;comprimé et solution(s) et granules et poudre et pommade;1;prunus spinosa pour préparations homéopathiques;PRUNUS SPINOSA BOIRON
4CF277C9505F34D65F9A2841982C994212BF732F;granules et  poudre et  solution en gouttes en gouttes;1;calcarea iodata pour préparations homéopathiques;CALCAREA IODATA WELEDA
BA6FDC887A880D6446864095B4CC72A0C3CE8FB4;granules et  poudre et  solution en gouttes en gouttes;1;glonoinum pour préparations homéopathiques;GLONOINUM WELEDA
DFE1BC187BDA990A19CD5243B02FE030D5307C03;solution à diluer pour perfusion;1;chlorure de sodium;CHLORURE DE SODIUM PROAMP
1B5E6A34AB6C5BFC0EEE27492EC51FA28EAE4262;suppositoire;1;mésalazine;FIVASA
9A4DE047D804F0C7549156C2124A5D14A381EC46;solution pour application;2;acide lactique;acide salicylique;VERRUFILM
4E675BB40A7691BE95D87E3A02302DABFE46A78F;comprimé pelliculé;1;oxalate d'escitalopram;ESCITALOPRAM ZENTIVA;A2CBD3141176A76DA231EAB57D1D72845A3D0084
001D5879A5FD8C730953ED04A8F7DAF7CDED5244;comprimé gastro-résistant(e);1;pantoprazole sodique sesquihydraté;PANTOPRAZOLE CRISTERS;306330B7AA748323C849DBE6D63EFF48EA91CFDC
A15845C63E781E95FC3EAEB0BA92FFBF4749A3C2;comprimé;2;désogestrel;éthinylestradiol;DESOGESTREL/ETHINYLESTRADIOL EG
6169315BD9D8028DEA31C6B221A20693C4B79AE1;comprimé;1;olanzapine;OLANZAPINE RANBAXY
994A3F4DFAF0A154F63B30579B7B7D5C7D6E6DD1;gélule;1;dimenhydrinate;NAUSICALM ADULTES
69B2ED5F89707F62E0C3A58FD0316D1D7BD57499;comprimé;1;évérolimus;VOTUBIA
5C4F40DC7C87BD76707BFDE7902BC16C7EA8891E;gélule à libération prolongée;1;théophylline;XANTHIUM L.P.
2D8EF20CC592FA4DC9EC02D0B2DA9F0678F27FD7;gélule;1;ciclétanine (chlorhydrate de);TENSTATEN
922CDBD1755D0CFD05E5F32F8B6CAE9230842724;comprimé sécable;1;glibenclamide;GLIBENCLAMIDE TEVA
702B9062BD1CFFED1B820E48453F50E723DEC073;comprimé orodispersible;1;chlorhydrate de donépézil;DONEPEZIL ARROW GENERIQUES;B833153F362C6C36A2F466C1DFBB06573F2F1879
C18745D894B4664AB6C1669C47C60113ABD8B324;comprimé;2;périndopril arginine;bésilate d'amlodipine;COVERAM
B37022EF81E5EAF9A2715003DDD74FC5A613E6EB;comprimé;1;chlorhydrate de diltiazem;DILTIAZEM RPG
7EC70AD21F9750359480CC4E07983843A7C013B5;collyre;1;sodium (cromoglicate de);OPTICRON
219FA0FF54BE204B72E425852AED65ADE9D2C533;comprimé sécable;1;candésartan cilexétil;CANDESARTAN ARROW
1D760975186C1A6189A40A56F620E4FCD58FBE3C;capsule molle;2;siméticone;citrate d'alvérine;ALVERINE/SIMETICONE MAYOLY SPINDLER
E706D5416ECEBA595E4D63DE59EB116BE52DA30E;comprimé pelliculé;1;périndopril arginine;COVERSYL;61CE95883614E77DBE651CE7DF62BD38DEDD6FE6
D5B6CED7651585667A0E917E366F27CFA08E7FB4;comprimé;1;olanzapine;OLANZAPINE ARROW
E40C14BC01C86B315A43BAE9F91EC9564DDD6C33;solution injectable;1;ixékizumab;TALTZ
B5D7770CD794E62A63901FC2E7FFBFC63FFAB570;comprimé pelliculé;1;pinavérium (bromure de);PINAVERIUM BIPHAR
3EDD86B0F7DCD03351EA4D517B129C1BBB19B25B;comprimé pelliculé;1;gabapentine;GABAPENTINE ZENTIVA
F8C5AD04BBA7B51707C7E195F1DA3CD5C16CB5FF;comprimé pelliculé;2;chlorhydrate de tramadol;dexkétoprofène trométamol;SKUDEXUM
6ABDE996461202DCC9EA347E933484EC82AFA548;solution pour inhalation;2;dipropionate de béclométasone;fumarate de formotérol dihydraté;INNOVAIR
B53EA91F1F4CD3EF9D903C63C420D3419C8E6A5C;gélule à libération prolongée;1;chlorhydrate de venlafaxine;VENLAFAXINE ARROW LP;6601123EB95E2AABEEF8A857D4D820FB1C29C9C0
36583FCC304A7171B7FBD33740669DF2D3DC0B61;comprimé;1;pipobroman;VERCYTE
9F2A78771869B7A3ADE3985D40C9724332E93661;comprimé pelliculé;1;chlorhydrate de tapentadol;PALEXIA;E1D22042D43AC392FB3BF31642F65A491080501F
B3F9E23AB713578824E47C81E249216DD2465918;gélule;1;mésilate de dabrafénib;TAFINLAR;A3864554502CE2148A17968775FC627B7E7AE15E
C6651E7DF19FC714D5D8A72973DD29A28F2D04AE;gélule à libération prolongée;1;mononitrate d'isosorbide;MONICOR L.P.
A1D191CD34CDDF6BE17B3D41358FA1AE7B871687;solution à diluer pour perfusion;1;lévosimendan;ZIMINO
C615E143BC5FC78A08DFF3DAE298FD222F69C653;solution buvable;1;oxomémazine;OXOMEMAZINE MYLAN
9EF47E38EE47674F12D0B7C3C2C797C3C09BBF29;collyre;1;pilocarpine (chlorhydrate de);ISOPTO PILOCARPINE
99B822852D4BA431075F658A278A03E561610D7F;poudre pour solution à diluer pour perfusion;1;chlorhydrate de topotécane;TOPOTECAN KABI;5B57B5E04BDC6271195CB70F4ED2ACB19C4847F9
DE94F16B6FAE6653DDE1F010076925AB95B57260;comprimé sécable;1;candésartan cilexétil;CANDESARTAN CRISTERS
F349E3856ADB32B97DAAA4BAB0E28CB6AC829A08;poudre pour solution injectable;1;pipéracilline sodique;PIPERACILLINE PANPHARMA;D294F915315EA8B65B40EE9EFE396F2CA053C817
3EAD9ABD238E8AA6414D093DC9933129E670CB39;comprimé pelliculé;2;chlorhydrate de tramadol;paracétamol;TRAMADOL/PARACETAMOL KRKA
83C984AF726FA50E022FA82E96089D485FFBBE27;comprimé sécable;1;ramipril;TRIATEC
1B76CBFE00D348274E0D6ACCE0290218AD02E00E;solution pour perfusion;1;glucose monohydraté;GLUCOSE BIOSEDRA;B055331FEF35B6F0FB55896BB2FBE87F706AEC36
A7419AFA1C7A9507B68D5FD4DF30238179E0BE39;poudre pour solution injectable;1;toxine botulinique type a;DYSPORT
58D4516388739C2EB8DA2B402894F10B664C7A93;mélange de plantes pour tisane;1;séné (feuille de);MEDIFLOR N
DB833B5F12F3A9565CED91BDDAE4ADC89CD4EA33;solution buvable;2;chlorhydrate de pyridoxine;magnésium (glycérophosphate acide de);UVIMAG
21A0295EFE6D1EF2A3C009082F656CCF6D9367A8;gélule;1;prégabaline;PREGABALINE BIOGARAN
A19AB62DB598B94B1F73BEF431A75F41915B7FAB;poudre et  solvant pour solution pour perfusion;1;époprosténol sodique;VELETRI;6F46C6AFDDD182EA63813EFF1221E8E27A4372CA
AB450E503D001798094D936732E7F1475D8BE63E;comprimé orodispersible;1;chlorhydrate de donépézil;DONEPEZIL MYLAN;7E3EE61AD0920F42808030A68A7470ADA2BE8E22
885BA51DC1B01FC21775DDC7C65BABC8EA305758;solution pour perfusion;1;gélatine fluide modifiée;GELOFUSINE
0F9E9641DC88BCC031635EC1004454C24BB77613;comprimé pelliculé;1;chlorhydrate de céliprolol;CELIPROLOL ZENTIVA
F332F9393AE732A303932729A31CF2FBB11DC715;solution à diluer pour perfusion;1;zidovudine;RETROVIR
EEE926AEAFD7692185B29E4CA6DF4FB27AA447A8;comprimé effervescent(e);1;ranitidine (chlorhydrate de);RANITIDINE BIOGARAN;BCC4A0D94BC9388E8B60428D1FC27A89DD04AF0B
51EBAF020B1660B0A437A2A61CC539DF19548FF8;comprimé;1;aripiprazole;ARIPIPRAZOLE SANDOZ
25C32ED4FFC0EF3DC14DF23FBE37AC19906238FC;suspension buvable;1;magaldrate;RIOPAN;98374CBF9A623DAA839D9A1CD68D8B3469D3539D
976AE0FF1D0E87468D8B876F0F38A96F4FA70D1C;mousse pour application;1;propionate de clobétasol;CLARELUX
972793343CB2D17C47A0EC76B58CB072A85FDFAF;granulés;1;sodium (phénylbutyrate de);AMMONAPS
D14EC1B9E376D3E142A136836225B48422C87B58;solution injectable;1;époétine bêta;NEORECORMON
A87AF5E24C02E79308F3A3E09015F3831B332C83;solution pour dialyse péritonéale;5;chlorure de calcium dihydraté;chlorure de magnésium hexahydraté;sodium (lactate de), solution de;glucose monohydraté;chlorure de sodium;DIALYSE PERITONEALE CONTINUE AMBULATOIRE
8E64093D47A418682C81770632A0E28E675D9BBC;comprimé;1;naftazone;ETIOVEN
2FC97C4B793E8566FD435B22B6BD5E4D160C986C;solution pour perfusion;1;chlorhydrate d'épirubicine;FARMORUBICINE
694BBF7036D8B3FB05CC922D96B157E604663152;dispositif;1;fentanyl;FENTANYL RANBAXY
529764B55F6ECC0287F409529AA50830C54EBA6E;comprimé pelliculé;1;azathioprine;AZATHIOPRINE TEVA
26EEF9A1FC052B4FDDF6C3BDC6B8262046FD4A19;comprimé pelliculé;1;finastéride;FINASTERIDE ARROW GENERIQUES
B0245004CB4EDE4D6A1F2F71B37704A984E2490B;suspension injectable;1;virus de l'hépatite a souche hm175 inactivé adsorbé;HAVRIX NOURRISSONS ET ENFANTS
F295AD6D4E8B7ABD70E6BBDB9C181F8DEE947906;solution pour préparation injectable;1;eau pour préparations injectables;EAU POUR PREPARATIONS INJECTABLES FRESENIUS
5D97B27C4B2966D019B6456C2BE758AFBDB8B0AE;comprimé pelliculé sécable;1;simvastatine;SIMVASTATINE ZYDUS FRANCE
906F64B25232C6480E33190AD3D709BCC4A7DD9E;comprimé pelliculé sécable;1;oxalate d'escitalopram;ESCITALOPRAM ALMUS;1103A1FA98F91814D09F0FDF88DEF30E9366325F
00F33D16D2C2D20B273C70B2230ABD6987B5FDFC;comprimé pelliculé;2;losartan potassique;hydrochlorothiazide;LOSARTAN HYDROCHLOROTHIAZIDE RANBAXY
9D8A73E289E7BA7BA2D976A49D640C7EB9D58931;comprimé sécable à libération modifiée;1;gliclazide;DIAMICRON
4224D6B9C5CF7F1FBEB6AE6038380D36C093AE05;pâte pour application;3;oxyde de zinc;peroxyde de zinc;dioxyde de titane;BIOXYOL
E4DE087D565BE1F7235831A468A26A2D8FC3B2CF;gélule à libération prolongée;1;chlorhydrate de tramadol;TRAMADOL ARROW L.P.
2E253249ACF77DD7B445933F9EC2DA8DE6E54140;solution injectable;1;tétradécyl sulfate de sodium;FIBROVEIN
FBC1C1B508EC4141A5FF2101EE1E448B4FA6A772;comprimé;1;glimépiride;GLIMEPIRIDE EG
EB07D42E54CC79BCCF92BAA1935736F64F710DE5;solution pour perfusion;1;albumine humaine;ALBUMINE HUMAINE BAXTER BIOSCIENCE
45896C0FD87C2E242F61629CF6066FC1934AC420;comprimé pelliculé;1;chlorhydrate d'ivabradine;IVABRADINE ZENTIVA;2280EBFD46B84409F1CD2AB8545364AB14B7FEE2
EB115632944502EF23997726E22097474709EA30;comprimé pelliculé;1;phosphate de sitagliptine monohydraté;XELEVIA;859E824E74F653CAA9A402D71F96F90A5121AC88
6C1FA67D39423E2301B40B6F584F1537C6092029;solution injectable;1;chlorure de sodium;CHLORURE DE SODIUM
FAF5079385A5D49FAA4E3804E655E3AE409448E7;capsule molle;1;dutastéride;AVODART
FAC6000731891A81783F28CD0B45730689E2CB00;poudre et  solvant pour suspension injectable;1;benzathine benzylpénicilline;BENZATHINE BENZYLPENICILLINE SANDOZ
56F16139ABC8B66E498D9B49D21044C437B0BB49;comprimé dispersible;1;josamycine (propionate de);JOSACINE;1E097533D1C503D4536489143189C4CB11857CB2
98714264950D5FF0CF2B56D806E391B3CF4E07F6;collyre en solution;1;bimatoprost;LUMIGAN
6DF539431124B85C624735D278966D01E6838FCB;solution pour perfusion;1;complexe d'hydroxyde ferrique - saccharose;VENOFER;8FA88823B0BACBFB18E4166F35E1731096C64901
CA8CBC4C374079D19EF3F8B0FDFF9DB979B4CE94;poudre pour solution à diluer pour perfusion;1;sulfate d'isavuconazonium;CRESEMBA;32FC414AC0B578BAD530C4747DE691D2EA24BA8D
BBE035683625797F33444870989E2FBDC0C83B6C;comprimé et solution(s) et granules et poudre et pommade;1;thuya occidentalis pour préparations homéopathiques;THUYA OCCIDENTALIS LEHNING
C32C3A53A98332113ED4842A2312217036465EDD;comprimé pelliculé sécable;1;losartan potassique;LOSARTAN ZENTIVA
838F48940C707BC5A1C682827E8480D5BB6622E6;solution buvable gouttes;1;zuclopenthixol (dichlorhydrate de);CLOPIXOL;863B62E1691BCF6ACE30D7F9F23A0F1B41A6709E
5273F5AC51B9D650E7EABA4269D25F5C47E9B8D9;comprimé;1;méthylprednisolone;MEDROL
D3D485D4B3EC432EAB0895D113F3ABB463F562AE;comprimé à croquer;1;montélukast sodique;MONTELUKAST PHR LAB;D89CFB5C7A9CD35E8FB4D302283C8FF3709BBD3C
B54A9DCB3A960B1BDC31E2C84A9EFD568D1216E8;solution injectable pour perfusion;1;étoposide;ETOPOSIDE TEVA
F4C2B6E67F3683FE1D9CB3F7D2834B4B75AC97BC;comprimé;1;allopurinol;ALLOPURINOL EG
2DB7F17D670B369212E7120B54B1F551C29A4912;solution à diluer pour perfusion;1;avélumab;BAVENCIO
03DE4F836FF2DC0F8501F4DFB802168ECBC9F132;solution;1;chlorhydrate de midazolam;BUCCOLAM;1C7F6849F206CFF2579158F4435CB3DD879C6497
76CA473705B4E109945B202035CA9DFF2B235C9A;comprimé et solution(s) et granules et poudre et pommade;1;iberis amara pour préparations homéopathiques;IBERIS AMARA BOIRON
D62FCA699F6DE7E5B98AB622B292D5F80C433E69;solution pour perfusion;1;albumine humaine;VIALEBEX
2D434EEC67FCAB260EE5D8B69290400EA023DC97;comprimé et solution(s) et granules et poudre et pommade;1;borax;BORAX LEHNING
4E750E18048268B9B909763E8987FC37E0C9CFB8;comprimé pelliculé;1;riociguat;ADEMPAS
74D1C1CF7FB3ECEA64565A1F4DC099052EED1D11;comprimé pelliculé;2;périndopril arginine;indapamide;PERINDOPRIL ARGININE/INDAPAMIDE BIOGARAN
F032BEC4DD19B1B20A6D9D8CF7EA36CF271332CE;comprimé pelliculé sécable;1;hydrogénosuccinate de doxylamine;DOXYLAMINE CRISTERS
BA81B93A686658D15A7753345008F2B12E723E98;lyophilisat et  solution pour préparation injectable;1;almitrine (mésilate d');VECTARION INJECTABLE
A22F516678D2A70ADF8EFAD1F280B6016E833461;solution injectable;1;lévocarnitine;LEVOCARNIL
0E9FED2247ECD4B71B51D827F6EA4F795947CAFA;comprimé enrobé;1;péfloxacine (mésilate de) dihydraté;PEFLACINE MONODOSE;6358D35537C3493B3C8892C148002A98BF04DB57
370D4F0153AFDA69AD02114AF4D91301F416CEAA;poudre et  solvant pour solution injectable;1;alpha-1 antitrypsine humaine;ALFALASTIN
EDA57F3CBA7FB0520F1FEB7967E7CC39F5FAB42C;comprimé et  comprimé;3;chlorhydrate de pseudoéphédrine;paracétamol;chlorhydrate de diphénhydramine;ACTIFED RHUME JOUR ET NUIT
C64A62A5DDA0898768574C6C32ACA64916916592;capsule molle;2;siméticone;citrate d'alvérine;DOLOSPASMYL
70AE9C419579E8797A80417B3DB0F7F42E275FC8;comprimé et solution(s) et granules et poudre et pommade;1;pulsatilla pour préparations homéopathiques;PULSATILLA LEHNING
7F3FC96B0F891E6DD48BAAFB2AC73A73D035844F;solution injectable pour perfusion;1;dexkétoprofène trométamol;KETESSE;475FC0C010B33AA6FB44D62D839F3DE1191FEE5E
7DFBB63992006CDCC11246BD6FB0FCFBB74F5642;gélule;1;prégabaline;PREGABALINE TEVA SANTE
A3B2BA79D398036BD1FC86D0142A3753C0150514;granulés;1;montélukast sodique;MONTELUKAST TEVA;ACC006E83300F305EB3A53B7172ACF37D60B5DD4
CE720CEF311919261339DDCB13E5F226209D8884;comprimé pelliculé;1;tiagabine (chlorhydrate de) monohydraté;GABITRIL;FDD4E1EED47C836886B2D1BF77CFC71A844C6E44
1C92824F1ABF5E12651B2BE9EC1CDD548E58A4C2;poudre pour solution à diluer pour perfusion;1;acétate de caspofungine;CASPOFUNGINE OHRE PHARMA;BDF5A8325005F8A568BD019EE8A3E13A36829630
31386C66F1263C7148496EAE18A213C49E4E0618;comprimé;1;paracétamol;DOLIPRANE
18F43C4C2DDF0EA7EEAE41B9794D2EC7BA66A5C1;comprimé pelliculé;1;millepertuis (sommité fleurie) (extrait sec de);EUPHYPERTUIS
BD7EE614D86719A131A23BC383E9886D1D36F245;dispositif;1;trinitrine;EPINITRIL
25094324B3B49C22A0F6F7CC54146350B90ACC1F;comprimé orodispersible;1;aripiprazole;ARIPIPRAZOLE SANDOZ
4059E76397AE18AF6D25673E58702045436EA054;comprimé sécable;1;maléate d'énalapril;ENALAPRIL ZENTIVA
291A4F96B2964C5B634449F3BD918CECC23892C6;comprimé sécable;1;pravastatine sodique;PRAVASTATINE ARROW
EE949AB07CF643966E6C5F2D7A6434EC57C9E550;comprimé à libération prolongée;1;chlorhydrate de tramadol;TRAMADOL EG L.P.;A8091A1373ADE5416B45752B42ACEE5EA613A77C
D8577A5037BCEEAD5921610C63525521DE22B49B;comprimé pelliculé sécable;1;fumarate de bisoprolol;CARDENSIEL
AC29F33BFBAEB7847640A2C7011219CD85EF84C2;comprimé pelliculé;1;bêta-estradiol hémihydraté;OROMONE;AFA5815529EF67F320BEAF539FC98BBDEF930C7E
DB3B636CE74CA98E8DBF663335213D556B54355B;comprimé pelliculé sécable;1;valsartan;VALSARTAN KRKA
431C13400F8860855CAD6E63C70BD8F8831B2237;capsule;1;dihydroergotamine (mésilate de);TAMIK
D6BAA10B4AACE4DC3B2F5D2E8703BF41B83297A4;poudre pour suspension buvable;2;clavulanate de potassium;amoxicilline trihydratée;AMOXICILLINE ACIDE CLAVULANIQUE MYLAN
F473CD2A6F04A65056262C788583C9ED2A682F05;comprimé pelliculé;1;dichlorhydrate de lévocétirizine;LEVOCETIRIZINE KRKA
3019176A1EAC43053F5927ACD69D6CEDA705FC7B;poudre et  solvant pour solution injectable;1;époprosténol sodique;EPOPROSTENOL ARROW;5DB82E83DE073F8448DC7289C85BA06EB2673E85
7CA8BC0786C9EF866CA851D517375E8274386FE6;comprimé et solution(s) et granules et poudre et pommade;1;gelsémium pour préparations homéopathiques;GELSEMIUM LEHNING
638B1AA5C73EEEC40A29DFFAE2115563E47F2907;comprimé pelliculé sécable;1;dompéridone;DOMPERIDONE BIOGARAN
3196688235298444A2C4E22EC19D44A24CC263DD;comprimé pelliculé;1;rosuvastatine calcique;ROSUVASTATINE EVOLUGEN;DD9606F63FD67173CF5730EEBAC2666746C4396B
51EE5C6B5A94B0F5B191A17A3AB80ACF5DC19512;comprimé à libération prolongée;1;chlorhydrate de méthylphénidate;CONCERTA LP
38FA80A1F2470C2ACA539A5DB7B2C6085330B45D;granules et  solution en gouttes en gouttes;1;actaea racemosa pour préparations homéopathiques;ACTAEA RACEMOSA FERRIER
1E9460224F1B42561245F4AEEAEF0421BE367F0C;gélule;1;chlorhydrate d'oxycodone;OXYCODONE SANDOZ;9E0AC897D4C985C7D496B0B98059C8F07A3CB716
01C00EDA5648CDB0332DAB2FA014FE43672718F6;pommade;5;ichtyolammonium;oxyde de zinc;dioxyde de titane;benjoin du laos, dit du siam;hamamélis de virginie (extrait d') (fluide);INOTYOL
DF3A5CEB2AA08D20F8D219EE54F03E6EC46B19A2;comprimé;1;lévonorgestrel;LEVONORGESTREL EG
99274F1F9FE1E4510524C1D858ED06BD8D2EDAE5;comprimé gastro-résistant(e);1;pantoprazole sodique sesquihydraté;EUPANTOL;324AACBC8A56E3E3CFA6B196BC25B87952B81D66
665C81647E75F8C3C47A0B5243B2435AB2923577;comprimé pelliculé sécable;1;chlorhydrate de ciprofloxacine;UNIFLOX;357048C418BDA861C9991D5B8CFEC753140F87E8
71C0AEEB20F0E1D1B2971D6B34B3359756691CC3;comprimé pelliculé à libération prolongée;1;chlorhydrate de ropinirole;ROPINIROLE BIOGARAN LP;93394C77BB6E86C9F6BA5F2A1C2CAB07B8CE6D8F
AA09F7E490467EE341B5042E56080F4565398EE9;gaz pour inhalation;1;oxygène;OXYGENE MEDICINAL LIQUIDE SOMAL
8D52B66B399F89537C86010B7203B9B7E6C58A09;comprimé;1;cobalt (gluconate de);OLIGOSTIM COBALT;72B3271A92047899463670F87CF9E695CC1C0A29
F7759F5C7141272EAED894F117EDB9101D970EE8;poudre et  solvant pour solution injectable;1;moroctocog alfa;REFACTO AF
34461F3CE461662637399BC4360A37C5EA8E6A3B;comprimé enrobé;1;chlorhydrate de bamifylline;TRENTADIL;2773D59BB465E23270C90EB5D4AF41D12A69DF80
2EC4C910015760F7F7629434BD936A94A7D67F9B;comprimé sécable;1;chlorhydrate de terbinafine;TERBINAFINE BIOGARAN;19EC2F4F7CCDA1F297F76FD2CBF603F87719ABC3
029B96A09A17CBC4D06C6CC7431D95B3180427DD;solution injectable;1;méthotrexate;METOJECT
C75CC8BD3488440F07BD9BEB45646BB3074533B2;comprimé pelliculé;1;bicalutamide;BICALUTAMIDE ALMUS
EEE9ABFA3E224FD11FB6DD8608121E7670146967;comprimé à libération prolongée;1;mésilate de doxazosine;ZOXAN LP;CA5D3B51555D9A4F57B904D1D5106B83A17B7152
99FF8DA21C859E487CFB65E8BAA0820B4224D0FE;gélule à libération prolongée;1;chlorhydrate de diltiazem;MONO TILDIEM LP
9B008475B7999A1CC0F2DFE6E93E2F955A50188E;comprimé pelliculé;1;famotidine;FAMOTIDINE EG
50B1F474140B52274372B8464476FDAA40C80014;granules;1;oscillococcinum pour préparations homéopathiques;OSCILLOCOCCINUM
D6BF21A23E88D329B2AE0504DC0BCE5B021313CE;gélule;1;palmier de floride (serenoa repens (w.bartram) small.) (extrait du fruit de);PERMIXON
4AF4000BBC6AFBD81F0201F042DE69611B39DC1C;gélule;1;gabapentine;GABAPENTINE RANBAXY
A0B6F392A868E66CB07097DF54DDC421B95053B6;comprimé orodispersible;1;rispéridone;RISPERIDONE MYLAN
27CDD59705522F928C8439886D101ECAFE7B363E;gélule;1;lymécycline;TETRALYSAL
EA583AC13EA479AF581A966BDAD8397CB07D7E7E;poudre pour solution pour perfusion;1;chlorhydrate de vancomycine;VANCOMYCINE MYLAN;A652D098798B747CD72E58DCF7B1DF18E41BD2D7
8C9392AFA3810B8E644B5571AAB00D36FCF661BD;capsule;2;guaïazulène;diméticone;PEPSANE
60E3396FE00D14E15491C23E4F41BFE9E7E739AC;comprimé sécable;1;furosémide;FUROSEMIDE ARROW
CAA24965EF0FA1D9F22CE1CB2339C78DD648819E;gélule;1;charbon activé;ARKOGELULES CHARBON VEGETAL
BB99752BF205B14EBE53220727581849818AE241;comprimé;1;misoprostol;ANGUSTA
4DC2BFB7BA282029E8046881C42549E12F12A121;solution pour application;1;minoxidil;MINOXIDIL COOPER
6208358F7D78FE415E89F26F0CA141B65EDAC197;comprimé pelliculé sécable;1;oxalate d'escitalopram;ESCITALOPRAM ZYDUS;7F9856B5481ECAC4DCE62A8C870B519A8CC4EF4E
DD71BFEA67F5F571BFBCBE61197AEAA86BC64110;comprimé pelliculé à libération prolongée;1;chlorhydrate de tramadol;TRAMADOL CRISTERS LP
2465F5E39BD6492D2E16EEF1A557B6D2ACA35A96;capsule molle;1;lévothyroxine sodique;TCAPS;E6197F9E65D715465515EEA42EDBBE3A382B528F
04FC45CAD51BB93DA9F2DF36C41ABB21FA34BE8A;comprimé et solution(s) et granules et poudre et pommade;1;cactus grandiflorus pour préparations homéopathiques;CACTUS GRANDIFLORUS LEHNING
2C332F9E8AF456759869596CE13243980E05D5D3;comprimé pelliculé;1;entécavir monohydraté;ENTECAVIR TEVA;C84F9C0D46B3361AAF411875FF8DF62168AFA9D8
EBB7DD5FF9BFD3C25E43459079211838DE0D8C5D;comprimé pelliculé;1;lévétiracétam;LEVETIRACETAM MYLAN
6AC18C6E59151B4C62DBFF918E0A08A2B923CE8E;suspension injectable;2;chlorure de zinc;tétracosactide;SYNACTHENE RETARD
04E83A8C87A04D75F9814D80E429D76EF4E5C31A;comprimé et solution(s) et granules et poudre et pommade;1;asclepias tuberosa pour préparations homéopathiques;ASCLEPIAS TUBEROSA BOIRON
049C3667BF2AB43383A93FE7C508182918C29AA1;comprimé;1;répaglinide;REPAGLINIDE SANDOZ
0ED780C23E0E83EE39F6977BDE84919C79855403;comprimé pelliculé;1;ibuprofène;IBUPROFENE RPG
3B71F01AD9D5CF7BAEE12BB956558876DE9E1981;solution injectable;1;sulfate de protamine;PROTAMINE CHOAY
9233F4AFE6655D00C2691023AEC5808CD54C6D33;solution pour perfusion;1;fluconazole;FLUCONAZOLE MACOPHARMA
ED81FFA5E5B07A785FC4E7BD8739A33726F81196;granules et  solution en gouttes en gouttes;1;rhododendron ferrugineum pour préparations homéopathiques;RHODODENDRON FERRUGINEUM WELEDA
B37C5E71EC6FF618595E1D99B999AC71DC038231;comprimé sécable;1;amisulpride;SOLIAN
A3A671530953ED235DE7C0BCD9C6B3CF6CA0DD27;solution pour perfusion;1;chlorhydrate d'épirubicine;EPIRUBICINE EG
E377444A0423463B73A473B124F99AFFD15B9981;solution injectable;1;nadroparine calcique;FRAXODI
BF7AEB0843831524C31DEB649E1FDA0F0C5BE848;poudre pour suspension buvable;1;hydroxyde de magnésium;MAGNESIE SAN PELLEGRINO SANS ANIS
D4C4201D37D55F995794C0A9A1AA96A58EE5C329;solution pour application;1;hydrogène (peroxyde d'), solution de, à 3 pour cent;EAU OXYGENEE STABILISEE CODEX
B92F67EC60EB10B8E3804079802F661E04DB67F8;poudre pour usage parentéral;1;benzylpénicilline sodique;PENICILLINE G PANPHARMA
0B70C7B7297213EED9E996200E05D2E5094C1AEF;comprimé pelliculé;1;paracétamol;EFFERALGAN
826F8F33A42841799B47172E489E93F6FAE3593D;comprimé pelliculé;1;éthanolate de darunavir;PREZISTA;F06464585DCBF9602F869FAA465D32D21BF1DE7A
65D2A8F36034D8D4A3EA6EE512F3EB7677687FCD;solution injectable;1;époétine zêta;RETACRIT
D76C64A2A03FBB4D620E3E61738467AB865C532C;comprimé pelliculé à libération modifiée;1;dichlorhydrate de trimétazidine;TRIMETAZIDINE EG
0B48EA1CC054AC45F23A7555F8300FDCDFB175A7;solution;1;dinitrate d'isosorbide;ISOCARD
707E38A799115C3462C242EAAC6EEED77EDFAF32;collyre;2;nicotinamide;sulforutoside sodique;VITARUTINE
D958E7FA7EE012EFC3F861A8F94BFDCAEFCF0145;comprimé à sucer;2;carbonate de calcium;cholécalciférol (concentrat de), forme pulvérulente;CALCIUM VITAMINE
60756127D21AF3199A93E1186CFFFF25DEDCD729;poudre et  solvant pour suspension injectable;1;virus de la rougeole, souche schwartz, vivant, atténué;ROUVAX
355778A2FCE519BBD44BCF755CE480EAE797ABD4;solution injectable;1;acétate de glatiramère;COPAXONE;E98B1CBC562FB38BB67C9BDD5DFAFD1131888CE7
843E2218DB7252CC5A975B49778DCDAC22943332;comprimé enrobé;4;anis vert (fruit d') (poudre de);séné (feuille de), extrait sec titré de;boldo (feuille de) (poudre de);cascara (écorce de) (extrait sec de);MUCINUM A L'EXTRAIT DE CASCARA
DFFFB9A2E79DBCA130CCAF20AA598A080C4A4511;poudre pour solution pour perfusion;1;fosfomycine sodique;FOSFOCINE;B77A001E0ADF539455DD8531BACD7CF720BC4C2B
FD8DAE35812457F7FDF46B5E9C3F62141006B202;comprimé orodispersible;6;cocculus indicus pour préparations homéopathiques;borax;argentum nitricum pour préparations homéopathiques;nux vomica pour préparations homéopathiques;tabacum pour préparations homéopathiques;sepia officinalis pour préparations homéopathiques;FAMENPAX
CE0DBE16E3A926E32ACCE6DD9422874D06E6252E;comprimé pelliculé;1;spironolactone;SPIRONOLACTONE MYLAN
7159367499B9938AF96F6995D04F2C6C98726165;gélule;1;prégabaline;PREGABALINE RANBAXY
3AD7341CB259212A81F6900550A6AB3224803D55;comprimé enrobé;1;alfa-amylase;MAXILASE MAUX DE GORGE ALPHA-AMYLASE
6D6E2035AC3B63FA340DD4999866ECDA058A3314;comprimé pelliculé sécable;1;chlorhydrate de mémantine;MEMANTINE ARROW LAB;6F92D9F69523BAC19467DC97580B539559783F7D
AB155C03C66D8478CDB4EB3C02526BD1E76DB018;comprimé pelliculé;1;oxcarbazépine;OXCARBAZEPINE TEVA
02F23058890655BE0EEF9A9E69B44F266E2E5482;gélule;1;hydrogénotartrate de rivastigmine;RIVASTIGMINE EG;650C3B173712D3FC480E2F0BAFC6F327F07D3AE2
9E258C5501416B3CAC99301C34CDED5E07785486;comprimé pelliculé;1;carbonate de sévélamer;SEVELAMER CARBONATE ARROW
E0FFB4B3FCE32AD5AD65B6A8E9015E09E94E147C;comprimé sécable;1;chlorhydrate d'amiodarone;AMIODARONE RANBAXY
9D3500A4648E146EB86AD34EF3E9D9C72380ECDC;poudre pour suspension buvable en pot;2;paraffine liquide légère;ispaghul (tégument de la graine d') (poudre de);PARAPSYLLIUM
2BA73E0A1F92AF10A3602353DFB4832E1647544F;comprimé;2;lévodopa;carbidopa monohydratée;SINEMET
2A92EE351A3568C4A4D8B0C68BC667A4B5666AE7;comprimé gastro-résistant(e);1;pantoprazole sodique sesquihydraté;PANTOPRAZOLE BOUCHARA RECORDATI;373A16DD5ADDCA08AE4DE59FDF562DBE091A47B1
DF7612B8825EF407CF7EE5B95BB7DA9AD395D990;gel;1;kétoprofène;KETOPROFENE SANDOZ
342AB6C49406628C3A59BF6BA58899525A539410;solution à diluer pour perfusion;1;irinotécan (chlorhydrate d') trihydraté;CAMPTO;C2620E6D57E4BBEB283D8835897DD5A7FDA0C6B4
75AF1DF3C4A33DF95DC4F7065F88BEECB2B1CFFA;suppositoire;1;glycérol;CRISTAL NOURRISSONS
DFADEC9007483D8BF72C805F5A790FE57E2F1758;comprimé pelliculé;2;maléate de chlorphénamine;paracétamol;FERVEXRHUME
7BD8F546EB60680A966D807281C339675B45CCC0;solution injectable;1;bésilate d'atracurium;TRACRIUM
DB58C390E18D4CA65F14C0094B6159D52D194002;solution injectable;1;chlorhydrate d'oxycodone;OXYNORM;70043485C893636627EBE8A1248D2E6E7210F1BF
3A1E7B39D2B38013CE0846F2E5B1B6DC512C58CF;gélule;1;trandolapril;TRANDOLAPRIL MYLAN
152D025286AA1A621FD4849FB1DB9A63225EDE4A;solution injectable;1;chlorhydrate de ropivacaïne;ROPIVACAÏNE KABI
A650799F9513BAFCD0DB656F510730DD730BAEA9;comprimé effervescent(e);1;paracétamol;PARACETAMOL BIOGARAN
8CD28CB4CC57C939D65791AD66E2D9B05AC8E48D;comprimé effervescent(e);1;ranitidine (chlorhydrate de);RANITIDINE TEVA;04500F3E86F5AB10C79377842B9FE552F01A1ECA
F6BE0843D3EBEC244D9B167A3FF0A1CE3D88091A;gélule;1;lénalidomide;REVLIMID
8155CAFDFAB7BD39308892E7BC9EDDCC1CE800F0;comprimé pelliculé;1;ibuprofène;IBUPROFENE BIOGARAN CONSEIL
E439EF7B06A309D3D292AF9947183A686802095C;comprimé sécable;1;chlorhydrate de sotalol;SOTALOL RATIOPHARM
62CD763B9956B5FA3F130F7FFF56382E83C05089;crème;1;aciclovir;REMEX
D17A1029FACA01BCB9FECD0752643FBDD0E30FA1;comprimé et solution(s) et granules et poudre et pommade;1;amylium nitrosum pour préparations homéopathiques;AMYLIUM NITROSUM BOIRON
6CBAFCDE1810409CE06844D130DF24D494C93AD8;comprimé gastro-résistant(e);1;pantoprazole sodique sesquihydraté;PANTOPRAZOLE ZF;74ED5B74A768295B04B184E68FA6E9B2C749B286
E13A95691B6FA2B23C87F920AE766DFE8BC6603F;gélule;1;fénofibrate;FENOFIBRATE RANBAXY
C07C389BF9A89B75DD9A3FFACEC84EE2311E911B;comprimé pelliculé sécable;1;oxalate d'escitalopram;ESCITALOPRAM MYLAN;79327B367107054A3BE97C5F3A374DFB4027F366
6AEFD2D9BBD3EC3ACF9A6911323745B837A8059C;gélule;1;fluvastatine sodique;FLUVASTATINE EVOLUGEN;D956113253E13073800FC638D4EE481190DAA1D5
26E5EA86BBABB3FA332E6413B06DF7B920C4ADE3;pâte dentifrice;1;hexétidine;HEXTRIL
CAB7FB54C54F0B8819B60533DB20ABE67390501D;comprimé sécable;1;ramipril;RAMIPRIL SANDOZ
281BC2F9C5672826414459E4538B1864DEA10333;comprimé pelliculé;2;clavulanate de potassium;amoxicilline trihydratée;AMOXICILLINE/ACIDE CLAVULANIQUE ALMUS
6FD935EA2B7BDFE3007084AA6A37550BFF59C687;comprimé sécable;1;ramipril;RAMIPRIL MYLAN
5928629449D97566ADAE46E5F59125BB049FD502;poudre pour solution pour perfusion;1;hydroxocobalamine;CYANOKIT
27261AF5E084E55D84B9C02DE2AED57B05592822;comprimé sécable;1;chlorhydrate de méthylphénidate;RITALINE
A43BF08285FE961C314B85C93C15D774DDF3DC01;comprimé pelliculé;1;télaprévir;INCIVO
ED63478AEEFBA946AA1783563F0E04E565FACD8A;crème;1;calendula officinalis pour préparations homéopathiques;CREME AU CALENDULA
C7AF4F79C6ACAFE90436EAFF9048BC728E193FAA;collyre en solution;1;pilocarpine (nitrate de);PILOCARPINE
02871D3C9A81AC0E3A5936679D9E7D5086E26706;comprimé;1;ramipril;RAMIPRIL KRKA
70B08F2C9FF11C545DF63F496EF47486AC3E5A60;solution injectable;1;sulfate de vincristine;VINCRISTINE HOSPIRA
E2D1568FA8F2167232B1B67C2441F738349CDD12;gel;1;arnica montana pour préparations homéopathiques;ARNIGEL
2D434770E575BCA50AC19755E497FC37638F9F54;comprimé quadrisécable;1;captopril;CAPTOPRIL SANDOZ
3A10625B31213128A2E65A174BBC917843683FF8;collyre en solution;1;latanoprost;XALATAN
00F27AF5616D022FB7F4CAEA04641D8EE403E102;pommade;2;oxyde de zinc;benzoate de choléstérol;SENOPHILE
4A11773D6836F4B6A0158780609E207D88FDFC65;solution pour perfusion;25;tryptophane;méthionine;leucine;phosphate monopotassique;aspartique (acide);arginine;alanine;gluconate de calcium;tyrosine;isoleucine;acide glutamique;histidine;phénylalanine;sérine;proline;glycine;lysine monohydratée;glucose monohydraté;chlorure de sodium;valine;thréonine;cystéine;lactate de magnésium dihydraté;taurine;phosphate dipotassique;NP100 PREMATURES AP-HP
795C5D7F6B8B4ACEF0F6CCDB89B9D9BA0665FFF1;comprimé;1;alendronate monosodique trihydraté;ACIDE ALENDRONIQUE PHR LAB;E93A1A672F4EBAD423D44E53AFF1E840BC89FFB3
D6309730C61FB03D52BD73AA69969AB16565715D;solution injectable pour perfusion;1;bésilate de cisatracurium;NIMBEX;6E029CA1B4DE541BE3498E4F37D2661B475FFB51
2A4AE224A5FA0325025FDA8FD107AB2A8D5B608E;solution pour application;1;hydrogène (peroxyde d'), solution de, à 3 pour cent;EAU OXYGENEE
FDA9FCB50C07266F081693FC1BD831B0706D5231;comprimé pelliculé;2;chlorhydrate de pyridoxine;lactate de magnésium dihydraté;MAGNESIUM/VITAMINE
143816DDABD9680F8A65609A835F90FF0289FF89;gélule à libération prolongée;1;bromhydrate de galantamine;GALANTAMINE ARROW LP;2461155794A94867ED61517E67D10EC49724646E
1BF94B1A5AC36834123BEF496F6175F64F4E8463;crème;1;acéponate d'hydrocortisone;EFFICORT LIPOPHILE
DA163C2D68877F8D28D9781B0AAFAE55D512AB7D;comprimé;1;chlorhydrate de donépézil;DONEPEZIL CRISTERS
EBC81AD2F7CFCA916ED8A4C3E4A3139CB105D090;comprimé pelliculé;1;carbonate de calcium;CALTRATE;178BE6044E600313F768818260A710D969AB400C
9724D155FB1DA5C2D5C2E3E411CDEEC56F72BCB4;comprimé effervescent(e);1;ranitidine (chlorhydrate de);RANITIDINE SANDOZ;6E13CE7CBF33F1F8994A4F8D229A257D0088DEB3
3793C6745057BC75C8280FE8B486961917D3F545;comprimé sécable;1;spironolactone;SPIRONOLACTONE ZENTIVA
