0673E54C5A9A5C737B50C9D6BB4B74A99556F30C;1;chlorhydrate d'éphédrine|3  mg
69275BBE81078342F54A45F464110F42A2A3B6D7;1;prednisone|1  mg
699126AF792EDEEE7AFDDB4FB09642FD710AEA9B;1;alendronate monosodique trihydraté|91,37  mg;214E8C9F88EDADFE9FBED431BCDB978D6761412B
5BA5F1DFF396CB5966AD9830B59B4E33FFAA1727;1;gélatine fluide modifiée|4  g
7B03F013106BBA9BAFDD559BFDD653B12C57C25C;1;zidovudine|200  mg
7A97A2E393288019900D381C4E9FA3DA70B27750;10;valeriana officinalis pour préparations homéopathiques|2 DH (3ml)  ;ignatia amara pour préparations homéopathiques|3 DH (3ml)  ;asa foetida pour préparations homéopathiques|6 DH (3ml)  ;avena sativa pour préparations homéopathiques|TM (3ml)  ;staphysagria pour préparations homéopathiques|4 DH (3ml)  ;sumbulus moschatus pour préparations homéopathiques|6 DH (3ml)  ;nux vomica pour préparations homéopathiques|3 DH (3ml)  ;cicuta virosa pour préparations homéopathiques|6 DH (3ml)  ;hyoscyamus niger pour préparations homéopathiques|1 DH (3ml)  ;chamomilla vulgaris pour préparations homéopathiques|3 DH (3ml)  
39EE48627427DD72C345F7D1E11A19250CE598CD;1;époétine bêta|30000  UI
A7CD001089AA91A6A193EA6A2379CAE44AD6C185;1;finastéride|1  mg
37BE29C0DCAF6EAA4000DDF92B9102A3676BA51A;1;manidipine (dichlorhydrate de)|10  mg
E89C7F07FEEA108455494A3A890BD33E35FC9A60;1;prégabaline|25  mg
97EAE33B20933644EABA61C5AD6C7184CDD7AF69;1;kétoprofène|2,5  g
5A7C68ED3726435463285AAF87541D35CBE4F51F;1;lévocarnitine|1000  mg
67CCFC754C193D272F39C8E1EA45577E8C49A6FF;1;lormétazépam|2  mg
DE32EDEC833328B3EFA3734712F36D87B0782F72;1;pantoprazole sodique sesquihydraté|45,15  mg;E77AB7236599411243CD87BC5CEE1A3F82135D26
7B4E3FD7744427B81FF18C0CFEB1871F8F1103A0;1;strontium [89 sr] (chlorure de)|150 MBq à  la date de calibration
FF1B5E6331EFA0530E9128BB1603F4FEA227C7F7;1;plérixafor|20  mg
2108907ECEF7565E6214449B6C3D6827BDF8A827;1;carbonate de calcium|1498  mg;6AFB323B1BFF5E2464552CCC1C8BA725E18D9FE8
C25EBE833A86E3127222B8C4B81661B3BA214A74;2;lévodopa|250  mg;carbidopa monohydratée|27  mg
E0F6994CCD0A0A8975E2C9C8567F6E5C64AE42C4;2;éthinylestradiol|0,02  mg;drospirénone|3  mg
5235F428CD6B97F7C0DD5587D943940C9D641D97;1;glonoinum pour préparations homéopathiques|3CH à 30CH et 6DH à 60DH  
B473BE55C0485CA16228B48DB2BEBC6C26934A1B;1;allopurinol|200,00  mg
139F691BB2D3C88DB082CE7328C380939D135D8B;1;chlorhydrate de donépézil|10  mg;CD4125477775FB7768DA7622093FCD6F18D5CD1F
F179B73801FC7B9A68B12A0F5EC460E8FDB517A3;1;magaldrate|944,5  mg;13205ECE794450F6B9B258D6FF2D9C9C7CFAE950
929A2317FD880B24B83AB35D1438EF6F4D4713C5;2;chlorhydrate de lidocaïne|0,6  g;sulfate de zinc|0,5  g
6F6FAEAD2C412ABBA813706128A6A19DCA874DEA;1;oxalate acide de naftidrofuryl|200  mg
3B4A6DC758543F71B7021B9B2B22E94387940637;1;actaea racemosa pour préparations homéopathiques|2CH à 30CH et 4DH à 60DH  
D35C0523D783ABD1865695A76FBA35EBC4FC4668;1;bétamethasone (phosphate de) et de disodium|5,3  mg;49B5B32E7769C23937ED0810D31F1F03879F52E3
9741251E332A9B105E0E091C5D451E1510959024;1;losartan potassique|50  mg
C7E6688930FB0AD4620136E3A07FEB5B0F1EF623;1;amisulpride|100  mg
EB1D89B652F4FDF06F050F098BFFC2513C22C9BE;1;simvastatine|20  mg
6FA67466D66004BC1AB954DCF875C7B375DF8B9D;1;dipyridamole|75  mg
6CE9F06D57E3BA770D6045F9F17FF23845E70A49;1;nitrate de fenticonazole|200  mg;35050AE6FCF108B44861CA124E2BB81BC992BAC9
E6CB8CD9BA4F1334EDAED6626CE4D5328CD3774B;1;pantoprazole sodique sesquihydraté|22,6  mg;FCE67EC1F7DBFE9B5D137F12B89C0DB454A94D48
E2977AD133C9C3A9E68431B9DB16E816FA7516B6;1;ibuprofène|400  mg
EFBFF3268F3E09039D720B2F22279DC1B3BD1EB9;1;lévétiracétam|250  mg
17F57120C63652B653D1D0D89622D5A4540B4C74;1;latanoprost|0,005  g
F210A8A55249215F5D1C93C226EB12EF04AFF8E6;1;étoposide|200  mg
3C9E06600A3B88DC6B3FD28E753EE3EAD7387FB2;1;pilocarpine (chlorhydrate de)|1  g
0E6754F6B64D6B6F5303B75FEF6FA51B563E4DEA;1;mupirocine|2  g
9A2857BCACE89FC87ED0B4C0BF4F44DA062A6799;1;diclofénac de diéthylamine|1,16  g;A425FA6F3EF60C701EBA104175A6ACF6C6689DEF
67009931C79CB95CFA6CC5DD77B1D8AD308371CB;1;hydrogène (peroxyde d'), solution de, à 3 pour cent|100  ml
7CBF0CC14BCCA1493B9E8B8021D3B2904D298A3F;2;oxyde de zinc|5,00  g;benzoate de choléstérol|1,00  g
F940AFADC59F98CB7215ADE524B4B0465009EDD3;1;pantoprazole sodique sesquihydraté|45,1  mg;E77AB7236599411243CD87BC5CEE1A3F82135D26
8D2A0A4E54B0DA75FFCEA0E347EE678E7D3E26A7;1;chlorhydrate de lopéramide|2  mg;6F6DC98A8D5959F1BD0EA4FBE53644C221AECAE2
A6A85C74D7E7702A3282389608D79DD62B2313FE;1;chlorhydrate de paroxétine anhydre|22,2  mg;0547DA24774C626FDC58459EF2975DA39D20668C
FFC304E2A331115D8297D0F1FF8A66CB0061CCC5;1;golimumab|50  mg
E6560BB1203BA0D6B931C0AF6A79159C8680F422;1;ketotifène (fumarate de)|0,0276  g;6883AD642D526EEFB1472ACBC13812FCAF122DF6
E2ABB1A35E845F7F0511CB07FF169D21F509AE14;1;kétoconazole|120  mg
236562228B87F4CC065B614C994B8FDBFD1FA1E0;1;fénofibrate|100,00  mg
FF82C77CD9E23870E770F6FE9EB906A4EB510562;1;trinitrine|15,70  mg
AD97128DD98DFA9A234ACB304E2488FA19F0FFE8;1;aflibercept|25  mg
1E2C49E5E8E9D7EB322FFCCE1751CA5D929F3B82;1;chlorhydrate d'ivabradine|  ;0A5D946A8489D028EE0C50E83C73DFA296073B14
693D78B80DCA92B6C615ED00F2AF20E71635959A;1;mésalazine|500  mg
51A2A9F3FEC4E6B0153ABA6904323B42FC577ECF;1;ramipril|10  mg
AF157002A8647663B0B5C65C9FDA522DA8879A1A;1;maléate de trimébutine|100,00  mg
C18D9C02D6CDC45C0F0725E9003BECC6BEFD647B;1;ixékizumab|80  mg
A489F05B81743A4001FA82C3256654BFA5A48DC2;1;fénofibrate|200  mg
F84304D40DFB52FD30A196491C4F5690173644A9;1;almitrine (mésilate d')|0,015  g
0397F71DF495B40DAC3BF8718AF798272386E9FA;1;candésartan cilexétil|32  mg
6279262EC2FB5B639CBE433E2D35D6A9AA59A024;1;glycérol|0,690  g
4E36FB112B3001FAD1411673328B2A18502E6705;1;chlorhydrate de venlafaxine|  ;B6531595867B83AAE360708D96675FCA10DCD89F
BDC04FAA0A375565766D239CAA0DDCCF9EBD845A;1;hexétidine|0,100  g
8DC542766EA5D33F6B9572A739BB7648D5F8B643;1;valsartan|160  mg
E832068A3FB6F31A768BA211DD09FCB03BDE1620;1;alfa-amylase|3000  U.CEIP
325F96451138E5299A6020DF2C0FFFCC6DE507CF;1;lamotrigine|200  mg
D365D22A5BBAF8A988BA759B5D820D7EF4B8668C;1;hydrogène (peroxyde d'), solution de, à 3 pour cent|qsp 100  ml
5B69362F9BEAA1EE151F003817B276C290F9D5AA;1;hydroxocobalamine|5  g
93780A95BAE224892FA3AC3C9DC14DB6DA226E14;1;périndopril arginine|10  mg;83EBE2628AD7A882BC1F2B35A84DFAAD229BF5AD
77048681A837F2F2DE335B3383DA4FB1E083AE8A;1;misoprostol|25  microgrammes
8822F08FE698A036CA5D3327CD0B95D2A02DC078;1;chlorhydrate d'amiodarone|200  mg
C55BB10DF67D6DF718522859F82A550ECFB4564F;2;acétate de bazédoxifène|22,56  mg;estrogènes conjugués|0,45  mg
B9C871AA64BBE3ECC2C58337FDB7095B99D82F33;1;bésilate de cisatracurium|6,70  mg;34D44C97EB11AEC5131CFCF3DE4832FC58256E3A
6E6289F872DA84B8A68385055B77FCCEF9F4BE7A;1;théophylline|400  mg
90F6D0FEA12205414643FFBE6265E26C21114677;1;répaglinide|2  mg
C1C2B0717403679A0F5EC6EDFD2EB739BB787DF3;1;gelsémium pour préparations homéopathiques|2CH à 30CH et 4DH à 60DH (pommade à 1 %, 4 % ou 10 %)  
5C5AB7E09C1738AC6DA3FF8A3AB7C82DFACF93D2;1;périndopril tert-butylamine|8  mg;7C5282EFC10551170C957C1FAA203A8488F1188A
8CCF3ACA47F582E7C665DFA64E56F3353AC464FC;1;zuclopenthixol (dichlorhydrate de)|2,38  g;F7D7077ADC10BCF0A3CDB323520D5DB36B8001C9
E85D5E77739F39D6C359D164BDC739917281A439;1;dinitrate d'isosorbide|0,20  g
7001B604A42CD8D901B53F4DF11BBE4396A0087C;1;palmier de floride (serenoa repens (w.bartram) small.) (extrait du fruit de)|160  mg
9E6D4B95ADA4F1770B7C57753ADBC8102D9D885A;1;dipropionate de béclométasone|800  microgrammes
CBA517C4A8EDB18888D30F3B0156280E786C5B31;1;cactus grandiflorus pour préparations homéopathiques|2CH à 30CH et 4DH à 60DH (pommade à 1 %, 4 % ou 10 %)  
DD0F9D50BC9C54AED105C5BB0747B581F1101581;1;heptaminol (chlorhydrate d')|30,5  g
58C55F38252283E20F24B62C9C5A6909878E21ED;1;trandolapril|0,5  mg
CE58CFE2C03BE82C67D5799F6B8D275EB6B4D6B7;1;valsartan|40  mg
18F32554A8D0591C5E269E34AB21BFA83476A2A6;1;méthotrexate|17,5  mg
24954D0FCD9023B78E26D5177CD04B4AB2FBC54F;2;périndopril arginine|10  mg;bésilate d'amlodipine|6,935  mg
A90D8097FA8038E1D216184460924C1DE18D6C0B;1;prégabaline|100  mg
1539418D9B89E9B9FBA706DAF7C366FDE47A3ACF;1;saquinavir (mésilate de)|  ;DDE915F6318F3AD43390DCFF822B5256E43E4D12
335F5E0D699AF0C1528B6D4472679CE59C07F0B4;1;dichlorhydrate de trimétazidine|35  mg
EAE756B3AC8C215540D9475BDDD8302D9DE0DB7B;1;oxalate d'escitalopram|12,78  mg;CA859858B63CCFCEA78D0023E75402FCED085761
194456DC53226EDF53DEA7CE95944A29366A248E;1;aciclovir|800  mg
E15A9AEF8758A1133D6DE0F6B110A45A3B51B041;3;oxyde de zinc|28,30  g;peroxyde de zinc|7,70  g;dioxyde de titane|0,20  g
06DB7C69E10F821F79E976892FC2E13062C11BCA;1;racécadotril|100  mg
7CDD6E3399FE22C568981CC6D9AC213E1C40860F;1;fentanyl|15,5  mg
2C056FA50C59DC98501572552CF3D9A5A96239D3;1;mésilate de doxazosine|9,7  mg;1B85906671674E3BF358200AFDE49D255A70AA83
55975D69DBADF9DF66B0BA33224E92D5FC6B2AEE;1;allopurinol|300  mg
E4A0BBE277F8BECFB71A37F561AB0949B64C5C0B;2;codéine|0,0800  g;gaïacol|0,5000  g
EF2A8B861F3426D0432E61BF4ABBA48A1AE0750F;1;méthoxy polyéthylène glycol-époétine bêta|200  microgrammes
D6BE4990AAA89A75DEB6B1CB81B6D4A077C79142;1;acéponate d'hydrocortisone|0,127  g
7926609BEB6D9364E5C75605CE5CB85E83519DAA;1;oxalate d'escitalopram|19,155  mg;11F9BCE6FAA5FC9959EBA18F568CBFC85A8712F5
391F9657AE45CF84B826009CB43DC0CA44C62850;1;estriol|0,5  mg
74CEB223F358D8B0676DE2FE60D459BBEC5D9DE8;1;albumine humaine|200  mg
99D3BE18A344579CEABC6A0227C904FFC828D0EE;1;aripiprazole|10  mg
5D8A9818451882465FD9C9B5AA1DF6F47A137A51;1;aripiprazole|15  mg
CC4ED024837309412DDCF234FC60BAAB3EA0BE06;1;dasatinib monohydraté|70  mg
65B32E9F70ECE90B8630E728D3A152AE8FF9C70B;1;lénalidomide|10  mg
4CFA0A2D2D3D913BD4F9F1B572C2453C4F312D15;1;magnésium (gluconate de) dihydraté|0,220  mg;A6D07C8A67050CAF6FAC8D983E8501D98F8F3B9B
913EEC79366082AEFE6B080E3F6436F219EF8A4A;1;pantoprazole sodique sesquihydraté|22,56  mg;FCE67EC1F7DBFE9B5D137F12B89C0DB454A94D48
CB2E1C8573AE93B7B07780EE5C92028A04A26046;1;dichlorhydrate de bétahistine|24  mg
4F7F57F2C46B51C2DC2A7FB9B5DE5C87598AD775;1;chlorhydrate de méthylphénidate|54  mg
28346267B646AAD24F272CC88B54FA021AD2CAA9;1;époprosténol sodique|1,593  mg;9A647A96001C43C35BD9DB5B2F06F183C9755F79
C4EDEA71FB07B3713D1CA62F007E92DBCD503886;1;maléate d'énalapril|20  mg
463C6E8AE240A5D574CE9E6BD4314351B7F53581;5;ichtyolammonium|1,474  g;oxyde de zinc|14,763  g;dioxyde de titane|5,905  g;benjoin du laos, dit du siam|0,100  g;hamamélis de virginie (extrait d') (fluide)|0,984  g
A758EFA19EF5BE14A235FD715539923E587EC01D;2;chlorhydrate de tramadol|75  mg;dexkétoprofène trométamol|  
EF48C9E798EF79B727B4A32F977DD50676AE4099;1;entécavir monohydraté|  ;7EBF6289A92529B3B31F68A70042F616D7F144FF
CC1EF519ECB4D5AE5EA1B9F215582D11F7B884F5;1;évérolimus|5  mg
D145F6E96AF52B6F487414C7F09BC28E1CA87686;3;chlorhydrate de pseudoéphédrine|60  mg;paracétamol|500  mg;chlorhydrate de diphénhydramine|25  mg
14FD54DE1B79F73EF16243CD705B22F9FAF639B9;1;répaglinide|0,5  mg
AC04C13294835A142BE7A9D432A501C06F578D84;1;nadroparine calcique|11400  UI anti-Xa
77980F5D59AB5111AA7D804905235AB77FE03E47;1;fosfomycine sodique|  ;1D531FD16468D01B64F097C7978124D41BBA2775
1D9B0A9056BC4F89731BD80F3D5D78678310716A;1;ipratropium (bromure d') monohydraté|  ;EF10C7F82AA6AD52144D66B545AB599230885A66
F8908ABD9263BEE29984B311140A3F6123ADA448;1;glucagon humain biogénétique|1  mg
1DEFCF5A4D08B35A15FE6E53142BC0F6772E1F33;1;acétate de caspofungine|  ;D80D54E94D6B951BBEC50DA1694B1E0A80AC9458
CC65D61C096767392E2C39C3B80D45FB7F9D4032;1;fraction flavonoïque purifiée micronisée|500  mg dont 450 mg de diosmine et 50 mg de flavonoïdes exprimés en hespéridine
F4748A5A941F715F0D10EF0C1C6740056C60DC38;1;pamidronate de sodium|15  mg;6487E8D7811EA2CA547A80C789E94C781AAE47DC
4CB93E79B32DF1E68F9897D78C80D84168CAC278;1;rosuvastatine calcique|  ;E3BCE53C7682581DEC16AA778C68C9549CF8E86A
DD97A02BDD13E414A06DCA54006EFD2D17AC9AD5;1;chlorhydrate de mémantine|10  mg;AFDB2B0E1CEAEDB9FD70B656E21F491B5A46E85E
D05CDB7E0FC2C75A88B6D6F89EDD4AFB895D4BF7;4;anis vert (fruit d') (poudre de)|30,0  mg;séné (feuille de), extrait sec titré de|30,0  mg soit 2,1 mg au minimum quantité exprimée en sennosides B;boldo (feuille de) (poudre de)|50,0  mg;cascara (écorce de) (extrait sec de)|40,0  mg soit 6,4 mg au minimum quantité exprimée en cascaroside A
04BF8C46D7E5BD2E4B2ED4AE2855D3F1D6CC6D71;1;céthexonium (bromure de)|0,1  mg
30D12F8B8778E8D6EF6DB93190D326A451DADA71;2;désogestrel|150  microgrammes;éthinylestradiol|20  microgrammes
A47D81AA41645BE35F9F1E7DCEF8F0CFC558D0F1;25;tryptophane|0,43  g;méthionine|0,4  g;leucine|2,15  g;phosphate monopotassique|0,184  g;aspartique (acide)|1,26  g;arginine|1,26  g;alanine|1,94  g;gluconate de calcium|4,03  g;tyrosine|0,15  g;isoleucine|0,95  g;acide glutamique|2,18  g;histidine|0,65  g;phénylalanine|0,83  g;sérine|1,17  g;proline|1,72  g;glycine|0,65  g;lysine monohydratée|  ;glucose monohydraté|  ;chlorure de sodium|1,169  g;valine|1,11  g;thréonine|1,11  g;cystéine|0,31  g;lactate de magnésium dihydraté|0,461  g;taurine|0,12  g;phosphate dipotassique|1,62  g
CA1B406050360F991B815EF48BEDAE5B7A65AD04;2;dipropionate de béclométasone|100  microgrammes;fumarate de formotérol dihydraté|6  microgrammes
3BC79AD39D74D45D4C2C4B04D39C6F6A862D3CA7;1;chlorure de sodium|5,85  g
2FA57BF24BDC77CC725D49EF43FCA3CB7A4ABCB0;1;chlorhydrate de ropinirole|9,121  mg;7B7916967AB031DD50FF2C61F4285DEA5B7BAB53
97843EF9D42A300D45E393FAF301B64D3899293C;1;ceftriaxone sodique|596,50  mg;5024352FB1F9E40F069261D210A70E8E65FACB24
B8BB64E3202A1D4BAA87826B88F401536948C33A;1;éthanolate de darunavir|433,64  mg;D812E2D4F1DFB895441CAC6FE424329F145F13BC
51ED951279779945CA751EECB63BD7068879187B;1;riociguat|1,50  mg
9FBA72B46C167B8B2F8015DEEB0535EDC42A070C;2;clavulanate de potassium|  ;amoxicilline trihydratée|  
27EE74690B9C4D035A3BD45CFABADB36FBC41291;1;lévétiracétam|100  mg
AF41A32B49540D7BC2D60039F8049C0D87957B84;1;chlorhydrate de mitoxantrone|29,10  mg;683402C989FB64970137CFCA905CEA0FDE784F04
BF09FCBFD5A3A50058F69758FE3BAA13A5BA6547;1;chlorhydrate de ropinirole|  ;63927EFE117941501498FCA0C94708EF8E0CFC5B
8510CB0E0A857111DDDF448D37F46C9B5307FA8D;1;simvastatine|10,0  mg
5A5854B48014494BCF4622ED60CFEFFC7BAC4FF3;2;substance de base homéopatique|7CH à 30CH et 14DH à 60DH  ;kreosotum pour préparations homéopathiques|7CH à 30CH et 14DH à 60DH  
BE7840B0EBE23E0D94BED676DFE2197989359516;1;chlorhydrate d'ambroxol|20  mg
851C90F66E0DCBAB03E5DD1BF5FC43E27EDB9D39;1;fluvastatine sodique|21,06  mg;0DB35D59A484E7C290A291310B818EC35D18E13D
F50531CA77F9E0DA3D3CAD358EB045260ADD69E1;1;chlorhydrate de sotalol|80  mg
C58578492EA10385D29784BEAEB879A4E0A961B6;1;glibenclamide|5  mg
E23D3A54EC570217A1464C94C21121ADB0E09AD5;1;rhododendron ferrugineum pour préparations homéopathiques|2CH à 30CH et 4DH à 60DH  
E2D8D20CE3664C60DB9D4DAD18F2B29118C54B4A;1;bésilate d'atracurium|25  mg
36B84690351D2C7F7C21146372C2EEEAB4E8FAD4;1;ofloxacine|200  mg
419C036C26041B7D430BEF9AB105FECE110EC9D2;2;chlorhydrate de pyridoxine|0,040  g;magnésium (glycérophosphate acide de)|1,895  g
B416F7326A1D69F2E90EFA3E14B874D047C03682;6;cocculus indicus pour préparations homéopathiques|5  mg (8 DH);borax|5  mg (4 DH);argentum nitricum pour préparations homéopathiques|5  mg (6 DH);nux vomica pour préparations homéopathiques|5  mg (4 DH);tabacum pour préparations homéopathiques|5  mg (8 DH);sepia officinalis pour préparations homéopathiques|5  mg (6 DH)
616B8275E9D7FC60013781029FD45641CEE70EF4;1;oscillococcinum pour préparations homéopathiques|  
E886425FF6A85987D2DC8923CC1E5255140FB0B1;1;virus de l'hépatite a souche hm175 inactivé adsorbé|720  U
E25BB64FA6AD3FAA65BE67D520A856D1BABD783B;2;nicotinamide|0,500  g;sulforutoside sodique|0,200  g
15E341EECD6A820E367BA5C3051B94E08CF9E2CE;1;molsidomine|2  mg
70D30EACF1299D8ACC1363BB9D3E7E0E74A9D263;1;tartrate d'adrénaline|1,82  mg;95A9345C8AE85B8A66372EA47F24DCED2D6B7474
ACE114EFF7B3631187B62D0C025FDB158B84CB19;1;chlorhydrate de gemcitabine|  ;C97128482057367D6B4374A1CD78C0042FF19938
95C66D40FE2A02B2F431D2BEC2440FD43CBBA5D9;1;paracétamol|1000  mg
921EF9F90ED5A1BA0747C89388CFCCDE413413AF;1;hydrogénotartrate de rivastigmine|2,4  mg;1D8B3BAC0181432EB952C618E2F838EE65E95390
CAF937C2CBADD527836BF99510859A5AE134F3EF;2;siméticone|300  mg;citrate d'alvérine|60  mg
867B3C5CF6E20CFE504767833ACE74FD62DE77AE;1;pantoprazole sodique sesquihydraté|  ;4152F524811F529C0302A292F707758CDA176582
1133471194966B343C459D7C37E534D6E8C28ED9;1;gliclazide|60  mg
712C1A7427BF40A9F6495825BD7BDFC7144CEAF1;1;oxalate d'escitalopram|  ;A4B9AE2038AEE91AD2C520D66F866F7854187156
1E0F2E4760D10E879AB9E93181E79528B5B65B9F;1;chlorhydrate de procaïne|2  g
7626AE5E790F066FAD491038C4B716F2DD0F275A;1;midazolam|1  mg
0CD563977CFD0211E06713FD9CF94FC97E79E747;1;sodium (valproate de)|500,00  mg
C1CC86747E14D7FF0A0B59B5236065148E2BBE99;2;paraffine liquide légère|28,73  g;ispaghul (tégument de la graine d') (poudre de)|33,33  g
4F3477890337C088014CFC8C993AD78FB1D64BAA;1;gabapentine|400  mg
F81CEEF322B9B6C5699827151007BCBBCE4FFB6B;1;borax|3CH à 30CH et 5DH à 60DH (pommade à 1 %, 4 % ou 10 %)  
F3F3F438CAE483CC06252D1889B06C17315C3B79;3;chlorhydrate de pseudoéphédrine|30  mg;hydrogénosuccinate de doxylamine|7,5  mg;paracétamol|500  mg
E4581BDC7E3045830396CB8B116BB0196005AE73;1;méthylprednisolone|100,00  mg
7130F411738290E2CB28960DD289246036934008;1;virus de la rage inactivé, souche flury lep|supérieur ou égal à 2,5  UI
A3D8A67A82E0D2498B3C65FEF1B2BA352075BF32;1;hydrogénotartrate de rivastigmine|  ;1D8B3BAC0181432EB952C618E2F838EE65E95390
7F90729FCAF51134DB3F58909B74FDAB1AFEC360;1;phosphate de sitagliptine monohydraté|  ;8DE5CAA78463A5F60337710684671B61223353F3
A37BB8D15AA6D04101528F26C72695E79A9B7908;1;capécitabine|500  mg
150A11CB940A7F39CE81682DFEBC99CCAA039A13;1;bromhydrate de galantamine|  ;80B76F6503C0F03B7E1680D9FAD884949310A0DA
9E538A7C286D579ED0A729C8753ED0639F843685;1;citrate de tamoxifène|30,40  mg;6FCFB316F9C68AD492FBF0392172FA0EABC889F6
B42828F604F9B7711EA5100783C6E7281EACAA5C;1;chlorhydrate de céliprolol|200  mg
EC2F7064FCA46D0155529EC06F51508B97102BB2;1;lactulose|10  g
FDB0A019C214C2AC59A49787A6E8C761277C95E9;4;vitamine a (acétate de)|  ;levure|38,70  mg;cystine|36,30  mg;soufre précipité|11,00  mg
05B92E132CF1EDADBDBD68963CBC961A75AE83FF;1;albumine humaine|200  g
AB284C3FCA5EEE5A593FE25EA10109E869B579C6;1;oxcarbazépine|300  mg
77A3F85B3EAFCA26CDAE8EE65C57EA231A2EE8B9;1;protéines plasmatiques humaines|45 - 70  mg
8B7DDDF646DCE10C02EC9EC98BC878C15C2E4B6A;1;carbocistéine|5  g
A925ED93F3E37E1A060C691840A029817A8BB567;1;chlorhydrate de midazolam|  ;FEB61334FBF3F43EB9C277368D042B0FF93B99AE
F63AFB43ACA7E460F3612EE65DE809B0665CCAF8;1;acétylsalicylique (acide)|500  mg
1CF06D45C597FC79AF8EA46C02C906B374E12D49;2;périndopril arginine|5  mg;bésilate d'amlodipine|6,935  mg
8485C40B7B43CD910D6ADDCBE7E61A9E3B442882;1;avélumab|20  mg
B5B1B47D5C1EB44E88CA32F16E21F1043E712F3C;1;chlorhydrate de lidocaïne|10,66  mg;2EF87C11090E46B88066365A1BABB6BC8EF3649F
C210F6FCEFB1089DD0DDC36807F054AD4134777B;1;millepertuis (sommité fleurie) (extrait sec de)|500  mg
6074D2C79B90DFC83DBE38CF5EBBA756A8713121;1;chlorhydrate de diltiazem|200  mg
6E65ABAAB3181F6FAD9979E8EAC7D056F71EAEBF;1;calcarea iodata pour préparations homéopathiques|3CH à 30CH et 5DH à 60DH  
696B99877CF9294F1CEA1E6C07FAF248B78F00E6;1;iberis amara pour préparations homéopathiques|2CH à 30CH et 4DH à 60DH (pommade à 4 %)  
C29870907F08564C337ED51955CAF8CB4A4F55AE;1;eau pour préparations injectables|100  ml
B0A58D41A1173D9645306A166BF3B6ED5D510788;1;benzathine benzylpénicilline|1 200 000  UI
DBA0690DE59F61074F6E71F21FBA633C29CED8EA;1;chlorhydrate de sertraline|27,977  mg;CC2FFC0380F35BA0853EBE9775E0F4CD828ED6B4
AC4026011961A625A52338BA78D25D404E176E73;1;complexe d'hydroxyde ferrique - saccharose|540  mg;FC3C4D0EFF7B7D60B66C572A9299CCEE2264019E
062EF6509BDF212EDBBB1E6FE886CD28EDDE2D02;1;ibuprofène|5  g
59D4B1202D8CD7BFA0EDFA07D3090588102B5C10;1;télaprévir|375  mg
52FFFC5A39E119C26E1ECB3531F4CAB0738AE2CB;1;tartrate de noradrénaline|0,5  mg
ACF0532DBD385CF3EAD01325044A2915620DF3C1;1;thiotépa|15  mg
065A291D8B3BB2877150E75702B5E34154207CBD;1;trinitrine|31,37  mg
9DFE1262865ECBE364E2E53560F9C1CE3FFD5B51;1;atorvastatine calcique|  ;F9ED4BC023E003C2BA6C9622850A3AFD7FF493ED
DE1AF2CDDACA052E99AC20DB6053D507D8E237C3;1;simvastatine|10  mg
BE6143B927A9F070BEB0BD5D339534C8BD38B021;1;cobalt (gluconate de)|0,240  mg;FF5F82A4223D849D6A9B02794015CAEA0C560738
0074A1E6AB90FD08C98C40D403F02C226BA76C48;1;benzylpénicilline sodique|1 000 000  UI
1011E0E84D3DA0B313243642452310E2731224A0;1;chlorhydrate d'oxycodone|10  mg;494B90E6989629E1398F74F168D707F55DE9D5FA
3DF85558459B33DB17FEA2644B6A78F33189EADF;5;chlorure de calcium dihydraté|0,2573  g;chlorure de magnésium hexahydraté|0,1017  g;sodium (lactate de), solution de|7,85  g;glucose monohydraté|16,5  g;chlorure de sodium|5,64  g
470197D7554526086B83B26EB9FAD45039E8A15A;1;ranitidine (chlorhydrate de)|  ;96F5BDE635F98E236D5A11A0F0DB91798EC67204
43C2B79719C5D583A4DE4C9026B69F7B4954398B;2;chlorhydrate de pyridoxine|5  mg;lactate de magnésium dihydraté|470  mg
B8B7CD55AAE595CAD85F26D7DA4EEF80EDDB7E53;1;montélukast sodique|5,20  mg;7D8841BA22EC997A03E4F8FD245EBEEF759EF37B
8A2F7569D70367C1AE1CAB8234EA842C38C75F6A;1;pilocarpine (nitrate de)|8  mg
4CB950585665106A1035A413650DC168349A08E4;2;guaïazulène|4  mg;diméticone|300  mg
D7B981EEED005EB2D59DC7541136C213AFB7EB00;1;chlorhydrate de tramadol|150  mg
8E94EE88106BCC1DDF57E21E21A362735B3C7250;1;bêta-estradiol hémihydraté|2,06  mg;4975E9952C34D423E317F0FB1BE8DD97E443CCCB
A0F1BC6897D7D2B03BDC7137665DF720BD2F3D25;2;acide lactique|16,7  g;acide salicylique|16,7  g
3CCACD39342C3EC1280C9A5A74909C7A14E80F05;1;sodium (phénylbutyrate de)|940  mg
0831DD1457E71693B56034C3A0C4AA36ACA7C07A;1;furosémide|40  mg
BCAF3514CD8B7189749988BFC59E2A985AB542BA;1;chlorhydrate de tramadol|200,00  mg
9F7BA4DE6C43A70DE3EC5F68F98CDAD0B0EDAE1B;1;riociguat|2  mg
19AA25F06C9F5C67BB57B6F689BDD518E5289C17;1;naftazone|30,00  mg
42C5533E61796CC91E879BC67068E420E5DB88D1;1;sulfate de protamine|1 000  Unités Antihéparine
729E7C47D0A3CE4FB2AF50E9F72B74037C1A834E;1;chlorhydrate de ciprofloxacine|  ;CA2CC47E0D4A3502B42CF326172B3595D8880DE7
90DB97290749614CE443A4322FB39C3B53962DD6;1;chlorhydrate de tamsulosine|0,4  mg
F45654F592B0C8A1F1F8C38A2F8920F9DFBEBBC9;1;finastéride|5  mg
2C61963DC23266FEFE6C2CD4A8E5CE94DAF6667E;2;périndopril arginine|2,50  mg;indapamide|0,625  mg
053DDB718E78D85BA6660744737EFCC7C6E7F6F5;1;lévothyroxine sodique|  ;1F8BDC3F013FB6F8FA594B23C68E8CFB6FD563EE
0380E97C96E6E019B0F243FF5A7690C569573376;1;tadalafil|10  mg
D7D22E559BBAD2A79734799F845EEF1AE6E077B5;1;eptifibatide|2  mg
74CB415AED1644E0DC390B03FA23826C960856A4;1;chlorhydrate de terbinafine|  ;BCDAA4D7EDCA33FDD8A84D627A726D6B173F3EF6
F00B4DEA0ADC95492367B89A48142BBFB9B682C1;1;felbamate|600  mg
AEC7BBAFA2B79AA66DB7228241A6F42A506CF46B;1;tartrate de rasagiline|  ;B7986510B2561811B72AF887EF6C23B284559AC5
503E180423332C0D417DE9DD485AEA15AEDD0C13;1;minoxidil|2,0  g
8FD7D6B71ECE3E5B05E3ED035C7E620886C884D6;1;dutastéride|0,5  mg
108A1C15737E70D18989DC3EDD132030B9A61423;1;séné (feuille de)|0,72  g
E23AAB27E0ABC10A0B8CAE61F58198AED5ED02C5;1;exémestane|25  mg
DD94C910EE31AC8D477563D33D1D23306B1B10DB;1;chlorhydrate de bamifylline|300  mg;804AF8775B3A5A32E790DD4D29EC0D0A32207ADA
3383BFD9DA5076E71AAEE502ABF9663C11439BB4;1;glimépiride|1  mg
0D4E1A73422F4F16DA415EDF058D4F35925779C6;2;carbonate de calcium|1250,00  mg;cholécalciférol (concentrat de), forme pulvérulente|400  UI
19DBC0ECAB0673194851B043698EFC397211E224;1;paracétamol|500  mg
A6174450045675D22454C036676448C25D75FB50;1;mercaptoacétyltriglycine|0,2  mg
C92A5A038A9A456951BD14E0C67C85216AFA2E6C;1;péfloxacine (mésilate de) dihydraté|558,50  mg;88FCF0D688A32B7698294299C0ECDADF0DF3AE3A
E76B142FB329523D824B58730462E793197D017D;1;candésartan cilexétil|8  mg
F0AAB5173D98A969E9D0723C00622017AC2ABD3D;1;chlorure de sodium|0,09  g
A068D84B57090AC7FB7125A96BE974A1E0444111;1;dexkétoprofène trométamol|73,8  mg;78A68C8CAD352A1740840FC0FF0281CEE3D1BECE
E28EC7C54BCA7C343AE6B82E3100262F2F673551;1;bétaxolol (chlorhydrate de)|0,56  g;5DAF9CB8CEDDC436BAE1841C1E1CF75F60C1D0E8
BB84140F717EA9389A1259B3F213031670B5BA95;1;pulsatilla pour préparations homéopathiques|3CH à 30CH et 6DH à 60DH (pommade à 1 %, 4 % ou 10 %)  
390A9AD722E477CCC2DD22AE3CA7CE759F050DA3;2;bésilate d'amlodipine|  ;valsartan|160  mg
FAEBFD00025698696FCABD98FCD91E16421D03B8;1;sodium (cromoglicate de)|2  g
AADF24AF610D08474F479C1C5BB2A897C95EE98A;1;ceftazidime pentahydratée|  ;3A211D472808115520A61C1E290488EE70C6B977
5DC861FD511572DFAE007AE771DF5D411E1B3189;1;chlorhydrate de paroxétine hémihydraté|  ;0547DA24774C626FDC58459EF2975DA39D20668C
A90280C0EC45E8FC222C8B7F3361438059486BDD;1;ibuprofène|200  mg
FBE5F3D3A120AADD3104D4B5732B947E6260685E;1;propionate de clobétasol|500  microgrammes
79F1FC17A3868DC921CB7A00B229048C04F97E4B;1;rispéridone|3  mg
2F3DC5CB1B707F53E1574D20CD3DF3FDFBDB1C7A;1;lymécycline|226  mg
A14B8CB65C00E012078F7B019DC3B2E240CCC9EA;1;captopril|50  mg
4D691E56F8D08067758C0725D80F15050BB902CE;1;mononitrate d'isosorbide|60  mg
577D906FB491AC5EC7EA5ABA29E326E6370D3C60;1;chlorhydrate de donépézil|5  mg;14860EBD2500BD6506EACD7CA588B6FA13A9C255
39498BB386C4182E61D3C40610D31A4AF6BEF576;1;bicalutamide|50,00  mg
5976A825E6DEB9C8EBE82E7BECB609B2FB418D14;1;céfuroxime axétil|  ;613FD23D97740497D9BAA05D1AC5E7AAC0AB139A
7CEC71242402F3DEB0A2420DD4F9A1D02B80958C;1;glucose monohydraté|16,5  g;53E0A1012CCD188956C64CC5DB1BF28711346D6C
6750A7332A042E15481087A239E49DAE90A6A5AD;2;captopril|50  mg;hydrochlorothiazide|25  mg
28FB8982A5F072EDC2BDE8785605233D0129D235;1;chlorhydrate de ropivacaïne|2  mg
8B731A52A78DD338CEC185F12DB081DAFF306DFE;1;alpha-1 antitrypsine humaine|33,33  mg
751B6F9D76F96C28B63871C46628E55ADA0A13EC;1;céfixime trihydratée|  ;17D050C607D943218C7CE05357C8AB87F5456DC8
BA5722EC0B642AFD274FD648CB05F1D2633DA629;1;josamycine (propionate de)|  ;227E71CFA3250A1A807AFA3FCA417D2FD993D8FB
2B897B4B307C32C4E3A01D2D83E3A795077BB40B;1;lapis albus pour préparations homéopathiques|3CH à 30CH et 5DH à 60DH  (pommade à 4%)  
4282B149DE1C6CF9C2FBAD28A88D5E6B6D7CB030;1;spironolactone|75,00  mg
15C5177D68E3E402C998A323E008A34751E119FC;1;acétate de glatiramère|20  mg;11AACFAF80C5D89262EA4A86514676D4E7C1F71A
24562F2B27111883DCA410ED43023D5028CB6102;1;chlorhydrate de tramadol|  ;4936FE770C084CE235496FBF9A28569634B17705
7AE9B172AD6089226A5AF410FAB516090A8B56EE;1;dihydroergotamine (mésilate de)|3  mg
4780C5BF6A8AFD7E39D0D4D412415F2E36EFF6CF;1;bimatoprost|0,3  mg
850FE839E659BE9AC1F9A2123768A38846A6E833;1;pélargonium (extrait fluide de racine de)|20  mg
AA53B85F4A66010073831C4EBDFF04BB58C58D25;1;chlorhydrate d'oxycodone|20  mg;F3EA01177BBFA88A1735E1804CA566C749CA8296
4591C76F625AAA80CCED0A1DA7957AC9B1EB0A37;2;maléate de chlorphénamine|4  mg;paracétamol|500  mg
BD2421208B20F7DC82DED1C763691357E311F366;1;prégabaline|50  mg
15ACD72DC673705F279B567DD77E00B7FD4D6FC6;1;fluconazole|2  mg
53632C9428035606A9CEA0728B2F8852AF3C9F6A;1;pinavérium (bromure de)|100  mg
A258A06473AC41043E92A18465B82EB500CEEA0E;1;chlorhydrate d'éthambutol|1000  mg
C7D9D5A2B29C8DFA3E895029634770AE97509948;1;bromhydrate de dextrométhorphane|30  mg
CC4BC6199B62D6DFFEDE72EE350A93C8F861DBBA;1;lévosimendan|2,5  mg
B179BAEECDF33FA54B1756D4E0DF1518F41E7378;9;belladona pour préparations homéopathiques|4 DH 5  mg;pulsatilla pour préparations homéopathiques|4 DH 5  mg;petroleum pour préparations homéopathiques|8 DH 5  mg;cocculus indicus pour préparations homéopathiques|8 DH 5  mg;glonoinum pour préparations homéopathiques|4 DH 5  mg;argentum nitricum pour préparations homéopathiques|6 DH 5  mg;nux vomica pour préparations homéopathiques|4 DH 5  mg;vinca minor pour préparations homéopathiques|4 DH 5  mg;zincum valerianicum pour préparations homéopathiques|6 DH 5  mg
5C0BDBDA80CFE571EE961003E7DA26F6D4C3DE9F;1;chlorhydrate de tapentadol|  ;D0BE1F51822152BB2A6D73FF1396BAC4A67F96AC
9F2AB21016D1CBD941D80ED3725C6B82C7FAF4BC;1;diosmine|600  mg
9E73398976BBEF22C480A5EDC75C128F68797B54;1;rotigotine|13,5  mg
4B43762109B0F9F164CAB273A7C6B14B8C80F105;1;virus de la rougeole, souche schwartz, vivant, atténué|pas  moins de 3,0 log  DICC50
3C699BB6CA54085E21308CEC3E5589EBA2E62992;1;famotidine|20  mg
F27A2DA6D2747C5C595E9BDAE673B91FAC749970;1;époétine zêta|4000  UI
9153965DA0AAF77CB23FDFE54672E50C7CE67615;1;chlorhydrate de buprénorphine|  ;21B6A5956F8F999A9D7412FB62D5CF74AF601BFF
4B1AF5ADD91BAF7A18B25D6D13279C69725A585B;1;dichlorhydrate de lévocétirizine|5  mg
CD08454198C70AA098712689BCDE0F6EB8856BE2;1;ramipril|5  mg
79CB9AE1F78A0C38B1F9974A53E781B8652AEA14;1;palmitate de palipéridone|546  mg;4264EB0DE3F37D49E1A6EC05F33C0C63D16C96E6
AB77EF7EC027DA58ED771C16B5522ED3D001DD2A;1;aciclovir|5  g
85A1B56C2C09310C0BCA6C4BE8A6C537EA354AC2;2;chlorure de zinc|2,50  mg;tétracosactide|1,00  mg
635BEB5F5FC84305A08CA0221DBB06E0608E397B;1;olanzapine|10  mg
06F9729D51C9E852CF65DABD50F668FDCEC5E85F;1;ciclétanine (chlorhydrate de)|50  mg
F434207B21819127FB054D5CAE12EBBDCB42211C;1;charbon activé|162  mg
25E4F63F6F729A450DCD9384E556ECEF541F650E;1;lévonorgestrel|1,50  mg
6C9ADB899D73C63F08683E86E95696621BCBF910;1;carvédilol|25  mg
A18C9F789E1C1987E8BF8E513DA02C333889D581;1;pentosane polysulfate sodique|100  mg
338093322BF41E4CA009AA2AA326A81B4A96E9BF;1;dimenhydrinate|50  mg
3A80F65C53D0C4E10E80F0039E05E95A124F3E14;1;chlorhydrate de diltiazem|60  mg
843776B0003E796A6FD7A4ED2B58AADE2BDCAD19;1;tétradécyl sulfate de sodium|30  mg
5D967D87E294C98A74D7E6025A65BD6C495BB67C;2;dipropionate de béclométasone|200  microgrammes;fumarate de formotérol dihydraté|6  microgrammes
168FE7697F9B81B0AAB9B6235110BE43FA6E33EF;1;bicarbonate de sodium|1,4  g
8AA510CD9D9DC1BD3B6670A0623A9883758C0E0C;1;chlorhydrate d'éphédrine|30,0  mg
A58AACCBC9AE978D5B8342084C56DFE4B488D9B5;1;arnica montana pour préparations homéopathiques|7  g (Teinture mère)
FBABF6F46F7DB74F6E24CB12703391BE6B922121;1;asclepias tuberosa pour préparations homéopathiques|3CH à 30CH et 5DH à 60DH (pommade à 4 %)  
AC85218B551B25FAFED35F278513B172D24191BF;1;montélukast sodique|  ;6D798D7DCA93EE029EF27D46C95E03C32A600723
8509F8953796EE8CADD060F224DB41E875A06D55;1;oxomémazine|0,033  g
D7DCBDECB9737C480E4E644A35A3EBAC626DFC32;1;chlorhydrate d'épirubicine|200  mg
73F2A5BCECBE20DB27334B195EE34788441A7182;1;sulfate d'isavuconazonium|327,6  mg;DD833D3D90A54861959FB94F6E21E76D944E46D7
AC69C2029E7D338E65AE3DF0838E791FD7C15769;2;chlorhydrate de tramadol|37,5  mg;paracétamol|325  mg
B740F36BF08232F553268BAF8240E656402A5A5A;1;hydrogénosuccinate de doxylamine|15  mg
B52E224A00AD6A7BB5A74BA42F8AF4883ABD3347;1;prégabaline|300  mg
694983A7B07E747F6C7E7A0664FAA38E452121FD;1;gabapentine|600  mg
648CC38C6BF099487609CBD54A4EAD9E59DAE679;1;fumarate de bisoprolol|2,5  mg
24F7598689342B1B582B05458F2A39FBA435BFE8;1;carbonate de sévélamer|800  mg
9ABC79409E93D86A5769F10A271144D6B1176EDB;1;prunus spinosa pour préparations homéopathiques|2CH à 30CH et 4DH à 60DH (pommade à 4 %)  
A483525EDD6444D040FED318F59CA6455E9D5C2B;1;oxygène|q.s. (sous une pression de 10 à 12 bar, à -150 °C)  
4E9B5FD7003B982A6297836AF3463A01CD1F4533;1;fosinopril sodique|10,0  mg
F458C5F2D2949A21DA2216DB917CF56CE51DCEE1;1;thuya occidentalis pour préparations homéopathiques|2CH à 30CH et 4DH à 60DH (pommade à 1 %, 4 % ou 10 %)  
F5D45FF4CCE4CEE2EBC2DFA09F7C2E3AC701BF20;1;tosilate de périndopril|10  mg;FFA1B58FA8F9F7598B49B274A04DDF33FB38D959
1F23EFA5C80A7CECC10772B976C31BA185B8EA37;1;tafluprost|15  microgrammes
C4792820A0C3F11D6995F0BC17BA772A8945C332;1;tiagabine (chlorhydrate de) monohydraté|  ;2FC42D279C901B791FABEC61B1E44B7A3D0E88D8
D62F29C3E2BF057972B86F58AE77609680BB019B;1;maléate d'énalapril|5  mg
6D8ED743E21E931B6DDDE0B77CE7B33FDA3D84C7;1;toxine botulinique type a|12,5 nanogrammes  
656A292C64D72C9CCB68EA2FC63E1FE20A82179E;1;hydrogénosulfate de clopidogrel|  ;9AC58193C415048CF313D01D2554C75719BBFC69
80F0E49B7317A4EC56687A096D03BA90075F5D9C;1;anastrozole|1,00  mg
B2D9FBFFE48675383A210A4FDECAA6D0214745B9;1;chlorure de sodium|2  g
B851EDFEBA87C50BFB66E9498374E7219A6606E2;1;calendula officinalis pour préparations homéopathiques|0,88  g (TM)
79AFCCBC741642422EF74097C74DDA12E4F628DE;1;hydroxyde de magnésium|90  g
7E0D0D228782DE6EC14214FE6CDA948183E97A1A;1;amylium nitrosum pour préparations homéopathiques|4CH à 30CH et 8DH à 60DH (pommade à 4 %)  
94C2DF1A0461E95F4CAEAB97557E861610988AEF;1;pipéracilline sodique|1,042  g;E192F70F26ADCC2066F5C9703B5BC846BDE8ACDA
1CE53C7BF7B94E9E3D089560E59D3A6A113CCCF9;1;sulfate de vincristine|2  mg
DC9AC52FFDE041096D1B3FB05BB42C93AA8F9F5A;1;irinotécan (chlorhydrate d') trihydraté|20  mg;17FE84A94F77163733E908A5E3D9B7CABADE9550
559F8D0C7978F6F3461A4C5A2DA7C5E5A4867CE6;1;mésilate de dabrafénib|88,88  mg;3D42C26AFABDC9BEAB28AFF196A17E478A810347
EF88886BF395F8E75FFF61CBFC5C077366E07937;1;olanzapine|5  mg
896879889D23CA02653C0519ED857902E0F81E4D;1;chlorhydrate de vancomycine|128,25  mg;9ACDDAAA95224D0BBFF93F442B525D646FF7B726
E84489651632D9B3F8CE78F1836EAB2769737F04;1;moroctocog alfa|250  UI
2B226222608DACA01BA1584FF38CE2380702B1E3;1;chlorhydrate d'épirubicine|2  mg
9E85C2C95B9FB6A9A82ED0873A63460723C53F77;1;chlorhydrate de topotécane|  ;157567225B18B20316B21FF2858F5EBB48622247
A2B45996776895BC16205F61C42529E0212054EF;1;pipobroman|25  mg
514370D42235AAA906878B6A6D9E413B04830328;1;propionate de clobétasol|0,05  g
CBAD3E2125442F0FAD2F8F029F752D37AE9FF0BA;1;azathioprine|50  mg
D386184C37B8DF431586E0C99C8E98B10CD57DE7;1;pantoprazole sodique sesquihydraté|22,55  mg;FCE67EC1F7DBFE9B5D137F12B89C0DB454A94D48
48C7D4E053A180000D42A7823016946EDD2DE0AC;1;spironolactone|75  mg
BDDBCB150BD82046755880AB3F11CB82179B1DC4;1;pravastatine sodique|10  mg
C5B3A04BE08B74B559858C544AD67CF730A5E39A;1;chlorhydrate de méthylphénidate|10  mg
9C5D0504BCC78E9595D1ED3A4E433306A3889922;1;prégabaline|200  mg
237E83C54DC73BC1E314B897CC6D6BC326D82008;2;losartan potassique|100  mg;hydrochlorothiazide|25  mg
19BECD52F752AA0C3E502D935352EA32C204E6B5;1;ranitidine (chlorhydrate de)|168  mg;BE1C746BDE65949C5A28FDBD5A5FB3B8008AD077
530CBBAB53E81EAEE311C4B7C4CDD7DDEA5D6B2D;1;dompéridone|20  mg
