636FDB6EAEADE0B076006EF0B896700BB371D8ED;comprimé;1;felbamate
3F74A5FED79BCEE89CB1FAEF75837DBEA8FDB72C;collyre;1;pilocarpine (chlorhydrate de)
01C1816DDEF5EED2A18D675BBBECAE69056498BC;gélule;1;ciclétanine (chlorhydrate de)
EB89C982CCAF26086A68704825229963BC862428;collyre;2;nicotinamide;sulforutoside sodique
A5727B77BCDDA85D6EE5E4E0A9D474DBA2495DBA;solution à diluer pour perfusion;1;pamidronate de sodium;FFD7EDE002F6659D58BD32F59883FC3BD6666DC3
EE249B23C291D228108C6A1F12BFF0FB36E3B96D;comprimé à sucer;2;carbonate de calcium;cholécalciférol (concentrat de), forme pulvérulente
420667CEA006336DEC204FCD589D1855328ADD04;poudre pour solution pour perfusion;1;fosfomycine sodique;104D41249FD1D3301892589D50A586E1C5FE9362
37FAABF69B9AE017C7257EA3F2188F02CB15FB99;comprimé et solution(s) et granules et poudre et pommade;1;borax
87198C4AFF16614BC3C2264E8F12F5D324BC434A;comprimé pelliculé;1;tosilate de périndopril;FEFED903AAFDECAAEEF479F6F38ABE576A95B926
1CA1BCA405B783D69C67D5A2CDCDCD64C252F3A2;poudre et  solvant pour solution injectable;1;époprosténol sodique;09CB6B585DE0B44B6069C93F4A9F4FE61C90CB23
C17B9E4004C473DE1AF9360F633166EF977592EE;poudre et  solvant pour solution injectable;1;alpha-1 antitrypsine humaine
DA559E8E26364786036788BCA43E2F1ADCBB11A3;poudre pour solution pour perfusion;1;chlorhydrate de gemcitabine;F4019F8A724536DFDEE82A3FE562B2B67D3168D9
0D28B08BBC13329E719F6447FC74C9030D9F5F09;comprimé pelliculé sécable;1;valsartan
FA7B772911B095773E278B302D1256D45F23EC39;gélule à libération prolongée;1;chlorhydrate de tramadol
585D6DD2A7F006304E15FD5A23E8B7CCADDC3805;solution buvable en gouttes;10;valeriana officinalis pour préparations homéopathiques;ignatia amara pour préparations homéopathiques;asa foetida pour préparations homéopathiques;avena sativa pour préparations homéopathiques;staphysagria pour préparations homéopathiques;sumbulus moschatus pour préparations homéopathiques;nux vomica pour préparations homéopathiques;cicuta virosa pour préparations homéopathiques;hyoscyamus niger pour préparations homéopathiques;chamomilla vulgaris pour préparations homéopathiques
A56334B9EE367556B60E2462E8C9BE718FE2B8F8;capsule;1;dihydroergotamine (mésilate de)
AC4DFCB3ED3E50E25D736C5C5A7DEB7ABD797DB0;trousse et  trousse pour préparation radiopharmaceutique pour injection;1;mercaptoacétyltriglycine
36DF3CB1E5E414F354BDE6755390BF1785406C80;solution pour perfusion;1;protéines plasmatiques humaines
33CFDB0D7E7E8937C492CCDB433524519BDE5506;comprimé et solution(s) et granules et poudre et pommade;1;thuya occidentalis pour préparations homéopathiques
870479E2C05F1843B9D0F0AB478AA3273D0CB3A5;pommade;1;mupirocine
EC6661B69D95FEFE093D8BF2E3BD0D915105CA8E;suspension pour inhalation par nébuliseur;1;dipropionate de béclométasone
FD30CB32195508E057506A5A1EDF39B5AD14CCCB;comprimé pelliculé;2;maléate de chlorphénamine;paracétamol
705A41D5237A19D81803F1DBC0CA112A29A5058B;comprimé pelliculé;1;tiagabine (chlorhydrate de) monohydraté;F5BFB215B766A39D7B07365B37BEEBC69C946C02
35BE36F53699EB21607B9142291AE59F2A6D77EF;gel;1;arnica montana pour préparations homéopathiques
B82352598EEED1A7F6EAA4DBACE648992D4CF85F;solution injectable;1;nadroparine calcique
9F454DD21255699A265A8C85B2A560E5EE5702E8;gélule à libération prolongée;1;mononitrate d'isosorbide
0026563E071B56B7FD326A42FDBF4A7A7D1E8486;comprimé sécable;1;chlorhydrate de méthylphénidate
1C150050153AEF6E0ACD6FA441CF5B7D0476A159;comprimé pelliculé sécable;1;hydrogénosuccinate de doxylamine
8BDBD5BB7B4C4B4643A4D74F36627F3249896741;comprimé;1;acétylsalicylique (acide)
66418D65D6C6D16EAB99A66708A492C562B871B8;comprimé pelliculé;1;pélargonium (extrait fluide de racine de)
A1000B6481EE9440B79397E48505D3EEE478F18F;comprimé et solution(s) et granules et poudre et pommade;1;amylium nitrosum pour préparations homéopathiques
A6C92CFDD9478EB7578C5C95D9604C91C876CBC2;solution injectable;1;tétradécyl sulfate de sodium
654158819F5CC21BC55C551BA67524947D02A0EC;collyre en solution;1;bimatoprost
470ABF3EDE8A0D635373A0F8A4240C98164FF987;comprimé pelliculé;1;carbonate de sévélamer
2345DD556F2768552EA216381F1D62DEF8F3549C;comprimé;2;lévodopa;carbidopa monohydratée
62306E2B793AB43AF51C71E0C7412781AB6BC107;comprimé pelliculé;1;diosmine
7F340633C80A0460664EAD9745B19458427992F3;dispositif;1;rotigotine
F52AA39A6BFF62C686658FA04D75A117B258E965;solution injectable;1;strontium [89 sr] (chlorure de)
97CA1E56D31F8E5949201D48D82DA9C7A6A02BB3;comprimé pelliculé sécable;1;chlorhydrate de paroxétine hémihydraté;AB258172D12D6C50F9F7AB3FD9970563B441249C
AF59DEB79322D85EA82FDCFEE643E1AAF682D14C;comprimé pelliculé;1;chlorhydrate d'ivabradine;0A0A212F6C535EF90A65F1139C76B5A50407C70F
8C3D1D320C29659BAA4254AD0C8CE83DB51A9877;comprimé pelliculé;1;millepertuis (sommité fleurie) (extrait sec de)
59A75980AC0EEBDA7AE2CD00A8878F7506E448F7;granules et  solution en gouttes en gouttes;1;rhododendron ferrugineum pour préparations homéopathiques
7F49C7F9145A532803DE26724028497068BA2D6F;poudre pour suspension buvable;2;clavulanate de potassium;amoxicilline trihydratée
17CDB56DE0D32A948DC23CAC79E42E5CB41AECF8;comprimé pelliculé;1;chlorhydrate de céliprolol
9F902A08B69F10590B9B197F0C306D1DF7834461;solution pour perfusion;1;fluconazole
AF9498FE1FAF8B648991317155265770267A39CC;comprimé;1;misoprostol
5A2663B68E12A856703F2F10155AD1CA94331A2F;crème;1;aciclovir
32EF6253DBCCE6E3DF02CE05B3D5F6F43F8EBFDD;poudre pour solution à diluer pour perfusion;1;sulfate d'isavuconazonium;8A248121C7605998D49784E9716FD99D3E431ABA
9FDFE97216A1A7F43935946A5CB476D01A963750;comprimé;1;lormétazépam
9B8F282E37F82D50197BF12D9EE49599EEF39A64;comprimé et solution(s) et granules et poudre;2;substance de base homéopatique;kreosotum pour préparations homéopathiques
FF77FCA64E1CB1B6079B6C28AABE58BAC6750C0F;comprimé et solution(s) et granules et poudre et pommade;1;lapis albus pour préparations homéopathiques
EFDBB842B48425031C149B7AA1DFB962235C46B7;mélange de plantes pour tisane;1;séné (feuille de)
D8F9EE782F3DB40CFEC0DB35F1DBE8E19D751138;dispositif;1;trinitrine
55FF6076AB9793D0103BAE8C09EBAFB20C7E8C23;gel;1;ibuprofène
FBF566F45F5694F0E20ADE5B587E07CECFFCC526;comprimé et solution(s) et granules et poudre et pommade;1;gelsémium pour préparations homéopathiques
D9DA8C6821888E565CBA8160233EAD88C7D0628B;suppositoire;1;glycérol
95F62B012C91115F2FA45CEB1CC144A268C2B83B;lyophilisat et  solution pour préparation injectable;1;almitrine (mésilate d')
62D0D81D2B0BC080BD31CAB5E040B099B8F7D3C8;granules et  solution en gouttes en gouttes;1;actaea racemosa pour préparations homéopathiques
1D7239BCE941CF4D6F5D5D7D82CEE43421330181;comprimé pelliculé sécable;1;ofloxacine
E81773CBACA3926895D9A5C4417DD9852B89532B;solution injectable;1;lévocarnitine
49FB4795BD299CC8F5FAE09D55EB17E303B67B5A;gel;1;kétoconazole
935B07D8419958D2C03F914F883215EAF9D2F0B3;comprimé pelliculé;1;carbonate de calcium;658050594A67ED5AB35D67DF19508572C06E901D
A0B5CF0E15F99FE056BDBD0C361C2CFA5DDD5CCD;poudre pour solution à diluer pour perfusion;1;acétate de caspofungine;8780C81F8A8C98889620359441575241FA8ED3B0
0CD011319BFC7BAFC389357300AE02B80631AC48;comprimé effervescent(e);1;ranitidine (chlorhydrate de);0B59BB5A77E5445AEDF6C47A07839268D4C4B6DE
FC82B25EEACC061A5653D825242D9BA536772CF2;solution injectable;1;sulfate de protamine
5B9309CA7DCDC0727982C11EB7ABCFED01A75651;poudre pour concentré pour solution pour perfusion;1;thiotépa
D5D6BF192E14EBF74F82430A6ED38325BFFBD468;suspension buvable;1;magaldrate;BE53A441BC31EF377D8348709DF9DBEED12871B7
26C83169950C22B5FA86170A5B1C9F11BAE8BF18;comprimé sécable;1;candésartan cilexétil
9CE20C360C9A4F9D29D995B2C79B69F0309C9F22;comprimé;1;aciclovir
8CE8092A4E4C43208A243E0C91C602B87077E212;comprimé pelliculé;1;spironolactone
15D8117C4BFD8C99C455F8360FD00D44B2F01D16;comprimé;1;manidipine (dichlorhydrate de)
BAAE0C8FFD45D176B0095BCAC3BD4D26D4C648A9;comprimé et solution(s) et granules et poudre et pommade;1;pulsatilla pour préparations homéopathiques
D3732C44BCF53DC5E9F92ED05DEC8C09C9FE7076;comprimé pelliculé;1;éthanolate de darunavir;6FF0CC8BF33EE3AB3BFACE8FA4808C8F7D269497
649C7A0D4507974499550A82C5AF49148AAAB5B7;comprimé pelliculé à libération prolongée;1;chlorhydrate de tramadol
889E1CF0A85B99C5925764D3AFE1520E753BB2BA;comprimé pelliculé à libération prolongée;1;chlorhydrate de ropinirole;186F8A1D62891E1C5F83DF20DBB1F46336ED418C
BCFF93290454435EA1608C5F1A3B4023B678C2D4;comprimé sécable;1;furosémide
263050AFD155761DC1AC2C6F14047B6E408AA8F4;comprimé pelliculé;2;chlorhydrate de pyridoxine;lactate de magnésium dihydraté
99189B31DEFF670844A3526AFCD202034AC4E7C9;dispositif;1;fentanyl
2DD5C334329029B21ED9194BFB6F077EE16B24DA;collyre en solution;1;latanoprost
53A5F69037436C650910B0E4CA406ACAD26DB455;gélule;1;paracétamol
D4FF210561F04E06CB5C9C1B1B503C23B7CD7ABC;solution buvable;1;ketotifène (fumarate de);EECFFD8CF4879D0EF49F1BDABEBDDFF91196256F
8182F950D1BF47511A35CBCB63DFA641344CBC15;poudre et  solvant pour suspension injectable;1;benzathine benzylpénicilline
62428C80ABC8D597476AA9EFE45098D583352D36;gélule;1;chlorhydrate de sertraline;4B027E89518A50D365A170FBAF277F32F4C87708
5A1642BBF1A0BED6F5A891ABC88C51EA3194492D;granules et  poudre et  solution en gouttes en gouttes;1;calcarea iodata pour préparations homéopathiques
1A26D45689E63FF2656451144423682AE3968627;solution à diluer pour perfusion;1;chlorure de sodium
DDA5F6E3736DB1F49896CE9670685704BDD193B9;crème;1;calendula officinalis pour préparations homéopathiques
93E6801FCB4275FC64150BDAA8CEB4B7108EA618;comprimé;1;allopurinol
34B12473505AC52D5B394860C0311B52648EAB09;crème;1;acéponate d'hydrocortisone
DD1DE42A22A7D7D59995882AA0936AA203599A23;comprimé enrobé;1;péfloxacine (mésilate de) dihydraté;F139A81F1196B937F055A3CCFDC3DC66FD4C8AC6
1E8AD399EFB1310F43B72E1BD26896ADF9F5E320;comprimé pelliculé;2;bésilate d'amlodipine;valsartan
5FC51306CEA881557D7507B8C69180AD537D9543;comprimé dispersible;1;josamycine (propionate de);F13AA6D9C8594631F955DDB49C407087B1EB4650
8D930D541E67DAC22A2590A0E76B030A78102971;comprimé pelliculé;1;bêta-estradiol hémihydraté;9098D44FF29E64D5F40D688D43BB97485A1AF384
B9498E2D1AA06DB2AEA87FEF1FF4CADFF1D5776D;comprimé à croquer;1;montélukast sodique;C7EB1D4D6A55371358F89B2F72ACBFC5E5E464E5
82E14E445BE1C62DE3EA5715D4692CDB2DCEC4AF;solution buvable;2;chlorhydrate de pyridoxine;magnésium (glycérophosphate acide de)
2D40BF3B574A10EA4617B36BDED9EA3D2E0BCF09;comprimé pelliculé;1;phosphate de sitagliptine monohydraté;632E4B0B9584676A185AD96E357BF182DFF8C45E
ED4799ED4BCA08D14D6CA15B97D621B388ED28F3;solution injectable;1;chlorhydrate de ropivacaïne
3E96BE758A753024DC6B71EE8B648AAE4A5A88F4;gélule;1;gabapentine
9FA9B8CD911F7475E7ADCEF1B8EFE0ABE3B1CF5B;comprimé pelliculé;1;bicalutamide
50E2BFE8AD75ED12E03CFE1C3981A3370C870992;gel;1;diclofénac de diéthylamine;6C5F321323F6F74D5E0DFA12A50B49F79ED2C166
B8DACC8E92BE89FA93850E07F35AA60E537F8F56;poudre pour solution pour perfusion;1;hydroxocobalamine
9F7A1C6839FF35DA3CDEACB2195E0C2EBFEE5E3F;solution pour perfusion;1;chlorhydrate d'épirubicine
BEE786F782C91D74423E6A567C972A4CDA2526BC;capsule;2;guaïazulène;diméticone
FD507F52B2E36ADFD505C86F6FC9E27C9DC320B7;comprimé enrobé;1;alfa-amylase
E1C6FF271DAAFA4B43B82E81635086C6CA382C1E;solution injectable pour perfusion;1;dexkétoprofène trométamol;6EBCC75B2CECDEE83A97A4E3165375BE065F242F
7B2170EC4D5CF5A94B8970EA30E761E62FF88D26;solution injectable;1;bétamethasone (phosphate de) et de disodium;B648EDC5348B8389AFE688CDB6EEB169DE856620
6C0AC5EF697D6A9CFCEB7E538100E66D0716D571;solution pour perfusion;1;albumine humaine
B5E627F54DF2B08E3EAEF0C80125F2F69B6BB4CB;comprimé pelliculé;1;entécavir monohydraté;4B6B9D6B739CC95A439FED0B7BF76229F63DFF67
B03298CC783314037EBA643380DE4BCA27EF1349;comprimé et solution(s) et granules et poudre et pommade;1;prunus spinosa pour préparations homéopathiques
86A26D5C0FC875328E2BEE35DCB688AFDA32905F;solution pour inhalation par nébuliseur;1;ipratropium (bromure d') monohydraté;72AE4F4CBADE918FE84FF149B5BE09144547B608
711CD12D8BBAECEC8099A3059401FBCD823B9A4A;solution injectable;1;bésilate d'atracurium
F424399E17A3746A5C3BA097CF15ADDFFB335ED9;comprimé sécable;1;chlorhydrate d'amiodarone
061D39C0173AD518BDCFEA20DD39380743205858;comprimé;1;chlorhydrate de donépézil
F2ABA414C63964873BF19EDFD2DB770CEA27BEE4;comprimé pelliculé;1;finastéride
59E3B282ED4A1F8E398930C486B6F0BBA3AAA2A8;comprimé effervescent(e);1;paracétamol
98F9984D0FBEA22A0DB2736C26186E049C93E472;comprimé pelliculé;1;saquinavir (mésilate de);C87C2C00CEE35B63CF2799E1FCA95ED54D1CCB9E
FA2BBD342E24D35093C55C6CBB8DDE79649C93C7;comprimé sécable;1;pravastatine sodique
1655A9B785F43E83C86F0EF2A58BA91CF4BEB87E;gélule;1;prégabaline
27DB8F74B40DC255B25C4D1097FE1D81A5B60C2C;comprimé enrobé;1;chlorhydrate de bamifylline;6689B78E908F624E6323F66B9B216F2F477C5B13
62640315E2F68F987E29B5FB01ED154318A57302;comprimé sécable;1;glibenclamide
AE20782EE467A0A2B2977B4F6780A61B89022688;collyre;1;bétaxolol (chlorhydrate de);7E05AFB49D4102DD6DFEF910BEC2C938C8AA772D
7B3A35C17559B57A0E28EAE3DD76D9211EDE9F52;comprimé pour suspension buvable;4;vitamine a (acétate de);levure;cystine;soufre précipité
D6D40F0AE5E933F82140DAFB93A05324EAC17213;comprimé à libération prolongée;1;chlorhydrate de tramadol;C8DCAA663A52E415205714BF1082FAB2AC0243F3
EB0B7BA09E64F030FDA754FAB07AD5EE5A50F57D;solution injectable pour perfusion;1;étoposide
55BAB8E56E4C76C5EE4BB186DD1AFE56BC54E70A;solution pour préparation injectable;1;eau pour préparations injectables
B2673DC6D8F86595E2F74F4E96ECB7A58C1884E6;comprimé;1;dichlorhydrate de bétahistine
77019CA10137DCB8406D2C54B7DF6FA1D421D3AD;comprimé sécable;1;spironolactone
C6E48FD5958DA7D8292C24884BC176E0FBF267B7;solution à diluer pour perfusion;1;avélumab
E06C3E6C14566365DA6A21CB5D753B341116DF79;comprimé orodispersible;1;aripiprazole
0AF8660E1F66DD094F9593730BBBDFBAB9F1D9AB;comprimé pelliculé;1;dasatinib monohydraté
CA2453D0351F2E99CE6CA0F8AF3591A30D3006CF;solution pour application;2;acide lactique;acide salicylique
300A456B3610B1887F1C06D7568219378C9197E7;comprimé sécable;1;molsidomine
83A00038264432665A3CCAAAA4ED9BCFF6B75ED0;comprimé pelliculé;1;olanzapine
7136DEC209618EFBF3C1EAA013739FB2A7610120;comprimé à libération modifiée;2;acétate de bazédoxifène;estrogènes conjugués
ACAA32744CD2BB1F57DC4498332728010CD0BB66;comprimé et solution(s) et granules et poudre et pommade;1;iberis amara pour préparations homéopathiques
B105BB1922D2BAF52B9655AD32289611A13FACEA;comprimé pelliculé;2;chlorhydrate de tramadol;paracétamol
0C9700B35B66C45DC7FC4ED9A9EE630812B25F13;comprimé orodispersible;1;chlorhydrate de donépézil;75A8FB1D5495865FDF649DA55CD7E1043E5B855B
74E12A6C4A2506434DF2EE1482AE10414F709185;comprimé pelliculé;1;maléate de trimébutine
9B3822A025FDA74DE464CECB04C4DAD025359270;solution pour perfusion;1;gélatine fluide modifiée
9A4D660E04B3C08599DB06039127D0B3A43968DE;comprimé pelliculé;2;losartan potassique;hydrochlorothiazide
F2DE82771FAF8822F88A165E7C193991E313C3BD;comprimé dispersible ou à croquer;1;lamotrigine
38DF5DCC0570C74E0EAE5AAF0173E14864120644;solution;1;chlorhydrate de midazolam;F2639FB4FCB4610FC00536C1784EE49ACB61BE5F
68534920164AC5D978F18E6A0D1CA30AD02D2969;solution buvable;2;codéine;gaïacol
EA1BAE734CCFC1464C65969D10203E8FC0BE8C76;comprimé pelliculé sécable;1;carvédilol
AEADC288AB55CE76968D5780EA674E6ADAAD2982;gélule à libération prolongée;1;bromhydrate de galantamine;BEB2F92B9763D10B92375B7E9DD53CB24DFF0017
1607E902947D9F3569AA3B168D3984D78D8F8536;solution à diluer pour perfusion;1;aflibercept
D9078988636D264D06827C02C9274E0623BB5B3C;solution injectable;1;chlorhydrate d'éphédrine
8CDF8DE5083F755C3BE1CC24BD7615BD91DE457B;comprimé pelliculé;1;anastrozole
31CABFD03CAA5519011737EF231E909426A39695;pommade;5;ichtyolammonium;oxyde de zinc;dioxyde de titane;benjoin du laos, dit du siam;hamamélis de virginie (extrait d') (fluide)
C77662634889394618C8C02C59DE5EC05C1CD645;poudre pour suspension buvable;1;hydroxyde de magnésium
91D3D92BA8F8151967AF787BE589285A746B9512;poudre pour solution injectable;1;ceftazidime pentahydratée;29AEC7D9E044A515CB59EBF8CD7E2CD82F127A36
18B7044C84800BCD086771E1EBA6AC86CD1D1DB4;comprimé;1;olanzapine
C956022E350AB14D8EFC6AE01CCCF329FFEBBE2A;comprimé pelliculé;1;gabapentine
70C8B77110F85527655BA184F52D0C86B448701C;comprimé;1;glimépiride
9A72400C7307EAEEE725F3E9FDB77034B172D7BD;comprimé orodispersible;9;belladona pour préparations homéopathiques;pulsatilla pour préparations homéopathiques;petroleum pour préparations homéopathiques;cocculus indicus pour préparations homéopathiques;glonoinum pour préparations homéopathiques;argentum nitricum pour préparations homéopathiques;nux vomica pour préparations homéopathiques;vinca minor pour préparations homéopathiques;zincum valerianicum pour préparations homéopathiques
6E5B8D34F5EAFB6E48CFCE66846CC3DDDF433FB0;gélule;1;racécadotril
8FB4BFB98091645EFD0067BCD6904E617F6E24A8;poudre pour suspension buvable en pot;2;paraffine liquide légère;ispaghul (tégument de la graine d') (poudre de)
6FF993A720D8D69CB9F00F33FDCF46EF290B972F;comprimé sécable;1;répaglinide
53B30C81661DEAB45DD08CFBBD00197EDB278580;comprimé à libération prolongée;1;mésilate de doxazosine;2ED3D40407F4D2C2887B42E8303CCC4C78A5DCAF
9417B754ABE768A6FA43FBFA72CBA979D6BF7A0D;solution à diluer pour perfusion;1;chlorhydrate de mitoxantrone;4CC0AAD5A974FFB3D1F663371CDDD049744F7D4F
63906E527D56E0F0C28F0426ED3282222609E5F8;solution injectable pour perfusion;1;bésilate de cisatracurium;486AF5F6D7E3CA619C426933B826DC717A85E7CA
F88082561A7292B4359ED2E3B8AFA3236E7FCCBE;comprimé;1;chlorhydrate de buprénorphine;3C99B5926C3E1FEA68021F5425410BE6AD525A4E
F072B9971A761C055BAD1570DEA0147FF9974E68;comprimé pelliculé sécable;1;simvastatine
B71E1E41358F2D0F7A2AEDA1A9A052BEB7494980;comprimé;2;désogestrel;éthinylestradiol
75135AC5EEB677B7B2807B40C9D6CAEEBE07AFB2;solution injectable;1;chlorhydrate d'éthambutol
76DEE9BDDC75BD65F516A036231944FF3AD4B4CF;solution injectable;1;acétate de glatiramère;22698DE189A21B91B8E9C5931C304CFB65529D50
96665477A94DA4F5EBADFDDD5F65A356C2F03B37;poudre pour usage parentéral;1;benzylpénicilline sodique
DCBDE7F5C72F4F01B6AB2A22772EEFADBBD734D1;ovule;1;estriol
31882D6947D1C8002410CD1867A4DC2B0483BBF1;solution pour perfusion;1;tartrate de noradrénaline
43A2C01374A68C44B1393F11403A9365AC444999;comprimé pelliculé;2;éthinylestradiol;drospirénone
4876B68766E14A951212D1F66D4FFDD8F96F974E;comprimé gastro-résistant(e);1;pantoprazole sodique sesquihydraté;B96DB44C276058BDA4F35B7272F1D84ED094BF32
E53742675FE83C36A3254CC38BF5F295B85A06ED;comprimé orodispersible;1;rispéridone
0FF859F9B4627283BB12A45E7285EB58D36D320F;granulés;1;sodium (phénylbutyrate de)
19EB34844CC6A83B2A3E0917ECB9E43EDFB18E89;comprimé pelliculé;2;clavulanate de potassium;amoxicilline trihydratée
48F289D515A92F2E2083807F389012E9AF52AFD0;poudre pour solution injectable;1;pipéracilline sodique;AB9144E6FBF6093BE3DCA3EC7C2C32751630C284
F0785278E02C855295A49CB137E5161B36432DAF;comprimé pelliculé;1;céfixime trihydratée;9C30B9076DECD6C1DE33E7DBA79E8810A70C632B
DF107AC840C20D0A4FF91C13B5B3129592797FBB;comprimé pelliculé;1;fraction flavonoïque purifiée micronisée
67DB697AC6207AF10963F034B2543B3F639C02DF;comprimé sécable;1;fosinopril sodique
E0F2AC6CBC32CC75B9FA7786383441F4A5AF48B1;gélule;1;fluvastatine sodique;2499B9B61A57B8C21023FE74D8DF65EDB4D8F70C
02DB20394B75EC501D0C97FB113E00F0053C293B;pâte dentifrice;1;hexétidine
96EE19FE1C0EE47F28ECA6305F5914AB56ABFA30;comprimé enrobé;1;ibuprofène
FEF693CD1B339CC4C29EC746CD05E85396416C33;comprimé sécable à libération modifiée;1;gliclazide
60697B88E8E258B39CAC6B6B4B6A973A27944D53;comprimé;1;magnésium (gluconate de) dihydraté;AC12637CEF3429E16082E133FB78D49F1494183F
47929F3E9BA0D587D251D19634EB86EB6409AEB0;poudre et  solvant pour solution injectable;1;glucagon humain biogénétique
3A320C32B2C3A1D0F1088A65D98F7A3DDE89461D;gélule;1;chlorhydrate d'oxycodone;47B113671F54099EBC3C2C32262BA1F56196F60C
CD7DC5043E3B43C99E66A6FAC41F47F6B1D45813;comprimé pelliculé sécable;1;oxalate d'escitalopram;B2999BF7811D0B792964FD21456A616D2F5FB6F6
E0A6874B1B91A70F3971B282DDA39C5EC835E0DE;poudre et  solvant pour solution injectable;1;virus de la rage inactivé, souche flury lep
13EC37C580AD61424954290CE351329FE97213C1;gélule;1;hydrogénotartrate de rivastigmine;72BD541A5F4C04C8DECAB81F09FF1AD3AA434A90
957593E69D5118CC699D905261B87156404F7E52;solution buvable;1;lévétiracétam
BDD0706DE36E48F50DA8388F293959694E711B2D;solution buvable gouttes;1;zuclopenthixol (dichlorhydrate de);5F0D99344F6381D1058BB8C54FDE54FC611D1401
30DB4E0A0EBA860C2BDA139F7EBCBF8639B78D78;pommade;2;oxyde de zinc;benzoate de choléstérol
2EBDFCAF68AC62F5AB2D7946433B002F8F6E232C;pastille;1;chlorhydrate d'ambroxol
E8B0110AC6BBEF5B388F4544B27FA966D8F9F968;comprimé pelliculé sécable;1;dompéridone
B7AF9751AE87B9A92D2287443239C5FB2C52CC61;comprimé à libération prolongée;1;chlorhydrate de méthylphénidate
F060BDCA170E7DC94C0ADD1BE0EB58528E90806F;comprimé pelliculé;2;chlorhydrate de tramadol;dexkétoprofène trométamol
18F93AE38D100ECB52BE71600867CD8EC46B3088;solution pour application;1;hydrogène (peroxyde d'), solution de, à 3 pour cent
A4D0A5E7A2060502028220FE9EF2F4B13FD41509;solution buvable;1;carbocistéine
90F961613F95BF0A7A0CF4E782BBAA5A17411E47;poudre et  solvant pour solution injectable;1;ceftriaxone sodique;56D2782AB97AEAA4AA5D345B1D2334F2A56F5EC0
AD5D36C032AA27FCD3AC812A7649E12FEE1E691A;comprimé;1;aripiprazole
A885FE78AED6C45E3F34301DBB5A5EC78F138DAA;comprimé;1;méthylprednisolone
F40513CDB997887544848A234CBA55324A40651C;solution pour perfusion;1;complexe d'hydroxyde ferrique - saccharose;AF1754D5853F3A3CF8989EC6F49960054C9B1AE7
30F446C3CFF9E72B384E5D83539429236DF2631C;solution injectable;1;sulfate de vincristine
FDA07395B9ED57FAFF2C1534C8216861D566751C;comprimé pelliculé;1;paracétamol
E57158D764A4E37FD04DA7388014597D657AAD02;solution injectable;1;chlorhydrate de lidocaïne;1480E8B9F24493CF73A69A744BE252D4B6A3B280
E68DC3AC0B052DF8F13B698178BC096C89CCE484;comprimé pelliculé;1;famotidine
89F006CA8E5F75CD32779112E34E962171E9C7C0;comprimé sécable;1;ramipril
18FA1B7D6F7D77EDB96FEA709E35EB9234FBCF25;comprimé sécable;1;amisulpride
B20EFA89F6BE775A2A075AB838130F8641B59725;comprimé;1;cobalt (gluconate de);B55FB81EEEBE4752AD3C4C6DC1C9E4BFC0605C0F
6BB5406CA55F080A713CBB85A4F77C79C22EB8F7;gélule à libération prolongée;1;chlorhydrate de diltiazem
7BC7D90B56129944E7016B75F7FF8AF803F41072;comprimé;1;paracétamol
F5BFA49B53BA6FECEDCADB9DAA3FD1EEC8613A37;gel;1;kétoprofène
9236467465AFB43F77DD5B2576A474F842A4A06C;comprimé et  comprimé;3;chlorhydrate de pseudoéphédrine;hydrogénosuccinate de doxylamine;paracétamol
4F25D48652554B34B38DE0159C285AAB2219991C;solution;1;dinitrate d'isosorbide
E3866F799ECEFEFBF264705ED887AE4A8DCB7FE2;comprimé;1;tartrate de rasagiline;6C093C4A8B1C2A68DAB94BB65AFA4A60498160D7
D99159A47104498A4B93F305B2EF42994F1A4DD4;poudre pour solution à diluer pour perfusion;1;chlorhydrate de topotécane;CA3626F0177EA3BDC654373F5D4C9C42F9838112
26A2D2AA907C35FDF50273B7B3B2DF9C826C07AC;solution injectable;1;plérixafor
238D287410A92C98B6C1E647D4A7A2A7D8187B57;gaz pour inhalation;1;oxygène
F2872279B1417ED0AABA9EDC111BFA56C6A6BCC9;suspension injectable;2;chlorure de zinc;tétracosactide
E4866A8DF8062EC7B9A78D7D6A401F20F66F54AC;collyre;1;sodium (cromoglicate de)
90F653C1DA3D41BE649C3F6CEEFD0818D8F69186;gélule à libération prolongée;1;théophylline
30067477B8A85AAB24B4EEE0C7FECFF144295D8A;granulés;1;montélukast sodique;B5E702CD20533B319904158CC5F8B1CA3F2A2593
E0F6E9FD244FF1E9561ADCBE2C1CA04A2BE166A2;comprimé sécable;2;captopril;hydrochlorothiazide
702D042909E42D23FB626E21BAF7EFCC3A10EDAA;comprimé pelliculé sécable;1;chlorhydrate de paroxétine anhydre;AB258172D12D6C50F9F7AB3FD9970563B441249C
36134449A1D000D3C60BA37307A315B5E66691AE;comprimé;1;pipobroman
147CE35686FD9D6ABA2D1DB487689BAF9E6B2982;comprimé pelliculé;1;simvastatine
9A5EA47912EDCC413B1F9AB9A93C9059173D9690;granules et  poudre et  solution en gouttes en gouttes;1;glonoinum pour préparations homéopathiques
4F1AD597D1E1C0501053DE5A8BE3EAAA49BDA4F2;comprimé pelliculé;1;capécitabine
2B77F23A332ADEAEC78287A4A48C5A4865EE7062;solution buvable;1;oxomémazine
A88AF6A029C29CBDCB1546DB9086214E9B14B40B;comprimé pelliculé sécable;1;fumarate de bisoprolol
469D478E3355B909FE59DC18B7136516A23C7B43;comprimé pelliculé;1;riociguat
13F1E39107FE5CAC589A5FF490CEB07BAD1B28A4;comprimé pelliculé;1;atorvastatine calcique;B02CB76DEAB4565AE982B7CB2F99B2B04557BCA9
F80E7B9F4958DBA4718BF479FEFAB870733AECDF;suppositoire;1;mésalazine
7F68B966437DADA2E206B032403F8BF5F15AB414;capsule molle;2;siméticone;citrate d'alvérine
E2ADA86C96ABBBD78CEB84D6BA1E1F9E748831C2;comprimé pelliculé;1;chlorhydrate de ciprofloxacine;BE7DFE08C0E1B75C007F863BEF7408E1FC372380
5B7A4BDE1FBB562F9813623F6157106D6964DE95;comprimé sécable;1;chlorhydrate de terbinafine;D1602CAD8F73AA429049CD71A2C08923E83469B2
F7643F897D5608901C4EEF94F5C2FE7C76AAFC6D;capsule molle;1;nitrate de fenticonazole;45485859AC46B6F2D48D8F81BFDDCCD31F5A1F3F
E8794CA9FCD584C477FEFD203DD46EAD3FD2ADE7;comprimé sécable;1;maléate d'énalapril
CC0CCCCBBF16EA60BF8DE159E7527B41A05C3ADA;comprimé;1;prednisone
844FE477E55666B218BB6E889A5ADE84D85BEFDB;solution injectable;1;chlorhydrate de procaïne
167B23DF6C82C5FA44414B0BCA728F94974EBC8B;solution injectable;1;chlorure de sodium
8418DD0D1CC6C8862DAE604B1D18221AA151150C;mousse pour application;1;propionate de clobétasol
6B76D6A3B9FB3397D58B5EE77B7C37066E446DAA;capsule molle;1;chlorhydrate de lopéramide;5E60813AF8C65883D1AAF37AF7250A00267B5041
7300A2CCC30B0B9D9F08C5D47EE500F1A120A741;solution pour perfusion;25;tryptophane;méthionine;leucine;phosphate monopotassique;aspartique (acide);arginine;alanine;gluconate de calcium;tyrosine;isoleucine;acide glutamique;histidine;phénylalanine;sérine;proline;glycine;lysine monohydratée;glucose monohydraté;chlorure de sodium;valine;thréonine;cystéine;lactate de magnésium dihydraté;taurine;phosphate dipotassique
64D27050A95158513A1DAE772D31F5A39D1FF741;comprimé pelliculé;1;rosuvastatine calcique;201F458FA1E3D001CAE892EFA86D2A6936776D48
E4943D305240892F4E44101E96E2DE2B16BB9AA3;granules;1;oscillococcinum pour préparations homéopathiques
93E193792001238E453122535F077AD72CBE3F3A;gélule;1;fénofibrate
5E3E533B9B65B6AE523117278E5EEB6B99E1B775;comprimé et solution(s) et granules et poudre et pommade;1;cactus grandiflorus pour préparations homéopathiques
2F4609B13A89E0333989FDC2D0A7BA13E8A9591F;poudre et  solvant pour solution pour perfusion;1;époprosténol sodique;4F23089721D652C4A83E2738A6DC4428061A4B0D
E1992AA69B5EADA9AD9561AD12A400F45DE430A8;comprimé;1;chlorhydrate de diltiazem
59417CAF06F3F7C753660BE9B7F3A5A1C9CE12CF;comprimé quadrisécable;1;captopril
3205018A9B43E19044F808F7097705389DD7F3AE;comprimé pelliculé;1;chlorhydrate de tapentadol;F1E5936791674BD9F54EDC79E89ED2AAE3158B31
C330BF9A7D4DFF9ED389D9809A8ECEF02F4AB0D1;gélule à libération prolongée;1;chlorhydrate de venlafaxine;1424E582433664B73AF4EB46CD4AB03FDAD072C6
F564B20DAC8614B0DEBF742B8DDF5613DE02B7CD;comprimé;1;répaglinide
D94DCC33F0BAE58CB25656FC87CAB94D91E11BF2;comprimé pelliculé;1;lévétiracétam
4309F025C2C8B22973F56F89232E65969F9BB595;gélule;1;trandolapril
9415996BE8214707D311EF57B3CD402D0DB3B04A;solution à diluer pour perfusion;1;irinotécan (chlorhydrate d') trihydraté;48BF20D2501DB6D78C12EE909CF93D6C5F0ED589
C14591E88CBD4D1E3E2DDCD2614A8F1932E4D18C;solution injectable;1;golimumab
68F4BAE9D2920F2CA739CC65338E3E0851C49426;solution injectable;1;tartrate d'adrénaline;6C1A2DF8CF438B98FC6DDCB5B752C6976E6EBC6B
63D55BE62CCF6352B290567C07B731415640C842;solution pour perfusion;1;glucose monohydraté;B70B89B88999131113F2BBDBFE0CCA191DEAFF5B
08AFEB4749CA6E62D5DA3A20C2A0334E944D3274;solution pour application;1;minoxidil
B84EE506980CDE30A4F159D44B46D6537E932A59;solution buvable;1;lactulose
F144A41CA7FED1ECEED71777FA292938C8434C5F;comprimé pelliculé;1;exémestane
5464D365B568842E6D3309BC07E1655DF215D4B2;comprimé;1;chlorhydrate de terbinafine;431BF5CBB250FEF719415E110F6B7B34076D30A9
216C51CFC07B73DC3CEBF747B66FBD9BC12DBAE5;solution à diluer pour perfusion;1;lévosimendan
516CD9F525D6BB78DB3F1398EFBEF777B1F74778;comprimé pelliculé;1;périndopril arginine;FEFED903AAFDECAAEEF479F6F38ABE576A95B926
F1D1A34ED467B5BCFDA13479A3E310EF7775760D;comprimé pelliculé;1;oxcarbazépine
36909EF4B201C51D51B4EEA51787E53DEB389086;capsule molle;1;lévothyroxine sodique;BC5537DBBC9FC5961CB757C2FB98A78BEC99E02E
BAD841ECF6B24CD24D1274BE4D19F37EF685257B;gélule;1;pentosane polysulfate sodique
00D6E0A9F4FC126162D04F9786B033DA4AA1ACF2;gel;2;chlorhydrate de lidocaïne;sulfate de zinc
6A68B2DF2B5F335A4BBB938E81A870B2FA177193;gélule;1;lénalidomide
3E287256F78AE3A8636A662CCC2C9BF5BB7F3253;gélule;1;dimenhydrinate
4B428997071BFC73E7F2D9E4BA28D5C97E318F2C;comprimé;1;périndopril tert-butylamine;85258687F404A6E33D3ADF3EDD88088B808A37D1
F2D1C845EC1AF6F03FE4F0A55443910FBBDC256F;comprimé pelliculé;1;tadalafil
30C6064BA59C939CF0891A46F42816416E04FDA4;comprimé pelliculé sécable;1;chlorhydrate de ciprofloxacine;9F171CAC80954DB294598B711800E91373E39686
4124E508E8638BF52CFD7B97F98CBBC129139465;comprimé enrobé;1;céfuroxime axétil;FD9379974BF98BB037F1A2C704F7C5C8D9B5C4F7
A7633B57E6D38EF7543DE27A45CD79DCA2B46F3B;comprimé orodispersible;1;olanzapine
487D81015FA11D488F19DC1A2032ED245AAC1B0F;comprimé et solution(s) et granules et poudre et pommade;1;asclepias tuberosa pour préparations homéopathiques
F6413581B48AB32BE28467E7BC4AD9CE400C64E2;suspension injectable à libération prolongée;1;palmitate de palipéridone;0BB9EDB25E04BE82C0120CF0E092752F2A8BBFEF
06A13C9A89679B780A45DC8201C45916685D6F9E;comprimé;1;citrate de tamoxifène;9A0C32BB1179A71E3256C4EF70E3ED67C0A924D6
557D4CC1F569AA1C51874DC9DFE0E7A0DE98C889;comprimé;1;lévonorgestrel
BC5A9E3F3D07D2196D21451F44878A2A8A39DF1B;gel;1;propionate de clobétasol
17464962AC68AEB9A7B610ECAC237C03FEEFC2A4;comprimé enrobé;4;anis vert (fruit d') (poudre de);séné (feuille de), extrait sec titré de;boldo (feuille de) (poudre de);cascara (écorce de) (extrait sec de)
3CBAD10566A0FBF9775EA17846C9816AD91E6A50;comprimé gastro-résistant(e);1;sodium (valproate de)
F8C6AFB7F7EF7CF751D66274F55A14E9655B783F;comprimé pelliculé sécable;1;bromhydrate de dextrométhorphane
C1907E027365690C6C96373A07770D8172BB3DB1;comprimé pelliculé;1;valsartan
C22996079BAF233F15DC83D39F5C308C49F92FCF;comprimé à libération prolongée;1;chlorhydrate de ropinirole;8E580B433EBB4B223D8D9B42CCDC6D3F68B862C9
43AB769CFA2BD9D4C251CF587197B9E34D6B3560;comprimé pelliculé;1;hydrogénosulfate de clopidogrel;DFC427F1EE6E55F59D71AD0A8034E6DA5671C4B1
DA4BD5BE3E8BCCC3D8AF88D128CFED4C522BF0FF;gélule;1;mésilate de dabrafénib;CDAD3EE7E78F9007C24EBB01A4710631EF1DABC9
B4A15FEC52543B7164103C9FC80F5344BA0C967E;solution injectable;1;époétine zêta
81D922F9ED933AB6EE581009BF04122A6E11909A;comprimé pelliculé sécable;1;chlorhydrate de mémantine;6695D2B089A3ECDED2B4350651BF6036C2FDC5D8
0B07FCB555D1A514FAAAE220639969FF91A1B31C;comprimé pelliculé;1;azathioprine
C250D8D36A133AFB561133B0E4A4E3D0AB848CC9;comprimé enrobé;1;dipyridamole
483B7800BFFCEF00C0783A228E747D56F146C16A;comprimé pelliculé;1;oxalate acide de naftidrofuryl
7F6F1AE444F2365461782FECC5B8ED22C2E7FF25;comprimé pelliculé sécable;1;losartan potassique
A243967F0119C60C65CBC107C98606BA4B162C39;solution injectable;1;époétine bêta
FC124F4E54B9D6BC661289D754A14A7DDB88EBBD;solution injectable;1;méthoxy polyéthylène glycol-époétine bêta
4F214FC33B9FDFADCB9A6BE2C09B1F9FCD381285;comprimé;1;alendronate monosodique trihydraté;01A9F23BB5B89C71BF5427CBF45BD196335609AA
A8A1247CB6B3215159F675AE8A04C511F8048423;solution injectable pour perfusion;1;bicarbonate de sodium
2E9F01AC29F0BA687A08E36B3CBB5E3C2ED85126;solution injectable;1;chlorhydrate d'oxycodone;27BAC4A5B6784F99EDB45613F3A906143070C2F9
1F41A1CD260DBF90ED78DBE9B5E190F18267EC89;comprimé et  comprimé;3;chlorhydrate de pseudoéphédrine;paracétamol;chlorhydrate de diphénhydramine
2C6C7632359D1419260E85C4349F7AAB583EA3C5;collyre en solution;1;tafluprost
1C799A543773D2D281FC2E928A7071471DF07490;comprimé orodispersible;6;cocculus indicus pour préparations homéopathiques;borax;argentum nitricum pour préparations homéopathiques;nux vomica pour préparations homéopathiques;tabacum pour préparations homéopathiques;sepia officinalis pour préparations homéopathiques
C5A675AB7414DEC817020B399E1038E8248EFAA5;capsule molle;1;dutastéride
1EB864B9065F4160A5D2BFC37658F7AE59BA18C2;gélule;1;lymécycline
9FE212060E1ED85907C7DF545CDECC126A609A9C;poudre et  solvant pour suspension injectable;1;virus de la rougeole, souche schwartz, vivant, atténué
34FB9835E15183438BAA1ECF1728A855A3DEA7AA;solution injectable;1;midazolam
1F7A68EF589D3B044B0504031C5589AFF3F3585A;solution pour inhalation;2;dipropionate de béclométasone;fumarate de formotérol dihydraté
3DD3BFE4013677958A95A4A7E67651932111CE1D;solution injectable;1;eptifibatide
75CC726BEDF7D70175BC07D98F67C074782B854A;comprimé pelliculé;2;périndopril arginine;indapamide
B44BB5D2D93CB7E67BD18677311745F860451EE6;comprimé sécable;1;chlorhydrate de sotalol
53BD2352E31B0A2D7E276FF8BC83D7E7C227EBB3;comprimé pelliculé;1;télaprévir
A0189717FB8721538A063DE5A063E3DB46B10E88;solution pour dialyse péritonéale;5;chlorure de calcium dihydraté;chlorure de magnésium hexahydraté;sodium (lactate de), solution de;glucose monohydraté;chlorure de sodium
3DC3037C5E727BEF00934CE7F28F091E96D2FC3C;comprimé;1;évérolimus
277D786D069832CDDEDFC75B466501530EEE8314;comprimé pelliculé à libération modifiée;1;dichlorhydrate de trimétazidine
591E850565DBAFD3C511BED6B44C0196D6F28BB9;suspension injectable;1;virus de l'hépatite a souche hm175 inactivé adsorbé
438218C9C301B757FE145FEDFBFE895E22F332ED;gélule;1;palmier de floride (serenoa repens (w.bartram) small.) (extrait du fruit de)
10049F060FF0C6C8EDACC846113205A1722FFC5D;solution buvable;1;heptaminol (chlorhydrate d')
2B24CB80FB80DF4499DEA7505D8352E16B4A49A6;gélule à libération prolongée;1;chlorhydrate de tamsulosine
564DE7D3F8831BACEF8DE95BDB6ECA2F60B5833C;comprimé pelliculé;1;oxalate d'escitalopram;D37246B32A2F0D9DCD1796CE2FAF1D2918E8D351
2424C78826F3481E5FBA78B4E187392A2AFF4306;solution injectable;1;méthotrexate
1E5BCB1D3556DBD0025BBBAE609EE238A90E7334;solution à diluer pour perfusion;1;zidovudine
447481BFE12CD778645D22282C397B395B1991BE;comprimé;1;naftazone
115A686BED9854250165F33EF2B59721C0C02617;comprimé enrobé;1;olanzapine
0232CB38F92D50AC8778F65C6B27CB80DCB372A0;gélule;1;charbon activé
DF897FBA224369A8C59422E7DD528C5E45BB5CEE;comprimé pelliculé;1;pinavérium (bromure de)
81D3636B7AA4AE2872683B93D20D99C07E0725DC;collyre;1;céthexonium (bromure de)
2F7EFB8B8C6C54899017EE01993D21EC8C27087F;pâte pour application;3;oxyde de zinc;peroxyde de zinc;dioxyde de titane
FEF0711FBEB6C67AFB06561BD41AF036E76A9E2C;poudre pour solution injectable;1;toxine botulinique type a
7BBBBF34F183B27908A69046F478238C9F519BFA;solution injectable;1;ixékizumab
B0892C524DF245EC7B0FBD34399DFB56014BA43C;comprimé;1;ramipril
166A3B67224036D55B1CEBBCE5C99A94FD076DBB;poudre pour solution pour perfusion;1;chlorhydrate de vancomycine;7EFC6AE46227C195BD3CEE6E3A58901F0D342F3E
D4525A30FC27BBE128127B76B103BD3313B7259B;comprimé pelliculé;1;ibuprofène
21B26B53169334C095318E51E28392498383E919;poudre et  solvant pour solution injectable;1;moroctocog alfa
3E4CB71CF2D7A20106DD0499547973FE9F30769A;comprimé pelliculé;1;dichlorhydrate de lévocétirizine
3261C74994CE718B6C1F335BE3A5C4583BC52983;collyre en solution;1;pilocarpine (nitrate de)
E10B10EDAD0B6C29EB5B6C6F1698432821249F83;comprimé;2;périndopril arginine;bésilate d'amlodipine
