1BE9B05E4F23FF643D545DA2680572B8D82AE26E;gaz pour inhalation;1;oxygène|q.s. (sous une pression de 10 à 12 bar, à -150 °C)|;1;60061449
C51DE83AC5613E52AE645FE248F775906D2FDFA7;poudre pour usage parentéral;1;benzylpénicilline sodique|1 000 000|UI;1;60243544
53B63115505AFE7B3C980C1CA1985F3208EBEE7C;gélule;1;pentosane polysulfate sodique|100|mg;1;60027685
3426B99889937352EEA57BD0FC5A0183D45C976D;gélule à libération prolongée;1;théophylline|400|mg;1;60181562
F382EC0E98CE15B633F7CF1538E55FB7F1EAC534;comprimé pelliculé;1;bêta-estradiol|2,00|mg;1;bêta-estradiol hémihydraté|2,06|mg;1;60071379
59F5C2DB7888F1964D995496A06E7DEA4C99028A;comprimé pelliculé;1;télaprévir|375|mg;1;60236756
6E898F93A5BB1CADD49379E502C9A037A9D88CDE;solution injectable;1;chlorhydrate de ropivacaïne|2|mg;1;60131805
DDAD5FD4E94586FE9B5655BA64DD05D110BEE266;comprimé pelliculé;1;ibuprofène|200|mg;1;60208810
3AB518D56DD49E967B03F147978AD03FB7613E8B;solution pour perfusion;1;chlorhydrate d'épirubicine|2|mg;1;60122101
9030AE9AA6221EFBDFFCD04D8C5FA1348F681CF0;comprimé pelliculé sécable;1;escitalopram|10|mg;1;oxalate d'escitalopram|12,78|mg;1;60068002
15846BF64A6C5D84F689BFA842EEF64E038E7769;gel;1;propionate de clobétasol|0,05|g;1;60097833
A8D48E038E9FB4E6F28E8F6B36DAC0B6CA0605EF;comprimé pelliculé;1;amlodipine|10|mg;2;bésilate d'amlodipine||;2;valsartan|160|mg;1;60058008
85500BD78253D23A6ECC8F72F272C78B5C254A33;gélule;1;gabapentine|400|mg;1;60028050
1042E54480459CE6FD9D072F51411FCFC11AE380;solution buvable;2;codéine|0,0800|g;2;gaïacol|0,5000|g;1;60206154
FE5BCBCBCBB92F46862F2240F599B561611D7C3C;solution pour application;2;acide lactique|16,7|g;2;acide salicylique|16,7|g;1;60107747
ADC9230EC454253388F4400BE11D22A9CA0ACCA9;solution injectable;1;adrénaline|1|mg;1;tartrate d'adrénaline|1,82|mg;1;60197246
6C2B5E71C5A4234C545FC1DD7F33F49D0B496D52;comprimé pelliculé;1;olanzapine|10|mg;1;60201837
8CB74550D00FF4053E682AEABAF85BDDD00E2EB3;comprimé pelliculé;1;tadalafil|10|mg;1;60029394
EE1024848206D3E7BF62F9EE1B8FE8CF853C7C56;comprimé à libération modifiée;1;bazédoxifène|20|mg;2;acétate de bazédoxifène|22,56|mg;2;estrogènes conjugués|0,45|mg;1;60120666
ECC28A25954FF4D5D557C3B1EDD826E977BB1383;comprimé pelliculé;1;céfixime anhydre|200|mg;1;céfixime trihydratée||;1;60237790
F711C281C49BFDFB0DC10652A352E64A7F660AE8;comprimé;1;allopurinol|200,00|mg;1;60120709
2C036BE1C5314C1950B648FD31AA87CF6C3D31E8;trousse et  trousse pour préparation radiopharmaceutique pour injection;1;mercaptoacétyltriglycine|0,2|mg;1;60183061
5A403A1A2020D8A6DEDFBD67A963F8BFB99FA792;comprimé pelliculé;1;riociguat|1,50|mg;1;60025054
59E1B09366BB7CC7FAB371A8E578F5872D3401F1;comprimé;1;dichlorhydrate de bétahistine|24|mg;1;60048672
00FBCB5853172ECDE7995CE4CD3ADCE3B6B5B9DE;comprimé dispersible;1;josamycine base|1000,00|mg;1;josamycine (propionate de)||;1;60212424
CD98BC12188E89A193122FAD31F6B31D163AD887;comprimé orodispersible;1;aripiprazole|10|mg;2;60140882;60031071
C6D940D1787A3903447F2519C314F265EAA629CD;poudre et  solvant pour solution injectable;1;glucagon humain biogénétique|1|mg;1;60084049
B8D0CEFD3E6866BA3B1C92F29D2D7907C3A01875;comprimé gastro-résistant(e);1;pantoprazole|20|mg;1;pantoprazole sodique sesquihydraté|22,55|mg;1;60145801
A27F7014C68A3C9775336CBAE8058BE1D38D1374;collyre en solution;1;tafluprost|15|microgrammes;1;60007280
54D7843A3534205174B7652EEB1A06AA5D588634;comprimé et solution(s) et granules et poudre et pommade;1;thuya occidentalis pour préparations homéopathiques|2CH à 30CH et 4DH à 60DH (pommade à 1 %, 4 % ou 10 %)|;1;60072050
D5F356EA0E57F1FD9F599C3FBEA399D43EFC9D74;comprimé enrobé;1;céfuroxime|250|mg;1;céfuroxime axétil||;1;60112192
D80229CE3697F6348A14AE20699861539F3CA241;collyre;2;nicotinamide|0,500|g;2;sulforutoside sodique|0,200|g;1;60076102
D8BE3474AD5706991717BEA9413AF882E5C6F4CC;comprimé pelliculé;1;ciprofloxacine|250|mg;1;chlorhydrate de ciprofloxacine||;1;60010885
7562FEC9B36248BD934374ED020E1AF0224C2CF1;comprimé à sucer;1;calcium élément|500|mg;2;carbonate de calcium|1250,00|mg;2;cholécalciférol (concentrat de), forme pulvérulente|400|UI;1;60210697
5AC6E3656798450C089D7AE19814FCBD5808753F;comprimé pelliculé;1;bicalutamide|50,00|mg;1;60156089
DD3D89D635F220A2E340DD68FC18532903B3D37D;comprimé pelliculé;1;périndopril|1,6975|mg;2;périndopril arginine|2,50|mg;2;indapamide|0,625|mg;1;60116810
1F1DDD33B8466CF4D6BCFBEF858820729533041B;comprimé;1;magnésium|0,012|mg;1;magnésium (gluconate de) dihydraté|0,220|mg;1;60252447
8E5B605CF98FB912BC65384BD9E12D76DDD84BE4;solution injectable pour perfusion;1;dexkétoprofène|50|mg;1;dexkétoprofène trométamol|73,8|mg;1;60205458
DEFEDB19240C49E7AF27E2B0F770B9F8482FF7A0;gélule;1;paracétamol|500|mg;1;60091086
2265B1426C128D8928EC15CDD28ED60E6314F25A;comprimé pelliculé sécable;1;ofloxacine|200|mg;1;60151697
E509A8F60C3534A4B48139572209F1F12EEB3338;comprimé pelliculé;1;tramadol|32,94|mg;2;chlorhydrate de tramadol|37,5|mg;2;paracétamol|325|mg;1;60152411
F46056720A17F7631A0C6034A572B603609AE854;comprimé à libération prolongée;1;chlorhydrate de méthylphénidate|54|mg;1;60047182
385FEDF9FBCE29CAA6935CDABF7CA1653A346134;ovule;1;estriol|0,5|mg;1;60239706
F100DE6ED7CDA9349524AEB5E832762B28E62C8F;comprimé sécable;1;candésartan cilexétil|32|mg;1;60016500
8DCA3A3746FF278E40917DCCE5F04E8982DC4D3A;solution pour perfusion;1;chlorhydrate d'épirubicine|200|mg;1;60006246
A6E289220794D3D4B9F1E14B13A2B6E0C1B3F755;solution pour perfusion;1;tartrate de noradrénaline|0,5|mg;1;60181402
70626FF087266F5119448DED14D4266777DD0C6D;comprimé sécable;1;chlorhydrate de méthylphénidate|10|mg;1;60059081
03102E638A67CAF1895F1EBF1C527FAC0029D91E;comprimé et solution(s) et granules et poudre et pommade;1;iberis amara pour préparations homéopathiques|2CH à 30CH et 4DH à 60DH (pommade à 4 %)|;1;60213704
781EFA590E419235F6B6528434C19983544315AC;capsule;1;dihydroergotamine (mésilate de)|3|mg;1;60049991
1E419FCBDD98E3449A637ACBECAB5BD0846FD278;comprimé et solution(s) et granules et poudre et pommade;1;prunus spinosa pour préparations homéopathiques|2CH à 30CH et 4DH à 60DH (pommade à 4 %)|;1;60242264
9B465A635838136363C2E9E599C53EEB111797B9;dispositif;1;trinitrine|31,37|mg;1;60251516
1D18D7F00A7011989CD7EE66BEF5E61A3A1AEB0B;suspension injectable;1;virus de l'hépatite a souche hm175 inactivé adsorbé|720|U;1;60152436
534E543EBEF28585703CBAB7D90EA1B8879B29DE;gélule;1;lymécycline|226|mg;1;60061171
A3C848B072807D643E37F3C3B5FEDA7048927A45;comprimé pelliculé à libération modifiée;1;dichlorhydrate de trimétazidine|35|mg;1;60154024
1AD4EFA640255F6E28AB55137B85A88F03EBC138;granules;1;oscillococcinum pour préparations homéopathiques||;1;60216725
9ECC4BE15037F870B90F635654F0931FCFCC8363;comprimé pelliculé;1;magnésium|48|mg;2;chlorhydrate de pyridoxine|5|mg;2;lactate de magnésium dihydraté|470|mg;1;60111101
3B4778114072E9E5FB528F741F2C72E5A9D51257;comprimé pelliculé;1;rosuvastatine|5|mg;1;rosuvastatine calcique||;1;60251135
6310975ADBCCBDEAD333D85D47819E569E97F301;comprimé effervescent(e);1;ranitidine base|150|mg;1;ranitidine (chlorhydrate de)|168|mg;1;60002504
D399C7B9EC9DB16ED421212846D6BDFEE2B59703;comprimé;1;aciclovir|800|mg;1;60111197
18AEE0FDA10003577AD872C11FE3EA5A86A1BF3C;capsule;2;guaïazulène|4|mg;2;diméticone|300|mg;1;60127671
054E7FEE6D3DEF11BA8AC7833C4338CAF9C17453;comprimé sécable;1;molsidomine|2|mg;1;60231556
9789139DA0E0C05AB217CB0486C6B293C81F5A01;solution pour préparation injectable;1;eau pour préparations injectables|100|ml;1;60110031
60A7B095F8B06BB40313915FE1D1A2C7B1E737ED;comprimé;1;chlorhydrate de donépézil|5|mg;1;60044492
1E51EADB15EAD154A769351F883231F252B2DE26;poudre et  solvant pour solution injectable;1;virus de la rage inactivé, souche flury lep|supérieur ou égal à 2,5|UI;1;60163226
057886F44BF97DA309FCE7634F6F2BA0A9EF623C;solution buvable gouttes;1;zuclopenthixol|2|g;1;zuclopenthixol (dichlorhydrate de)|2,38|g;1;60209937
4D1E9EEA14D02C3530AE03708E6CC7637230F1A8;poudre pour solution pour perfusion;1;gemcitabine|200|mg;1;chlorhydrate de gemcitabine||;1;60052973
018984C9C212811D3A089D649C49F4A92772F334;comprimé;1;allopurinol|300|mg;1;60208251
37D24A2368392FFE62D77B8F06DE0BFC84A80625;comprimé à libération prolongée;1;doxazosine|8|mg;1;mésilate de doxazosine|9,7|mg;1;60079155
76A7FCC6D8011BB352D5C5ABDB7C0A764B95662A;comprimé;1;olanzapine|5|mg;1;60217108
B1A60CFBCCEEC621A370AC859A9B8D631D2ACCFF;gel;1;arnica montana pour préparations homéopathiques|7|g (Teinture mère);1;60019350
C8B958D9DF3E5A58C14C2859A8BCECE0141CB138;collyre en solution;1;latanoprost|0,005|g;1;60047271
BF34DDDD7061572D079C90BAB903883C6B811C4B;solution pour inhalation;2;dipropionate de béclométasone|200|microgrammes;2;fumarate de formotérol dihydraté|6|microgrammes;1;60241874
B8C48F8C0F2FBD8DDF1E0B9222CCC7DEC45031F5;comprimé pelliculé;1;ivabradine|5|mg;1;chlorhydrate d'ivabradine||;1;60160479
BD29A793F9E8B8154435AC3F0B3DBEF9F4A85777;gélule;1;fénofibrate|200|mg;1;60187501
3606177C4DD5F68441D071E5C0E79E2337B2D779;gélule;1;prégabaline|25|mg;1;60165394
B86B84215BA6C5FB22663B6CA6C2E7CF01603C1F;gélule;1;dabrafénib|75|mg;1;mésilate de dabrafénib|88,88|mg;1;60248840
658F39014B5B553DC30544DA6C4D068795CF82E7;comprimé sécable;1;ramipril|10|mg;4;60161143;60185201;60049895;60180720
D7DD8D7408126077BC88517FD0A9DC0935231A8F;poudre pour solution pour perfusion;1;vancomycine base|125|mg;1;chlorhydrate de vancomycine|128,25|mg;1;60033510
F98F4B8486418D03F1D37A9FCC98761B926D9839;gélule;1;prégabaline|300|mg;1;60018088
55DC9A8EA64FF5FF5CD6F7AE47B49D685260D706;comprimé effervescent(e);1;paracétamol|500|mg;1;60170046
2BC2FD2CBE329986ECEF8758D4CA0012BDD18615;comprimé sécable;1;glibenclamide|5|mg;1;60026957
D19586A2AEFA1AD05BA1F894EFE0207D597E9D64;comprimé et solution(s) et granules et poudre et pommade;1;asclepias tuberosa pour préparations homéopathiques|3CH à 30CH et 5DH à 60DH (pommade à 4 %)|;1;60077460
7E540D12C5725C90FEFA967A5E42C181A8739AEF;solution à diluer pour perfusion;1;chlorure de sodium|5,85|g;1;60010166
4395EF12D5998A75661D34F61E33EF5C930AF737;suppositoire;1;mésalazine|500|mg;1;60080218
3C852BCB75D9E8D2B5D464FE9C14218F6256AEED;comprimé pelliculé;2;losartan potassique|100|mg;2;hydrochlorothiazide|25|mg;1;60142043
7F365823E74BD5558541240E806AA95F1BD2F0BA;pâte dentifrice;1;hexétidine|0,100|g;1;60095056
FF0550649913816F35B553CDA79561F94F536483;solution injectable;1;glatiramère|18|mg;1;acétate de glatiramère|20|mg;1;60082062
B2FC00090A4060909CB8F5753246584FD902DABD;poudre pour solution injectable;1;ceftazidime anhydre|2|g;1;ceftazidime pentahydratée||;1;60135020
0A198BDD255F3D90FCD827FE1052C0CA8B28BB93;solution buvable;1;heptaminol (chlorhydrate d')|30,5|g;1;60122980
ECCD89F3F43DB2FB72C2A4E9C436CAEB1CC6664A;comprimé;1;misoprostol|25|microgrammes;1;60213914
6751728357CDF04A7948FD68D6B48E50634795C1;solution injectable;1;golimumab|50|mg;1;60035714
2338A7CB8DADE25976A0118E8449DC351E143DA9;comprimé orodispersible;6;cocculus indicus pour préparations homéopathiques|5|mg (8 DH);6;borax|5|mg (4 DH);6;argentum nitricum pour préparations homéopathiques|5|mg (6 DH);6;nux vomica pour préparations homéopathiques|5|mg (4 DH);6;tabacum pour préparations homéopathiques|5|mg (8 DH);6;sepia officinalis pour préparations homéopathiques|5|mg (6 DH);1;60014894
EED0A7C316EFC6AD23E01A5803BA4F0E9B368CCD;solution injectable pour perfusion;1;cisatracurium|5|mg;1;bésilate de cisatracurium|6,70|mg;1;60224800
154A5FE0BB2A3AB2EB2AAD837DB8D45BA497A4FA;gélule;1;ciclétanine (chlorhydrate de)|50|mg;1;60234221
F136E07D95003CE092DBA76ABF866C2BC865DCD0;comprimé;2;désogestrel|150|microgrammes;2;éthinylestradiol|20|microgrammes;1;60239802
947B3121CA4F433DC9FFD8B074034900B54DFA68;solution injectable;1;chlorure de sodium|2|g;1;60152906
FB4091EBC68E971B190DAE769662978E625E19C4;comprimé pelliculé;1;paracétamol|1000|mg;1;60025403
D7BC8AFAFF98167C545119EB9949524952707F33;comprimé quadrisécable;1;captopril|50|mg;1;60108870
685695BFCE67F114FB6A4E172AD2F40A78BE8D15;comprimé pelliculé;1;lévétiracétam|250|mg;2;60051316;60044784
7193F1239E1D5EB682444DB115621DD41E103EC3;solution buvable;1;oxomémazine|0,033|g;1;60035924
AC2698FFEA7A1254E125D2F21E192A5A92E75F23;solution à diluer pour perfusion;1;mitoxantrone base|25|mg;1;chlorhydrate de mitoxantrone|29,10|mg;1;60072506
D4E8ADA9F509DE8161ABCA01863C7C7AD994FDDA;comprimé;1;répaglinide|0,5|mg;1;60154017
12A60ED5B9B58A593360D37853EF35E6A4D5958B;solution à diluer pour perfusion;1;lévosimendan|2,5|mg;1;60045217
DE80A7828464355CC60685D8B46BC49DF0EE7124;comprimé à libération prolongée;1;tramadol|200|mg;1;chlorhydrate de tramadol||;1;60004487
6CC03DD872566A427F89DDCA19E3980861DC124C;comprimé pelliculé sécable;1;carvédilol|25|mg;1;60016308
B1D527CE4E00F3B234FB58AC8629B22E11F867CC;solution injectable;1;époétine bêta|30000|UI;1;60168515
4DF6A645AB4F1B40F2C5007AC06D277C613983E3;solution injectable;1;eptifibatide|2|mg;1;60124020
F2C036273C708F6F7F01C6E75FAD30ABCE439EEE;solution pour application;1;hydrogène (peroxyde d'), solution de, à 3 pour cent|100|ml;1;60246259
967C53D5F525DA6CD25FBF56CBEF210143AC745B;solution injectable pour perfusion;1;bicarbonate de sodium|1,4|g;1;60182486
8C3DEF487A936B77FE3E533BFFC02824C6730CEB;comprimé pelliculé;1;ibuprofène|400|mg;2;60073914;60221786
DE429AC1BFE26A4DDD665640B70B705DB0D640D3;comprimé et solution(s) et granules et poudre et pommade;1;amylium nitrosum pour préparations homéopathiques|4CH à 30CH et 8DH à 60DH (pommade à 4 %)|;1;60121234
6DD2F093A5DE96CE54DB6C376889F36F6D6DB71A;gélule à libération prolongée;1;chlorhydrate de diltiazem|200|mg;1;60109100
726D15AAE42AACAC574FEC691752B027DFD1D7F8;gel;2;chlorhydrate de lidocaïne|0,6|g;2;sulfate de zinc|0,5|g;1;60007960
5BAFBFDB2217446AAA541BCD1898A5603B372B7B;solution pour perfusion;1;gélatine fluide modifiée|4|g;1;60186552
73BB495D0E9933712DC20AC00D23C9F48BEAD270;comprimé pelliculé sécable;1;valsartan|40|mg;1;60232359
D00257BC97498E16E15EEA9F549F57DD36549EE0;comprimé pelliculé;1;simvastatine|10|mg;1;60176113
B243EC4D81F82898277D53F1BC176C1AC0DF74FE;comprimé;1;naftazone|30,00|mg;1;60073451
6CE9642DE61334C7B25321608F87815BE489E32F;comprimé pelliculé;1;finastéride|5|mg;2;60123363;60189609
ECAE1147E089CBBBE08B4591465D1B05811EC854;comprimé orodispersible;9;belladona pour préparations homéopathiques|4 DH 5|mg;9;pulsatilla pour préparations homéopathiques|4 DH 5|mg;9;petroleum pour préparations homéopathiques|8 DH 5|mg;9;cocculus indicus pour préparations homéopathiques|8 DH 5|mg;9;glonoinum pour préparations homéopathiques|4 DH 5|mg;9;argentum nitricum pour préparations homéopathiques|6 DH 5|mg;9;nux vomica pour préparations homéopathiques|4 DH 5|mg;9;vinca minor pour préparations homéopathiques|4 DH 5|mg;9;zincum valerianicum pour préparations homéopathiques|6 DH 5|mg;1;60126612
9146B04D54A90D09D001C17805CAF520D832E255;solution à diluer pour perfusion;1;aflibercept|25|mg;1;60089217
EC5BDD1B4703B3DD6A21688030F76EDCAEA65272;solution pour application;1;hydrogène (peroxyde d'), solution de, à 3 pour cent|qsp 100|ml;1;60130354
600CE6AA36968C75FBC8813CFC9803027D7133B7;capsule molle;1;dutastéride|0,5|mg;1;60051234
95FC808DCBC2A533752CEC45530150A78A36E653;solution pour perfusion;1;albumine humaine|200|g;1;60098472
3D8EA30D10FDA1825AE708CAB5237B659B415024;gélule;1;racécadotril|100|mg;1;60139257
50E320C49C7017C176C2A1093AD321E65FE56D1A;poudre et  solvant pour solution injectable;1;alpha-1 antitrypsine humaine|33,33|mg;1;60153239
69571540439F16EC3E0C62BDA7EBE68150D84A67;comprimé;2;amlodipine|5|mg;2;périndopril|3,395|mg;2;périndopril arginine|5|mg;2;bésilate d'amlodipine|6,935|mg;1;60068333
EE5588F74BDFB7271BB807B965B30740E2367D03;solution buvable en gouttes;10;valeriana officinalis pour préparations homéopathiques|2 DH (3ml)|;10;ignatia amara pour préparations homéopathiques|3 DH (3ml)|;10;asa foetida pour préparations homéopathiques|6 DH (3ml)|;10;avena sativa pour préparations homéopathiques|TM (3ml)|;10;staphysagria pour préparations homéopathiques|4 DH (3ml)|;10;sumbulus moschatus pour préparations homéopathiques|6 DH (3ml)|;10;nux vomica pour préparations homéopathiques|3 DH (3ml)|;10;cicuta virosa pour préparations homéopathiques|6 DH (3ml)|;10;hyoscyamus niger pour préparations homéopathiques|1 DH (3ml)|;10;chamomilla vulgaris pour préparations homéopathiques|3 DH (3ml)|;1;60202031
621FD4B911D8BEBC666C4EA89D0661394A6A8EA8;pommade;5;ichtyolammonium|1,474|g;5;oxyde de zinc|14,763|g;5;dioxyde de titane|5,905|g;5;benjoin du laos, dit du siam|0,100|g;5;hamamélis de virginie (extrait d') (fluide)|0,984|g;1;60130386
328B1955484C8D4EF06DE30F3001B8C8448F8476;poudre pour suspension buvable en pot;2;paraffine liquide légère|28,73|g;2;ispaghul (tégument de la graine d') (poudre de)|33,33|g;1;60188375
64D05BE4C1364A05F8BF065E987E83078EDE8AF4;solution injectable;1;époétine zêta|4000|UI;1;60200938
ACB112487739F3DDD57C47E936A64D214C3AC4F7;comprimé pelliculé;1;famotidine|20|mg;1;60005856
3136C284A2C46FE67620F564A8390F9ED9F705AF;comprimé enrobé;1;alfa-amylase|3000|U.CEIP;1;60095729
F574F6D883F676AEB42B4F98E7857D573D0A3B71;comprimé;2;amlodipine|5|mg;2;périndopril|6,79|mg;2;périndopril arginine|10|mg;2;bésilate d'amlodipine|6,935|mg;1;60187348
62D91BA2F8C4585EFE9B0CF12226C5E528E1B5A1;comprimé pelliculé;1;sitagliptine|50|mg;1;phosphate de sitagliptine monohydraté||;1;60131132
EE26BEB25B088014BA1E9A3935B056606947516F;pommade;1;mupirocine|2|g;1;60109303
C5DB61308893FBCE27B144AC29C2B1968F3CD1AF;comprimé sécable;1;furosémide|40|mg;1;60192594
FA779A7880B1F95E18F9E5F8AE23F748A3B566A4;suppositoire;1;glycérol|0,690|g;1;60132572
6A8BDA04C5E7E95CEC4DC4B44F4C150988630968;comprimé enrobé;1;olanzapine|5|mg;1;60226979
3FA448607A46D1E891AAF19F6FE8A17E4A4B7CC4;comprimé;1;méthylprednisolone|100,00|mg;1;60224316
02AC755AB67E2BF341AF352E43C7ED8E8FBD9591;solution injectable;1;méthoxy polyéthylène glycol-époétine bêta|200|microgrammes;1;60070665
CBF693A0215BD27E5519114FD030BE8311501D15;comprimé;1;terbinafine|250|mg;1;chlorhydrate de terbinafine||;1;60100667
7D381E7A330BF5C5CB696DB8F8E4B8F43B110929;comprimé pelliculé sécable;1;simvastatine|10,0|mg;1;60071190
C0856C572E141E4684AF9FBC47A4E90010BC8E5B;comprimé pelliculé sécable;1;paroxétine base|20|mg;1;chlorhydrate de paroxétine anhydre|22,2|mg;1;60040608
086ED7D45717B4A36F0882DA0044EC4D90E3C186;comprimé pelliculé sécable;1;bromhydrate de dextrométhorphane|30|mg;1;60133432
D542D1CDA97EF85ABA88DAEA0069764DE2793B43;comprimé pelliculé;1;chlorhydrate de céliprolol|200|mg;1;60065198
C5269241D773FF508231BABC29B0E5F54CB86806;gélule;1;oxycodone|17,93|mg;1;chlorhydrate d'oxycodone|20|mg;1;60108518
499B4987A988DA5A391C0DC927769D751903BBE8;comprimé pelliculé sécable;1;escitalopram|15|mg;1;oxalate d'escitalopram|19,155|mg;1;60197011
B901561394D18C20349248FA038617B785EFBA00;granules et  poudre et  solution en gouttes en gouttes;1;glonoinum pour préparations homéopathiques|3CH à 30CH et 6DH à 60DH|;1;60041165
590F075055DB87EF91A5B8B8146D9488C27C044D;comprimé;1;paracétamol|1000|mg;1;60234100
12991A103F78A59361034B347E98344E047C9183;poudre et  solvant pour solution injectable;1;époprosténol|1,500|mg;1;époprosténol sodique|1,593|mg;1;60140505
C4F4885B5A2248222DE74D81C8C74F29947D581A;comprimé pelliculé;1;tapentadol|100|mg;1;chlorhydrate de tapentadol||;1;60222354
67B1897E4E9B86104A0C95DCEE9427657851D628;gélule;1;prégabaline|50|mg;1;60203546
03FCDA35BF897704484A41B208A8E1E34A1D2201;solution injectable;1;nadroparine calcique|11400|UI anti-Xa;1;60182657
1138D1A5B1A568528C4C1D3BDFD6C7394F84A661;comprimé;1;tamoxifène base|20|mg;1;citrate de tamoxifène|30,40|mg;1;60230550
C473084F47EB7A5621214EBDB90502E73A15B3F9;comprimé pelliculé;2;éthinylestradiol|0,02|mg;2;drospirénone|3|mg;1;60106848
0568BA11090D4555ADA3FDA15BE4A4153F1F91E9;granules et  solution en gouttes en gouttes;1;rhododendron ferrugineum pour préparations homéopathiques|2CH à 30CH et 4DH à 60DH|;1;60005952
1E94276FCB777516DE74F4452A75C1E089DAFF03;comprimé pelliculé sécable;1;simvastatine|20|mg;1;60145580
408CE18DF34FD59DA21044E7CFB084F7D8F9C820;comprimé enrobé;1;bamifylline base|274|mg;1;chlorhydrate de bamifylline|300|mg;1;60070195
CAB52D0E2C18CE4857B1175949DA057C9AE65A3D;poudre et  solvant pour suspension injectable;1;virus de la rougeole, souche schwartz, vivant, atténué|pas|moins de 3,0 log  DICC50;1;60043248
78DD439D20CDD1B98C4EE4D14BCFE55555D8A728;comprimé pelliculé sécable;1;escitalopram|20|mg;1;oxalate d'escitalopram||;1;60247432
8D3266A17FB092D22411EFCE885C5561AE656615;pommade;2;oxyde de zinc|5,00|g;2;benzoate de choléstérol|1,00|g;1;60040145
B818D6174FAB85F287432D09271C4F88F0A3249F;comprimé pelliculé;2;amoxicilline anhydre|500|mg;2;clavulanique (acide)|62,5|mg;2;clavulanate de potassium||;2;amoxicilline trihydratée||;1;60099738
BD2CF36BBA4D27B14D4FD646E97AEF056F7A4301;solution pour perfusion;1;fluconazole|2|mg;1;60196977
80B763C4D12456B965217296CE8D33221B10EB6D;comprimé orodispersible;1;olanzapine|5|mg;1;60126594
3AC7EA2BDBD983196ADD2537CB4EFB026ECAEF79;comprimé pelliculé sécable;1;hydrogénosuccinate de doxylamine|15|mg;1;60019329
A9175006137438D52481D9CDB296267382128198;comprimé pelliculé;1;diosmine|600|mg;1;60056815
127B7FE25273FD00120F70B7F1C3410666725BF1;poudre et  solvant pour solution pour perfusion;1;époprosténol|1,5|mg;1;époprosténol sodique|1,593|mg;1;60181231
65CAF23A5DB89B1D09A6F3B7CCE881846A113902;comprimé sécable;2;captopril|50|mg;2;hydrochlorothiazide|25|mg;1;60214350
3E6B6C34F63D95790C36009FD90D24B9F164FAEE;collyre en solution;1;pilocarpine (nitrate de)|8|mg;1;60175972
A411A1ACC3F6F04D6D40B3359EBA41B9745FC818;solution à diluer pour perfusion;1;irinotécan|17,33|mg;1;irinotécan (chlorhydrate d') trihydraté|20|mg;1;60120812
156D3DB330EB67E62322FCE73A00BD0582435F35;comprimé sécable;1;spironolactone|75|mg;1;60058378
090FF1C86505D73A6A460917AEE72339531AD48C;comprimé;1;acétylsalicylique (acide)|500|mg;1;60199158
9B4B300D21634F21EF58F74885B03E2CE4B062CA;gélule;1;rivastigmine|1,5|mg;1;hydrogénotartrate de rivastigmine||;1;60008927
971C684F2572A7870F8D22E9361D5D584E9414AA;solution à diluer pour perfusion;1;pamidronique (acide)|12,6|mg;1;pamidronate de sodium|15|mg;1;60117855
2FC5DED26C9353923DEF7BE0B87686B9CDCA30D0;solution;1;dinitrate d'isosorbide|0,20|g;1;60172339
A3369A6EB689FFC7E34A69034ADB2B6838CF1C4C;collyre en solution;1;bimatoprost|0,3|mg;1;60135981
A1775C3DF7DF7CB80A5F0EFD4F6756CCBD36EBA7;poudre et  solvant pour suspension injectable;1;benzathine benzylpénicilline|1 200 000|UI;1;60195156
9F8DF904185D0E8A45F594E6BC6B5515067DF200;comprimé;1;chlorhydrate de diltiazem|60|mg;1;60102974
7BDEE52060CDBA97DF16631AF9DA53FFAC54C5CE;solution injectable;1;strontium [89 sr] (chlorure de)|150 MBq à|la date de calibration;1;60252340
66AAEF97273EF5C88CA91FBA6F90DD07F039A231;comprimé pelliculé;1;fraction flavonoïque purifiée micronisée|500|mg dont 450 mg de diosmine et 50 mg de flavonoïdes exprimés en hespéridine;1;60064527
F00158345FD9843F3D6D5A8F17895750BB84B3B1;solution injectable;1;plérixafor|20|mg;1;60148167
61387956FC77F54C7ED131295CB56B6A8BFC22FB;solution injectable;1;sulfate de vincristine|2|mg;1;60219803
094378C20C7A9B90DAB3DB67426492A39E0AB46C;comprimé pelliculé;1;escitalopram|5|mg;1;oxalate d'escitalopram||;1;60139563
809FEB4D6978FF52BED48E30486D67DE65AD8D39;comprimé sécable;1;candésartan cilexétil|8|mg;1;60122628
4A56BEB3E0791D16BE5F4BB8E0F314021634FBAE;solution injectable;1;chlorhydrate d'éphédrine|3|mg;1;60149276
818BBDCF3A70939DD5749252784E1FDD451B1D25;gélule;1;prégabaline|200|mg;1;60061602
6C7F34B112314AD13F3F809EE70D736350629956;comprimé pelliculé;1;gabapentine|600|mg;1;60105162
0CC4179098323D5DB89AF72BD72F5669A5C06F1C;gélule;1;trandolapril|0,5|mg;1;60094125
6EB2A1168039B9306CB7288FBE660AF80FF58B29;comprimé et solution(s) et granules et poudre et pommade;1;pulsatilla pour préparations homéopathiques|3CH à 30CH et 6DH à 60DH (pommade à 1 %, 4 % ou 10 %)|;1;60117638
EF4064F76F6C9284AF8A77984E278CAC4F624F12;comprimé;1;manidipine (dichlorhydrate de)|10|mg;1;60165857
05581D5CBF8AAD843FCAAC2291572F5148803CB7;gélule;1;fénofibrate|100,00|mg;1;60004277
0BAE637BCEEA79B1BDF0FD768F0655987F0E47E7;poudre pour solution à diluer pour perfusion;1;caspofungine base|50|mg;1;acétate de caspofungine||;1;60140010
F43960B2B91FC2EA381D14C2DB07B4CD0636EF5C;comprimé gastro-résistant(e);1;pantoprazole|40|mg;1;pantoprazole sodique sesquihydraté|45,15|mg;1;60238853
47D5C3386E47C6416A34A5058A79B295030FD865;comprimé sécable;1;chlorhydrate d'amiodarone|200|mg;1;60177044
285FB7C4D3B1AAD00DA192B793587AF47EC3DA5F;comprimé et solution(s) et granules et poudre;2;substance de base homéopatique|7CH à 30CH et 14DH à 60DH|;2;kreosotum pour préparations homéopathiques|7CH à 30CH et 14DH à 60DH|;1;60156662
F1CEE35B678FF91EC330B5216DE77E37127A45F8;solution à diluer pour perfusion;1;zidovudine|200|mg;1;60132743
6AEC2A0707A276AD291EEBE086C9044902A35872;collyre;1;sodium (cromoglicate de)|2|g;1;60019101
2C6E4DF8D14FB8AC7BE395166195416CC42D5358;poudre pour solution pour perfusion;1;hydroxocobalamine|5|g;1;60232334
F665205A417F4B00B511A5FDBDFB3C0615C21FE2;solution à diluer pour perfusion;1;avélumab|20|mg;1;60199966
770D1E5009D8C9860AA5B36E756FB645CB31F423;solution pour application;1;minoxidil|2,0|g;1;60226897
FDB50B4A7487807F24442BACC2AF1F06F413CCF3;comprimé pelliculé;1;darunavir|400|mg;1;éthanolate de darunavir|433,64|mg;1;60235768
4F52860B906FE1CD4283254F8966520376061872;pastille;1;chlorhydrate d'ambroxol|20|mg;1;60035461
652A8A7E1E565C9FE87A05B3B76C6CF4AC1F10C2;pâte pour application;3;oxyde de zinc|28,30|g;3;peroxyde de zinc|7,70|g;3;dioxyde de titane|0,20|g;1;60075064
303ACEA229960301343216877AAB4DD2E2E41489;solution buvable;1;ketotifène base|0,02|g;1;ketotifène (fumarate de)|0,0276|g;1;60067562
0E4245E2483C9E5C38D02CC1DDBE8BCA6AF74E3A;poudre et  solvant pour solution injectable;1;ceftriaxone base|500|mg;1;ceftriaxone sodique|596,50|mg;1;60235330
6DC9986112136D1309340CBDFBA0FD58C7D8CD0D;solution injectable;1;bésilate d'atracurium|25|mg;1;60028552
D18019F6C7D0E516AA83D555DFC35FFA6802DCDF;comprimé dispersible ou à croquer;1;lamotrigine|200|mg;1;60038468
14447072DD43CAADE7CEFB54DBA7A250D276F37A;gel;1;kétoprofène|2,5|g;1;60123979
478E195972C1E2814FBFFF1D60CCA58CF74D2F37;comprimé pelliculé;1;périndopril|6,79|mg;1;périndopril arginine|10|mg;1;60053694
674A725E4348DD591B9FEB5D4537A8F13139A880;comprimé gastro-résistant(e);1;sodium (valproate de)|500,00|mg;1;60184188
CE505DEB54F53A30EF7A974A51B6B8073F3EBF23;comprimé sécable;1;pravastatine sodique|10|mg;1;60097203
3E03D1782E15FB0A4235C3C12EA6B0C00F05BD15;comprimé pelliculé;1;azathioprine|50|mg;1;60211183
BC800A22EECAB99194D24BF4053F4AD46072FE68;poudre pour solution injectable;1;pipéracilline|1,000|g;1;pipéracilline sodique|1,042|g;1;60251352
BD016092C83F7C62602D4B7C8EFE468A163AFC00;solution injectable;1;méthotrexate|17,5|mg;1;60129957
92856824D9150F74957A2946534C5E71B9DF2884;comprimé;1;lévonorgestrel|1,50|mg;1;60078078
7CED0A139E4811B72902C4327F0C69A3055011DB;comprimé sécable;1;répaglinide|2|mg;1;60209531
F88BEAB05765F5F1FFB7C2C82C8C866016D17F52;solution pour inhalation;2;dipropionate de béclométasone|100|microgrammes;2;fumarate de formotérol dihydraté|6|microgrammes;1;60130062
6F9C819E5EE301AC82CD5582DBA84BFA7B3ED6F6;lyophilisat et  solution pour préparation injectable;1;almitrine (mésilate d')|0,015|g;1;60047143
ACF610B13DEA30633ACF5AB02FC0D8D1112F303C;solution pour perfusion;1;protéines plasmatiques humaines|45 - 70|mg;1;60074795
CEA4495637F4145CA6C523BC02D71E77016B72CE;gélule;1;dimenhydrinate|50|mg;1;60173964
A352E0D11DB0716A5A15867D090EAF96D3463EDF;comprimé et  comprimé;3;chlorhydrate de pseudoéphédrine|60|mg;3;paracétamol|500|mg;3;chlorhydrate de diphénhydramine|25|mg;1;60206332
7B324DED9D99622841A519F1C1AE2F07581AA055;solution injectable;1;chlorure de sodium|0,09|g;1;60126167
D32E3BD9982CED69E6157E5972713EBAA6DC3EBD;comprimé;1;ramipril|5|mg;1;60168465
85DA04C132D31E381C73952AAD8D69BB3715D588;comprimé pelliculé;1;atorvastatine|40|mg;1;atorvastatine calcique||;1;60007437
551F3CD3A052F1F31B445F90A86593C95B3FE1EF;gel;1;kétoconazole|120|mg;1;60034936
51487A72498BA68CB8FEA61618BEBC0BF44A1D13;solution injectable;1;chlorhydrate de procaïne|2|g;1;60178712
5C10D690765CF85550753C248F915B94451BE140;comprimé orodispersible;1;donépézil base|9,12|mg;1;chlorhydrate de donépézil|10|mg;1;60073907
CC5A5A5702B978ADAAA174A8EA917872087F1A8E;solution buvable;1;lactulose|10|g;1;60155329
7AA47301C0490463EEF5150CC81DD0531F5A312B;granulés;1;sodium (phénylbutyrate de)|940|mg;1;60052254
807518867517320DFAC3B85E1FE334BF1D68D9B7;comprimé orodispersible;1;olanzapine|10|mg;1;60083132
92AD56BEB50CB586457D5B55BC3DFA897B27A3BF;comprimé pelliculé sécable;1;paroxétine base|20|mg;1;chlorhydrate de paroxétine hémihydraté||;1;60160707
EAB5EC95B67F31D4DE426013BB9CB6A947B64EEE;comprimé pelliculé;1;finastéride|1|mg;1;60221042
3217B826175FB3D62EB51FF8B9198BCA929D4586;comprimé;1;aripiprazole|15|mg;1;60136439
5026056CAD06A014F7E9ABCEE78AC76CEC7B94EE;solution injectable;1;chlorhydrate de lidocaïne anhydre|10|mg;1;chlorhydrate de lidocaïne|10,66|mg;1;60181733
F144E086AFDC1B486CAFC46ECC613346F1B23413;solution injectable;1;chlorhydrate d'éphédrine|30,0|mg;1;60237858
43FF37804ED230C4ABB8D8B922BD8D8E276C342B;solution injectable;1;chlorhydrate d'éthambutol|1000|mg;1;60074934
3390A421C50834E5A69E427EEF0843CC1D082BFC;poudre pour suspension buvable;2;amoxicilline anhydre|100|mg;2;clavulanique (acide)|12,5|mg;2;clavulanate de potassium||;2;amoxicilline trihydratée||;1;60196176
045BA810851BD3786341A8DEC70CD48C8DDBAF45;comprimé pelliculé;1;oxalate acide de naftidrofuryl|200|mg;1;60130742
FDA816610CD08D50952BC60E3736DA92E090E5C9;comprimé;1;glimépiride|1|mg;1;60116447
EADE0B94EA02F09B06C5BEED87F3156C64F1974B;comprimé et  comprimé;3;chlorhydrate de pseudoéphédrine|30|mg;3;hydrogénosuccinate de doxylamine|7,5|mg;3;paracétamol|500|mg;1;60028495
A366C3D2C341F40064A0DCB0172D6301116E8652;comprimé pelliculé;1;exémestane|25|mg;1;60207459
75D281525719D8CF7D08FAFEBE9BCFE952BE236C;comprimé pelliculé;1;entécavir|1|mg;1;entécavir monohydraté||;1;60018444
6DFF13C853E87B3D58760BA62D073DCFEB3100C9;comprimé pelliculé à libération prolongée;1;ropinirole|8|mg;1;chlorhydrate de ropinirole|9,121|mg;1;60093639
CC7186DA7D919C1EE82828231DDBE38D1CE9E342;gélule;1;fluvastatine|20|mg;1;fluvastatine sodique|21,06|mg;1;60166980
D09D7D60ACFE61EC14CD7C9B0DE8DA0DF90227B4;dispositif;1;fentanyl|15,5|mg;1;60022738
D348920EB871B1198F3F9215D7FD026537A4AB3C;gel;1;diclofénac sodique|1|g;1;diclofénac de diéthylamine|1,16|g;1;60158147
B3C40244DE7932EBCEAFF08E35832646F021403E;dispositif;1;rotigotine|13,5|mg;1;60200500
05878BDA90B8E3B51822043E0A7C6F84D9450214;comprimé pelliculé sécable;1;fumarate de bisoprolol|2,5|mg;1;60077574
64FF61807698F83FA48335622E55847A89394DCE;dispositif;1;trinitrine|15,70|mg;1;60022275
0C5AB38CE95FE46CCBBE45B86008F603DA318B25;comprimé pour suspension buvable;1;rétinol|1000|UI;4;vitamine a (acétate de)||;4;levure|38,70|mg;4;cystine|36,30|mg;4;soufre précipité|11,00|mg;1;60238376
0A75A45D6EF9A8444DF72DF9BD7A99917044452C;comprimé pelliculé;1;tiagabine anhydre|10|mg;1;tiagabine (chlorhydrate de) monohydraté||;1;60058517
E2A46A47FD8A12EC55EE62E4D28CA13D462E0D4B;comprimé pelliculé;1;dasatinib monohydraté|70|mg;1;60249903
EC9896B2671E1C95E4D1AFC083C4C7233B068598;solution buvable;2;chlorhydrate de pyridoxine|0,040|g;2;magnésium (glycérophosphate acide de)|1,895|g;1;60240181
EA05F3A4622B558592B603BF979400DF5BC2C581;solution pour perfusion;2;glucose anhydre|150|g;2;lysine|1,700|g;25;tryptophane|0,43|g;25;méthionine|0,4|g;25;leucine|2,15|g;25;phosphate monopotassique|0,184|g;25;aspartique (acide)|1,26|g;25;arginine|1,26|g;25;alanine|1,94|g;25;gluconate de calcium|4,03|g;25;tyrosine|0,15|g;25;isoleucine|0,95|g;25;acide glutamique|2,18|g;25;histidine|0,65|g;25;phénylalanine|0,83|g;25;sérine|1,17|g;25;proline|1,72|g;25;glycine|0,65|g;25;lysine monohydratée||;25;glucose monohydraté||;25;chlorure de sodium|1,169|g;25;valine|1,11|g;25;thréonine|1,11|g;25;cystéine|0,31|g;25;lactate de magnésium dihydraté|0,461|g;25;taurine|0,12|g;25;phosphate dipotassique|1,62|g;1;60208447
9039EA2EDAD64AB5A21FA16C56C0EAFCBAD2C60C;solution injectable;1;ixékizumab|80|mg;1;60241034
C7E18A02B762B44E261C6673D134D269D969DD79;comprimé pelliculé;1;saquinavir|500|mg;1;saquinavir (mésilate de)||;1;60186043
78D4844870D651CCABDE8092ABFE4A9E2D3E2CCA;capsule molle;1;lévothyroxine sodique anhydre|13|microgrammes;1;lévothyroxine sodique||;1;60210811
DEC922EEE3F617D2C5527E13094B0294A39D9288;mélange de plantes pour tisane;1;séné (feuille de)|0,72|g;1;60030980
E70D0E2C08BB16256AF0480ED01A33560EBD6546;comprimé;1;lormétazépam|2|mg;1;60186584
F02F7B395FF3FADB559E4D11CA93E9574E41237D;poudre pour solution injectable;1;toxine botulinique type a|12,5 nanogrammes|;1;60242321
CBEF646ECF59DCD6EC9C99300E68FC2ECF915793;comprimé pelliculé;1;capécitabine|500|mg;1;60044987
B17B5876097D336B0DD758D41E7678340FC459A7;comprimé pelliculé;1;clopidogrel|75|mg;1;hydrogénosulfate de clopidogrel||;1;60124999
5BB73C3E973D7F219EE245479474D02E1891481F;comprimé;1;cobalt|0,029|mg;1;cobalt (gluconate de)|0,240|mg;1;60053064
4ED3852BB36A253DCBA271E8B30F223B7F919917;comprimé pelliculé;1;anastrozole|1,00|mg;1;60002283
BA7FBB8CA53874EC220372915E97416147C7DBE1;gélule à libération prolongée;1;galantamine|8|mg;1;bromhydrate de galantamine||;1;60064872
54D845FB20B50A0FEECCC9E8219F4B288DEC3DE3;comprimé effervescent(e);1;ranitidine base|150|mg;1;ranitidine (chlorhydrate de)||;1;60110490
7EA39711609866F5770E739243767D220075B4AD;comprimé pelliculé;1;oxcarbazépine|300|mg;2;60224437;60043077
A428EEC4227D775C9738141CC48FE62BFE168C3D;comprimé;1;olanzapine|10|mg;1;60170224
13C430FEF33C01E992B9E6F2436D9CBBE102C136;solution pour perfusion;1;albumine humaine|200|mg;1;60040572
7C1A560A963029C7840236FF17D253C047FABA1D;gélule;1;rivastigmine|1,5|mg;1;hydrogénotartrate de rivastigmine|2,4|mg;1;60216885
6FEAD8BCF544F5D5077220C616DEB07DB87CE1EE;collyre;1;pilocarpine (chlorhydrate de)|1|g;1;60207555
CDBA9A44679121D41AFCD19C8C1D890EAABCA641;gélule à libération prolongée;1;chlorhydrate de tramadol|200,00|mg;1;60225681
7BA031FD2BF031FA33C0D7C4B2B01E7293BB4426;poudre pour concentré pour solution pour perfusion;1;thiotépa|15|mg;1;60177724
AE65B96C66D5592CD90988DDAB8F72146CA49E2C;collyre;1;bétaxolol base|0,50|g;1;bétaxolol (chlorhydrate de)|0,56|g;1;60100877
10BD34C2B0EFBC9C1C726B31F3EAB488EE4C537F;comprimé pelliculé;2;maléate de chlorphénamine|4|mg;2;paracétamol|500|mg;1;60082023
4685270B045DFBFCC1B47B8233C463007748AC47;comprimé pelliculé à libération prolongée;1;chlorhydrate de tramadol|150|mg;1;60041560
D52F19224835D069887AE1D50358E79B7BC8D189;comprimé;1;acide alendronique|70|mg;1;alendronate monosodique trihydraté|91,37|mg;1;60165024
B8CB9B783D28361B5688C0A7D9C7AAB31B8FD253;solution pour perfusion;1;fer|20|mg;1;complexe d'hydroxyde ferrique - saccharose|540|mg;1;60080232
FC83CA90FECA465F17AEC0FA9A07260152D04364;comprimé;1;pipobroman|25|mg;1;60195398
6140E3C08C8908BD945C63D0FB260B09FC84BBF9;comprimé orodispersible;1;rispéridone|3|mg;1;60196945
01BAE4429CA103393620DC40E6C95BB7C28B21C8;comprimé enrobé;4;anis vert (fruit d') (poudre de)|30,0|mg;4;séné (feuille de), extrait sec titré de|30,0|mg soit 2,1 mg au minimum quantité exprimée en sennosides B;4;boldo (feuille de) (poudre de)|50,0|mg;4;cascara (écorce de) (extrait sec de)|40,0|mg soit 6,4 mg au minimum quantité exprimée en cascaroside A;1;60017367
D81B496E457E50BDE8A5EF4A07EDD815A02DA3A3;comprimé à croquer;1;montélukast|5|mg;1;montélukast sodique|5,20|mg;1;60244703
2782C52B9E1430628C2943A7A3191E36C9048104;comprimé pelliculé;1;pélargonium (extrait fluide de racine de)|20|mg;1;60026494
C93CAD0DB7748679DFA538C28543A3B24259EC7C;comprimé;1;rasagiline|1|mg;1;tartrate de rasagiline||;1;60203418
DB510B9B94FE182DD2C01A7D037EA542A33392BB;comprimé pelliculé;1;pinavérium (bromure de)|100|mg;1;60118971
1596CB45D8804E47DC516722FB2E37B8015D41C5;solution buvable;1;lévétiracétam|100|mg;1;60132330
6C6A19188AEB2A4D19D25B69395D20AF39878187;suspension injectable;2;chlorure de zinc|2,50|mg;2;tétracosactide|1,00|mg;1;60034644
344CAC5669123DEDB89F0E480F5B9F6539F26DEB;comprimé;1;carbidopa anhydre|25|mg;2;lévodopa|250|mg;2;carbidopa monohydratée|27|mg;1;60092590
1E1E32122EFF4B2E5F3EEFDE49A78903F61EABA8;comprimé;1;périndopril|6,68|mg;1;périndopril tert-butylamine|8|mg;1;60031954
93458A38B1FA3F930EE46B3D421FB3EA5181EEE3;comprimé enrobé;1;ibuprofène|400|mg;1;60129665
42E77731BC4B02E9F5A3E6C59A3A8364AFF054DB;gélule;1;prégabaline|100|mg;1;60075452
574C3CE863988AF833519ADA0600E81C5685C4BC;comprimé sécable;1;amisulpride|100|mg;1;60019927
F63F57C426768F7625570A2FF315A7EF0309DABC;comprimé à libération prolongée;1;ropinirole|4|mg;1;chlorhydrate de ropinirole||;1;60144464
E8E719C3FE3A8AD32CC0088DF8A44A3A0ADE6FE6;gélule;1;sertraline base|25|mg;1;chlorhydrate de sertraline|27,977|mg;1;60155788
B702B45DC817F2127DF801D0BBD42E344BBD1F59;granulés;1;montélukast|4|mg;1;montélukast sodique||;1;60069339
949E988492722F0A011D4A0EB27AE816FAF02734;collyre;1;céthexonium (bromure de)|0,1|mg;1;60040469
816C142CB4A1B07AE808F2D52997E7792F3B0B24;solution injectable;1;tétradécyl sulfate de sodium|30|mg;1;60021771
B7A17E0E875D0CC9DFC42F3BB382EAE00112E064;comprimé et solution(s) et granules et poudre et pommade;1;borax|3CH à 30CH et 5DH à 60DH (pommade à 1 %, 4 % ou 10 %)|;1;60150435
1FD7A2EE28A556B538CCCE0D2482182B7B1E954A;poudre et  solvant pour solution injectable;1;moroctocog alfa|250|UI;1;60106606
66F6086753D506735610A8DB31543929E186C6D3;comprimé gastro-résistant(e);1;pantoprazole|20|mg;1;pantoprazole sodique sesquihydraté|22,6|mg;1;60031527
8F6BE70D0EB0D969D9E764AEF0B48A6AE4986E31;comprimé orodispersible;1;donépézil base|4,56|mg;1;chlorhydrate de donépézil|5|mg;1;60150467
706940C1E457A4CC3C37CBC6B5304B2AC02A6CB3;gélule;1;charbon activé|162|mg;1;60107932
EAB0E85BD037FF5CAA6518AF824211DAF89BE0C1;mousse pour application;1;propionate de clobétasol|500|microgrammes;1;60021312
9686208C79ED86909E3C1C0E674934CE886B6C10;comprimé et solution(s) et granules et poudre et pommade;1;gelsémium pour préparations homéopathiques|2CH à 30CH et 4DH à 60DH (pommade à 1 %, 4 % ou 10 %)|;1;60015448
C1084B5C1D8A4D78BA758E4F0C50A4C6B8C4C00D;solution pour perfusion;1;glucose anhydre|15|g;1;glucose monohydraté|16,5|g;1;60008845
AECEDCC502F309566505F4B8CBA696875433FE0A;solution buvable;1;carbocistéine|5|g;1;60226915
867347F7DB803F6FDC9C35FB20D1E299C4CBF316;solution;1;midazolam|10|mg;1;chlorhydrate de midazolam||;1;60034085
0BB7C7882F3235BC5222CC0FD98B1BEF62C93157;granules et  poudre et  solution en gouttes en gouttes;1;calcarea iodata pour préparations homéopathiques|3CH à 30CH et 5DH à 60DH|;1;60028680
C5BF2DFEFE1E4F66902E732820938B3F1F96F3C0;comprimé sécable;1;chlorhydrate de sotalol|80|mg;1;60237986
F54DD75BC96315205AE9BEDE3EEE6766E7F953ED;poudre pour solution à diluer pour perfusion;1;topotécane|4|mg;1;chlorhydrate de topotécane||;1;60158154
A31E4807D3A934DBACF4458A15FA0B478CDC176C;comprimé;1;felbamate|600|mg;1;60223278
7537BE6767EC52937B739EFA20B5C318B487775F;gel;1;ibuprofène|5|g;1;60233913
5E19AA2834B0089D7B0A88C3CEACA74FFE3A313D;comprimé sécable;1;terbinafine|250|mg;1;chlorhydrate de terbinafine||;1;60108678
E711D5687C84A77704A3C489ECA1078785FE475C;capsule molle;2;siméticone|300|mg;2;citrate d'alvérine|60|mg;2;60252027;60182237
18EA5E4900FED20D2BF8AB3505AB31527973C5D8;crème;1;calendula officinalis pour préparations homéopathiques|0,88|g (TM);1;60154309
512191CD97A3340CF5402C13BF10F800495DD5FD;gélule à libération prolongée;1;chlorhydrate de tamsulosine|0,4|mg;1;60133973
7E5A0661826C6526B96AA5345DA0AEEE6CBD05D8;crème;1;acéponate d'hydrocortisone|0,127|g;1;60252422
4785C8125C337F0EEF7ED3C00343428EEBE6A607;comprimé sécable;1;maléate d'énalapril|5|mg;1;60159128
A330228FD17ABC25C5B1ABA156A06C78DDB3375D;comprimé enrobé;1;péfloxacine|400,00|mg;1;péfloxacine (mésilate de) dihydraté|558,50|mg;1;60085578
BC02D5B6BC977E83785C2214402C0AE79F667DC4;comprimé pelliculé;1;millepertuis (sommité fleurie) (extrait sec de)|500|mg;1;60064324
6E95B2CEE4F4E63A157F746AF77EC077971C4677;comprimé pelliculé;1;périndopril|6,816|mg;1;tosilate de périndopril|10|mg;1;60018896
643BE85C16C78F04947638CD15DB0CCFC1DE6C16;poudre pour solution pour perfusion;1;fosfomycine|4|g;1;fosfomycine sodique||;1;60150232
539B5305F83DD4C405D20F71C60C7A286F52EA1B;comprimé gastro-résistant(e);1;pantoprazole|20|mg;1;pantoprazole sodique sesquihydraté|22,56|mg;1;60065294
B744566B27B88CDDF72B5DF13C0C0FB2F072D895;solution injectable;1;lévocarnitine|1000|mg;1;60016589
48B8383C5BD07CACBC34F13BAC9722E842B65118;comprimé sécable;1;fosinopril sodique|10,0|mg;1;60095526
18D8D8295B58F2B0C09378CAF71E59CC7528A54C;solution injectable;1;sulfate de protamine|1 000|Unités Antihéparine;1;60037327
A415188B46F038081FF8CF8532AB6D0087CDEE6A;comprimé;1;buprénorphine|6|mg;1;chlorhydrate de buprénorphine||;1;60204573
8AA85CD4BE6813F89D56FE607CF0D17262912350;comprimé effervescent(e);1;ranitidine base|300|mg;1;ranitidine (chlorhydrate de)||;1;60009616
982A41211BC5422FE136F806D6632EF5B32A7434;comprimé pelliculé sécable;1;losartan potassique|50|mg;1;60130906
38E142DEC32F7406E4800FA35FB4D222C58F27FD;comprimé pelliculé;1;valsartan|160|mg;1;60250574
67A647C56EF3B7078CD165E418F45A8F8F27FEA1;crème;1;aciclovir|5|g;2;60170263;60126377
5771F9E1F7CE3E7A4D3C97CA13932939EE72CBA0;solution pour dialyse péritonéale;2;lactate de sodium anhydre|3,925|g;2;glucose anhydre|15|g;5;chlorure de calcium dihydraté|0,2573|g;5;chlorure de magnésium hexahydraté|0,1017|g;5;sodium (lactate de), solution de|7,85|g;5;glucose monohydraté|16,5|g;5;chlorure de sodium|5,64|g;1;60244525
49656F5C954C014E9FF16E62B80D49DA87D857D4;gélule à libération prolongée;1;venlafaxine|37,5|mg;1;chlorhydrate de venlafaxine||;3;60085610;60075192;60234214
672B963B28647D6276AA72C4D7C210417560040F;comprimé gastro-résistant(e);1;pantoprazole|40,00|mg;1;pantoprazole sodique sesquihydraté||;1;60071952
0C6B4E8F56E975655B4F510248EBAEE9B5BBFFC8;suspension injectable à libération prolongée;1;palipéridone|350|mg;1;palmitate de palipéridone|546|mg;1;60249796
4B3404983AE33BBE061E3AEFC319205CEC758222;solution injectable pour perfusion;1;étoposide|200|mg;1;60155667
7F3D9FC6B82C50E042B1A58038EFC99F43C6A40B;comprimé;1;évérolimus|5|mg;1;60223417
41D90978A1580186D2242FCBDB1F254A6A490937;gélule;1;lénalidomide|10|mg;1;60245253
9031492BA5149DA2051195291C38826CC8E9DD58;capsule molle;1;fenticonazole base|175,7|mg;1;nitrate de fenticonazole|200|mg;1;60010967
9CCC51818DB31F9AECBD06262E6ECAA4FC36AE8C;comprimé et solution(s) et granules et poudre et pommade;1;lapis albus pour préparations homéopathiques|3CH à 30CH et 5DH à 60DH  (pommade à 4%)|;1;60082895
177C7C9F2A2395D695F388B2688D07E056B3C4D0;solution pour inhalation par nébuliseur;1;bromure d'ipratropium anhydre|0,5|mg;1;ipratropium (bromure d') monohydraté||;1;60175716
CA2D6C0BE4097887A539FA1C121C5674019F5B55;comprimé et solution(s) et granules et poudre et pommade;1;cactus grandiflorus pour préparations homéopathiques|2CH à 30CH et 4DH à 60DH (pommade à 1 %, 4 % ou 10 %)|;1;60042395
F552E160E6435B81ECA67930CFABD9FC314D578C;comprimé pelliculé;1;dexkétoprofène|25|mg;2;chlorhydrate de tramadol|75|mg;2;dexkétoprofène trométamol||;1;60162494
C78F40799C7789FACA949740D0C0C3592238F670;comprimé enrobé;1;dipyridamole|75|mg;1;60021216
0B8BF2BE26CA9A56C5B866F05DAA870CD34D3A26;suspension buvable;1;magaldrate anhydre|800|mg;1;magaldrate|944,5|mg;1;60194549
5123DC704A97D9B90B076C834C6CE641D4C8A61E;capsule molle;1;lopéramide base|1,86|mg;1;chlorhydrate de lopéramide|2|mg;1;60095095
29F10EBA3418066A36D94A2C428D4BC6C4105246;comprimé gastro-résistant(e);1;pantoprazole|40|mg;1;pantoprazole sodique sesquihydraté|45,1|mg;1;60231339
D3AB1A6E09DD6191B2F5B8CA115E167A019CF27F;comprimé sécable à libération modifiée;1;gliclazide|60|mg;1;60150830
7465753CD8F354318D334D9B61BAC63D1E58BD4E;comprimé pelliculé sécable;1;ciprofloxacine|500|mg;1;chlorhydrate de ciprofloxacine||;1;60195010
A5D2356B739733A1715542B7B37CA8EA30DCC031;gélule;1;palmier de floride (serenoa repens (w.bartram) small.) (extrait du fruit de)|160|mg;3;60074432;60079721;60200678
C70AC7A03E5A5AD29DE6F6E7EF164D24C93C1552;comprimé pelliculé;1;maléate de trimébutine|100,00|mg;1;60246750
8AAAC8681FA2B6C4399539ADED63AA379F3D3F5E;suspension pour inhalation par nébuliseur;1;dipropionate de béclométasone|800|microgrammes;1;60003620
605DD8941F345CC53BB0F6617DC562029161F3B2;granules et  solution en gouttes en gouttes;1;actaea racemosa pour préparations homéopathiques|2CH à 30CH et 4DH à 60DH|;1;60002746
45428F29265E9A4645EE77C04C3800CE3AEEEC90;comprimé pelliculé sécable;1;dompéridone|20|mg;1;60164844
5709E8579EB28C3A77FB6FB5C65DBD1E520556BE;comprimé pelliculé;1;riociguat|2|mg;1;60203795
28D3CED4DFE4BE3692A78DEDCF11642394DDD35F;comprimé pelliculé;1;calcium élément|600|mg;1;carbonate de calcium|1498|mg;1;60222137
82EEF791975C29DD692E5E4E5C892BF0E8C73A74;comprimé pelliculé;1;dichlorhydrate de lévocétirizine|5|mg;1;60073608
6BE71A50584A20B8291AD360B06E8B58D3E3AECE;comprimé pelliculé;1;spironolactone|75,00|mg;1;60021127
313B361EB721A93FF1BE81345065F090D313A52D;solution injectable;1;midazolam|1|mg;1;60021472
71307B13780CB01F5517249CBC00C628F2229C54;poudre pour solution à diluer pour perfusion;1;isavuconazole|200|mg;1;sulfate d'isavuconazonium|327,6|mg;1;60184590
276B37874D34121BABE03C182AC243C45670B8C0;poudre pour suspension buvable;1;hydroxyde de magnésium|90|g;1;60232074
888FF458C59C2F9EAD8345384A77B5C006166BD0;comprimé pelliculé;1;carbonate de sévélamer|800|mg;1;60160835
53BCD1359403C7B9C78CF06A1E55E4B6BA3CB136;solution injectable;1;bétaméthasone|4,0|mg;1;bétamethasone (phosphate de) et de disodium|5,3|mg;1;60152607
161D3D008C8054BD7D2013A78E94E6787E58C7B7;comprimé pelliculé sécable;1;mémantine|8,31|mg;1;chlorhydrate de mémantine|10|mg;1;60151124
3A1483AC142638B9046B5613457500E8A8C9D3AB;comprimé;1;prednisone|1|mg;1;60118715
FA8970EE9346F579C72E0E0BB79AA758138AF722;gélule à libération prolongée;1;mononitrate d'isosorbide|60|mg;1;60144966
AA9D23EF22CE5446F894D9C87B9E2C4B7F620E45;solution injectable;1;oxycodone|9|mg;1;chlorhydrate d'oxycodone|10|mg;1;60209645
87C45835B6CF1C9DA330E723D1FB91A66CF0C318;comprimé sécable;1;maléate d'énalapril|20|mg;1;60111813
