93951;FÉSOTÉRODINE;1;FÉSOTÉRODINE;1;FUMARATE DE FÉSOTÉRODINE
42124;TERLIPRESSINE;1;TERLIPRESSINE;1;TERLIPRESSINE (ACÉTATE DE)
44781;DASABUVIR;1;DASABUVIR;1;DASABUVIR SODIQUE MONOHYDRATÉ
67549;RABÉPRAZOLE BASE;2;RABÉPRAZOLE;RABÉPRAZOLE BASE;2;RABÉPRAZOLE SODIQUE;RABÉPRAZOLE SODIQUE MONOHYDRATÉ
54353;LÉVOCÉTIRIZINE;1;LÉVOCÉTIRIZINE;1;DICHLORHYDRATE DE LÉVOCÉTIRIZINE
2667;MIDAZOLAM;1;MIDAZOLAM;1;CHLORHYDRATE DE MIDAZOLAM
83912;LERCANIDIPINE;1;LERCANIDIPINE;1;CHLORHYDRATE DE LERCANIDIPINE
57861;LANDIOLOL;1;LANDIOLOL;1;CHLORHYDRATE DE LANDIOLOL
53028;CISATRACURIUM;1;CISATRACURIUM;1;BÉSILATE DE CISATRACURIUM
10655;MÉTOCLOPRAMIDE;1;MÉTOCLOPRAMIDE;1;CHLORHYDRATE DE MÉTOCLOPRAMIDE ANHYDRE
67432;ÉNALAPRIL;1;ÉNALAPRIL;0
40054;VINORELBINE;2;VINORELBINE BASE;VINORELBINE;1;DITARTRATE DE VINORELBINE
39065;TILUDRONIQUE (ACIDE);1;TILUDRONIQUE (ACIDE);1;TILUDRONATE DISODIQUE
24945;ÉFLORNITHINE;1;ÉFLORNITHINE;1;CHLORHYDRATE D'ÉFLORNITHINE
90673;ACIDE FOLINIQUE;1;ACIDE FOLINIQUE;1;FOLINATE DE CALCIUM
1473;ZINC;1;ZINC;2;ACÉTATE DE ZINC DIHYDRATÉ;ZINC (GLUCONATE DE)
39061;UMÉCLIDINIUM;1;UMÉCLIDINIUM;1;BROMURE D'UMÉCLIDINIUM
44778;SULBACTAM;1;SULBACTAM;0
34855;FER;1;FER;10;COMPLEXE HYDROXYDE FERRIQUE-DEXTRANE;SULFATE FERREUX DESSÉCHÉ;SODIUM (FÉRÉDÉTATE DE);SULFATE FERREUX HEPTAHYDRATÉ;MAGNÉTITE ENROBÉ DE SILOXANE;FUMARATE FERREUX;CARBOXYMALTOSE FERRIQUE;ASCORBATE FERREUX;FER (III) ISOMALTOSIDE 1000;COMPLEXE D'HYDROXYDE FERRIQUE - SACCHAROSE
2438;PHÉNYLÉPHRINE;1;PHÉNYLÉPHRINE;1;CHLORHYDRATE DE PHÉNYLÉPHRINE
81962;SAFINAMIDE;1;SAFINAMIDE;1;MÉTHANESULFONATE DE SAFINAMIDE
31103;VILANTÉROL;1;VILANTÉROL;0
5;ACIDE ACÉTYLSALICYLIQUE;2;ACÉTYLSALICYLIQUE (ACIDE);ACIDE ACÉTYLSALICYLIQUE;1;DL-LYSINE (ACÉTYLSALICYLATE DE)
56421;ERLOTINIB;1;ERLOTINIB;1;ERLOTINIB (CHLORHYDRATE D')
2795;PENTOXYVÉRINE;1;PENTOXYVÉRINE;1;CITRATE DE PENTOXYVÉRINE
923;ALPHA-TOCOPHÉROL;1;ALPHA-TOCOPHÉROL;0
91757;OXICONAZOLE;1;OXICONAZOLE;1;OXICONAZOLE (NITRATE D')
88597;CINCHONINE;2;CINCHONINE;CINCHONINE BASE;0
85087;TAFAMIDIS;1;TAFAMIDIS;1;TAFAMIDIS MÉGLUMINE
66112;CEFTOLOZANE;1;CEFTOLOZANE;0
20433;PONATINIB;1;PONATINIB;1;CHLORHYDRATE DE PONATINIB
69862;MÉFLOQUINE;1;MÉFLOQUINE;1;MÉFLOQUINE (CHLORHYDRATE DE)
2331;RIBOFLAVINE;1;RIBOFLAVINE;0
57760;TRAMÉTINIB;1;TRAMÉTINIB;1;DIMETHYLSUFLOXYDE DE TRAMÉTINIB
55340;DOXAZOSINE;1;DOXAZOSINE;1;MÉSILATE DE DOXAZOSINE
42227;CHLORHYDRATE DE BUPIVACAÏNE ANHYDRE;1;CHLORHYDRATE DE BUPIVACAÏNE ANHYDRE;1;BUPIVACAÏNE (CHLORHYDRATE DE) MONOHYDRATÉ
99154;DIHYDROCODÉINE;1;DIHYDROCODÉINE;1;DIHYDROCODÉINE (TARTRATE DE)
46704;OXYCODONE;1;OXYCODONE;1;CHLORHYDRATE D'OXYCODONE
35812;BENZODODÉCINIUM (BROMURE DE) ANHYDRE;1;BENZODODÉCINIUM (BROMURE DE) ANHYDRE;0
55222;FEXOFÉNADINE BASE;1;FEXOFÉNADINE BASE;1;CHLORHYDRATE DE FEXOFÉNADINE
83934;CHLORHYDRATE DE ROPIVACAÏNE ANHYDRE;1;CHLORHYDRATE DE ROPIVACAÏNE ANHYDRE;1;ROPIVACAÏNE (CHLORHYDRATE DE) MONOHYDRATÉ
76288;ARTICAÏNE BASE;1;ARTICAÏNE BASE;0
34720;OLODATÉROL;1;OLODATÉROL;1;CHLORHYDRATE D'OLODATÉROL
77015;DACLATASVIR;1;DACLATASVIR;1;DICHLORHYDRATE DE DACLATASVIR
59700;CILASTATINE ANHYDRE;2;CILASTATINE;CILASTATINE ANHYDRE;0
54015;LENVATINIB;1;LENVATINIB;1;MÉSILATE DE LENVATINIB
31694;FER FERRIQUE;1;FER FERRIQUE;1;OXYHYDROXYDE SUCROFERRIQUE
32308;VARDÉNAFIL;1;VARDÉNAFIL;1;VARDÉNAFIL (MONOCHLORHYDRATE DE) TRIHYDRATÉ
89235;ACÉTATE DE SODIUM ANHYDRE;2;ACÉTATE DE SODIUM ANHYDRE;SODIUM (ACÉTATE DE) ANHYDRE;0
86088;IPRONIAZIDE BASE;1;IPRONIAZIDE BASE;1;IPRONIAZIDE (PHOSPHATE D')
89477;SORAFÉNIB;1;SORAFÉNIB;1;TOSILATE DE SORAFÉNIB
3778;DIGLUCONATE DE CHLORHEXIDINE;3;CHLORHEXIDINE (DIGLUCONATE DE);CHLORHEXIDINE (GLUCONATE DE);DIGLUCONATE DE CHLORHEXIDINE;1;CHLORHEXIDINE (DIGLUCONATE DE), SOLUTION DE
819;INDAPAMIDE;1;INDAPAMIDE;1;INDAPAMIDE HÉMIHYDRATÉ
44997;SOUFRE;1;SOUFRE;1;THIOSULFATE DE SODIUM
70502;FLUDROCORTISONE;1;FLUDROCORTISONE;1;ACÉTATE DE FLUDROCORTISONE
68669;DOLUTÉGRAVIR;1;DOLUTÉGRAVIR;1;DOLUTÉGRAVIR SODIQUE
86070;AMBROXOL BASE;1;AMBROXOL BASE;1;CHLORHYDRATE D'AMBROXOL
21771;PROPRANOLOL;1;PROPRANOLOL;1;PROPRANOLOL (CHLORHYDRATE DE)
3671;DIASTASE DE L'ORGE GERMÉE;1;DIASTASE DE L'ORGE GERMÉE;0
80889;FLUVASTATINE;2;FLUVASTATINE BASE;FLUVASTATINE;1;FLUVASTATINE SODIQUE
41489;RANÉLATE DE STRONTIUM ANHYDRE;1;RANÉLATE DE STRONTIUM ANHYDRE;1;RANÉLATE DE STRONTIUM NONAHYDRATÉ
38193;MOXIFLOXACINE BASE;2;MOXIFLOXACINE BASE;MOXIFLOXACINE;1;CHLORHYDRATE DE MOXIFLOXACINE
82705;NIRAPARIB;1;NIRAPARIB;1;TOSYLATE DE NIRAPARIB MONOHYDRATÉ
56568;LOPRAZOLAM;1;LOPRAZOLAM;1;LOPRAZOLAM (MÉSILATE DE) MONOHYDRATÉ
78578;FOSFOMYCINE;1;FOSFOMYCINE;2;FOSFOMYCINE SODIQUE;FOSFOMYCINE TROMÉTAMOL
30470;PRASUGREL;1;PRASUGREL;1;PRASUGREL (CHLORHYDRATE DE)
941;JOSAMYCINE BASE;1;JOSAMYCINE BASE;1;JOSAMYCINE (PROPIONATE DE)
2333;RIFAMYCINE;1;RIFAMYCINE;1;RIFAMYCINE SODIQUE
66240;RILMÉNIDINE;1;RILMÉNIDINE;1;DIHYDROGÉNOPHOSPHATE DE RILMÉNIDINE
4999;ACIDE HYDROXY-4 BUTYRIQUE;1;ACIDE HYDROXY-4 BUTYRIQUE;1;SODIUM (OXYBATE DE)
91695;LACTATE DE SODIUM ANHYDRE;2;LACTATE DE SODIUM ANHYDRE;SODIUM (LACTATE DE) ANHYDRE;0
67102;PIPÉRACILLINE;2;PIPÉRACILLINE;PIPÉRACILLINE BASE;1;PIPÉRACILLINE SODIQUE
18454;CÉTRORÉLIX BASE;1;CÉTRORÉLIX BASE;1;ACÉTATE DE CÉTRORÉLIX
70512;DÉMÉCLOCYCLINE BASE;1;DÉMÉCLOCYCLINE BASE;1;CHLORHYDRATE DE DÉMÉCLOCYCLINE
22956;OTÉRACIL;1;OTÉRACIL;0
4771;CHLORURE DE BENZALKONIUM;2;CHLORURE DE BENZALKONIUM;BENZALKONIUM (CHLORURE DE);1;BENZALKONIUM (CHLORURE DE), SOLUTION DE
4773;OMÉPRAZOLE;1;OMÉPRAZOLE;2;OMÉPRAZOLE MAGNÉSIUM;OMÉPRAZOLE SODIQUE
57781;SALMÉTÉROL BASE;1;SALMÉTÉROL BASE;1;XINAFOATE DE SALMÉTÉROL
1261;BÉTAMÉTHASONE;1;BÉTAMÉTHASONE;3;BÉTAMETHASONE (PHOSPHATE DE) ET DE DISODIUM;VALÉRATE DE BÉTAMÉTHASONE;DIPROPIONATE DE BÉTAMÉTHASONE
60707;IMATINIB;2;IMATINIB BASE;IMATINIB;1;MÉSILATE D'IMATINIB
1140;AMITRIPTYLINE;1;AMITRIPTYLINE;1;AMITRIPTYLINE (CHLORHYDRATE D')
28372;DOXYCYCLINE BASE;3;DOXYCYCLINE ANHYDRE;DOXYCYCLINE BASE;DOXYCYCLINE;2;DOXYCYCLINE MONOHYDRATÉE;DOXYCYCLINE (HYCLATE DE)
31554;LITHIUM;1;LITHIUM;3;CARBONATE DE LITHIUM;LITHIUM (GLUCONATE DE);CITRATE DE LITHIUM
2345;MÉTHOTREXATE;1;MÉTHOTREXATE;1;MÉTHOTREXATE DISODIQUE
27287;DAPOXÉTINE;1;DAPOXÉTINE;1;CHLORHYDRATE DE DAPOXÉTINE
55004;BLÉOMYCINE;1;BLÉOMYCINE;1;SULFATE DE BLÉOMYCINE
713;ÉTOPOSIDE;1;ÉTOPOSIDE;1;ÉTOPOSIDE (PHOSPHATE D')
33617;CÉFIXIME ANHYDRE;1;CÉFIXIME ANHYDRE;1;CÉFIXIME TRIHYDRATÉE
93989;ÉPINASTINE;1;ÉPINASTINE;1;CHLORHYDRATE D'ÉPINASTINE
6825;MUPIROCINE;1;MUPIROCINE;1;MUPIROCINE CALCIQUE DIHYDRATÉE
95926;BENSÉRAZIDE BASE;1;BENSÉRAZIDE BASE;0
21510;ILOPROST;1;ILOPROST;1;ILOPROST TROMÉTAMOL
38299;DIÉTHYLCARBAMAZINE;1;DIÉTHYLCARBAMAZINE;1;CITRATE DE DIÉTHYLCARBAMAZINE
94712;ADÉNOSINE TRIPHOSPHATE DISODIQUE;1;ADÉNOSINE TRIPHOSPHATE DISODIQUE;1;TRIPHOSPHATE D'ADÉNOSINE DISODIQUE TRIHYDRATÉ
15078;THÉOPHYLLINE ANHYDRE;2;THÉOPHYLLINE ANHYDRE;THÉOPHYLLINE;2;THÉOPHYLLINE MONOHYDRATÉE;THÉOPHYLLINE (ACÉTATE DE SODIUM)
2361;MÉTHYLPREDNISOLONE;1;MÉTHYLPREDNISOLONE;1;MÉTHYLPREDNISOLONE (HÉMISUCCINATE DE)
38050;GEMCITABINE;1;GEMCITABINE;1;CHLORHYDRATE DE GEMCITABINE
2236;PROMÉTHAZINE;1;PROMÉTHAZINE;1;CHLORHYDRATE DE PROMÉTHAZINE
1023;ASCORBIQUE (ACIDE);3;ACIDE ASCORBIQUE;VITAMINE C;ASCORBIQUE (ACIDE);0
56345;CEFTAROLINE FOSAMIL;1;CEFTAROLINE FOSAMIL;1;ACÉTATE DE CEFTAROLINE FOSAMIL MONOHYDRATÉ
72818;OXYDE DE LOPÉRAMIDE ANHYDRE;1;OXYDE DE LOPÉRAMIDE ANHYDRE;1;LOPÉRAMIDE (OXYDE DE) MONOHYDRATÉ
19558;DOXÉPINE;1;DOXÉPINE;1;DOXÉPINE (CHLORHYDRATE DE)
67473;ÉTELCALCÉTIDE;1;ÉTELCALCÉTIDE;1;CHLORHYDRATE D'ÉTELCALCÉTIDE
89485;ÉSÉRIDINE BASE;1;ÉSÉRIDINE BASE;1;SALICYLATE D'ÉSÉRIDINE MONOHYDRATÉ
44842;PAMIDRONIQUE (ACIDE);1;PAMIDRONIQUE (ACIDE);1;PAMIDRONATE DE SODIUM
94866;ACIDE GADOBÉNIQUE;1;ACIDE GADOBÉNIQUE;1;GADOBÉNATE DE DIMÉGLUMINE
18310;PICLOXYDINE BASE;1;PICLOXYDINE BASE;1;DICHLORHYDRATE DE PICLOXYDINE
56593;PHOSPHORE;1;PHOSPHORE;1;SODIUM (DIHYDROGÉNOPHOSPHATE DE) DODÉCAHYDRATÉ
29205;CITRATE DE BÉTAÏNE ANHYDRE;1;CITRATE DE BÉTAÏNE ANHYDRE;1;BÉTAÏNE (CITRATE DE) MONOHYDRATÉ
80102;MONTÉLUKAST;2;MONTÉLUKAST ACIDE;MONTÉLUKAST;1;MONTÉLUKAST SODIQUE
82404;NICKEL;1;NICKEL;0
971;SOMATOSTATINE;1;SOMATOSTATINE;1;SOMATOSTATINE (ACÉTATE DE) HYDRATÉ
975;SPIRAMYCINE;1;SPIRAMYCINE;1;SPIRAMYCINE (ADIPATE DE)
32627;RIZATRIPTAN;1;RIZATRIPTAN;1;BENZOATE DE RIZATRIPTAN
616;QUININE;2;QUININE BASE;QUININE;1;CHLORHYDRATE DE QUININE
51900;CIDOFOVIR ANHYDRE;1;CIDOFOVIR ANHYDRE;1;CIDOFOVIR DIHYDRATÉ
69540;SUGAMMADEX;1;SUGAMMADEX;1;SUGAMMADEX SODIQUE
31416;IRBÉSARTAN;1;IRBÉSARTAN;1;CHLORHYDRATE D'IRBÉSARTAN
20884;GLYCOPYRRONIUM;1;GLYCOPYRRONIUM;1;BROMURE DE GLYCOPYRRONIUM
17477;FENTANYL;1;FENTANYL;1;CITRATE DE FENTANYL
72723;CALCIUM ÉLÉMENT;1;CALCIUM ÉLÉMENT;4;CARBONATE DE CALCIUM;CALCIUM (ACÉTATE DE);CALCIUM (PHOSPHATE NEUTRE DE);CALCIUM (CHLORURE DE) CRISTALLISÉ
34909;SUFENTANIL;1;SUFENTANIL;1;CITRATE DE SUFENTANIL
4442;METFORMINE BASE;2;METFORMINE BASE;METFORMINE;2;METFORMINE (EMBONATE DE);CHLORHYDRATE DE METFORMINE
23918;LÉVOCABASTINE;2;LÉVOCABASTINE BASE;LÉVOCABASTINE;1;CHLORHYDRATE DE LÉVOCABASTINE
29337;TÉNOFOVIR DISOPROXIL;1;TÉNOFOVIR DISOPROXIL;4;MALÉATE DE TÉNOFOVIR DISOPROXIL;PHOSPHATE DE TÉNOFOVIR DISOPROXIL;FUMARATE DE TÉNOFOVIR DISOPROXIL;SUCCINATE DE TÉNOFOVIR DISOPROXIL
42537;ONDANSÉTRON;1;ONDANSÉTRON;1;CHLORHYDRATE D'ONDANSÉTRON DIHYDRATÉ
32611;TIOTROPIUM;2;TIOTROPIUM;TIOTROPIUM BASE;1;TIOTROPIUM (BROMURE DE) MONOHYDRATÉ
2019;HALOPÉRIDOL;1;HALOPÉRIDOL;1;HALOPÉRIDOL (DÉCANOATE D')
861;CHLORHYDRATE DE NALOXONE ANHYDRE;1;CHLORHYDRATE DE NALOXONE ANHYDRE;1;CHLORHYDRATE DE NALOXONE DIHYDRATÉ
620;QUINIDINE;2;QUINIDINE BASE;QUINIDINE;0
29335;SUNITINIB;1;SUNITINIB;1;MALATE DE SUNITINIB
622;RÉTINOL;2;RÉTINOL;VITAMINE A;1;CONCENTRAT DE VITAMINE A SYNTHÉTIQUE, FORME HUILEUSE
744;CINCHONIDINE BASE;1;CINCHONIDINE BASE;0
626;SALBUTAMOL;1;SALBUTAMOL;1;SULFATE DE SALBUTAMOL
89266;SUMATRIPTAN;1;SUMATRIPTAN;1;SUCCINATE DE SUMATRIPTAN
24418;CHLORHYDRATE DE THIAMINE ANHYDRE;1;CHLORHYDRATE DE THIAMINE ANHYDRE;1;CHLORHYDRATE DE THIAMINE
84160;SULFATE DE MAGNÉSIUM ANHYDRE;1;SULFATE DE MAGNÉSIUM ANHYDRE;0
91930;ZUCLOPENTHIXOL;1;ZUCLOPENTHIXOL;1;ZUCLOPENTHIXOL (DICHLORHYDRATE DE)
96027;NÉBIVOLOL BASE;1;NÉBIVOLOL BASE;1;CHLORHYDRATE DE NÉBIVOLOL
90720;BENZYDAMINE;1;BENZYDAMINE;1;CHLORHYDRATE DE BENZYDAMINE
23684;PÉMÉTREXED;1;PÉMÉTREXED;1;PÉMÉTREXED DISODIQUE
64438;LOSARTAN;1;LOSARTAN;1;LOSARTAN POTASSIQUE
62139;CLODRONATE DE SODIUM ANHYDRE;1;CLODRONATE DE SODIUM ANHYDRE;1;CLODRONATE DE SODIUM TÉTRAHYDRATÉ
73141;OLSALAZINE BASE;1;OLSALAZINE BASE;1;OLSALAZINE SODIQUE
95294;PALONOSÉTRON BASE;2;PALONOSÉTRON BASE;PALONOSÉTRON;1;PALONOSÉTRON (CHLORHYDRATE DE)
36528;APRACLONIDINE;2;APRACLONIDINE;APRACLONIDINE BASE;1;CHLORHYDRATE D'APRACLONIDINE
76541;LANTHANE;1;LANTHANE;1;CARBONATE DE LANTHANE HYDRATÉ
1178;L-ARGININE;1;L-ARGININE;1;CHLORHYDRATE DE L-ARGININE
76788;CILAZAPRIL ANHYDRE;1;CILAZAPRIL ANHYDRE;1;CILAZAPRIL MONOHYDRATÉ
37973;RIVASTIGMINE;2;RIVASTIGMINE;RIVASTIGMINE BASE;1;HYDROGÉNOTARTRATE DE RIVASTIGMINE
4689;AMYLASE FONGIQUE;1;AMYLASE FONGIQUE;0
84167;FRAMYCÉTINE;1;FRAMYCÉTINE;0
89971;ESCITALOPRAM;1;ESCITALOPRAM;1;OXALATE D'ESCITALOPRAM
91928;FOMÉPIZOLE;1;FOMÉPIZOLE;1;SULFATE DE FOMÉPIZOLE
53428;PANOBINOSTAT;1;PANOBINOSTAT;1;LACTATE DE PANOBINOSTAT ANHYDRE
38825;GOSÉRÉLINE BASE;1;GOSÉRÉLINE BASE;1;ACÉTATE DE GOSÉRÉLINE
5431;LIDOCAÏNE;1;LIDOCAÏNE;1;CHLORHYDRATE DE LIDOCAÏNE
46310;GLUCOSAMINE;1;GLUCOSAMINE;2;CHLORHYDRATE DE GLUCOSAMINE;SULFATE DE GLUCOSAMINE
3012;MAGNÉSIUM (OXYDE DE);1;MAGNÉSIUM (OXYDE DE);0
32273;ALIZAPRIDE;1;ALIZAPRIDE;1;CHLORHYDRATE D'ALIZAPRIDE
96013;CHLORHYDRATE D'AMILORIDE ANHYDRE;2;CHLORHYDRATE D'AMILORIDE ANHYDRE;AMILORIDE (CHLORHYDRATE D') ANHYDRE;1;CHLORHYDRATE D'AMILORIDE
25754;MAGALDRATE ANHYDRE;1;MAGALDRATE ANHYDRE;1;MAGALDRATE
2284;PYRIDOXINE;1;PYRIDOXINE;0
67717;SILDÉNAFIL;1;SILDÉNAFIL;1;CITRATE DE SILDÉNAFIL
3128;SENNOSIDES;1;SENNOSIDES;0
51254;OXYBUTYNINE BASE;1;OXYBUTYNINE BASE;1;CHLORHYDRATE D'OXYBUTYNINE
54643;DAUNORUBICINE;1;DAUNORUBICINE;1;CHLORHYDRATE DE DAUNORUBICINE
523;GÉLATINE ;1;GÉLATINE ;0
86579;RÉGORAFÉNIB;1;RÉGORAFÉNIB;1;RÉGORAFÉNIB MONOHYDRATÉ
54648;CALCIFÉDIOL ANHYDRE;1;CALCIFÉDIOL ANHYDRE;1;CALCIFÉDIOL MONOHYDRATÉ
889;BENZOYLE (PEROXYDE DE) ANHYDRE;2;BENZOYLE (PEROXYDE DE);BENZOYLE (PEROXYDE DE) ANHYDRE;1;PEROXYDE DE BENZOYLE HYDRATÉ
36874;VALGANCICLOVIR;1;VALGANCICLOVIR;1;CHLORHYDRATE DE VALGANCICLOVIR
769;DIOSMINE;1;DIOSMINE;0
4458;TRINITRINE;1;TRINITRINE;1;TRINITRINE (SOLUTION DE)
529;GLUCOSE ANHYDRE;1;GLUCOSE ANHYDRE;1;GLUCOSE MONOHYDRATÉ
36755;LANRÉOTIDE BASE;1;LANRÉOTIDE BASE;1;ACÉTATE DE LANRÉOTIDE
15954;INDINAVIR BASE;1;INDINAVIR BASE;1;INDINAVIR (SULFATE D')
1080;ADRÉNALINE;2;ADRÉNALINE BASE;ADRÉNALINE;1;TARTRATE D'ADRÉNALINE
62155;ROPINIROLE;2;ROPINIROLE;ROPINIROLE BASE;1;CHLORHYDRATE DE ROPINIROLE
4113;ACIDE PANTOTHÉNIQUE;1;ACIDE PANTOTHÉNIQUE;0
66638;BÉDAQUILINE;1;BÉDAQUILINE;1;FUMARATE DE BÉDAQUILINE
72074;MÉMANTINE;2;MÉMANTINE BASE;MÉMANTINE;1;CHLORHYDRATE DE MÉMANTINE
35415;TRAMADOL;2;TRAMADOL;TRAMADOL BASE;1;CHLORHYDRATE DE TRAMADOL
11448;CARBIDOPA;1;CARBIDOPA;0
35532;ACIDE ALENDRONIQUE;3;ALENDRONATE ACIDE ANHYDRE;ACIDE ALENDRONIQUE;ALENDRONIQUE (ACIDE);3;ALENDRONATE DE SODIUM ANHYDRE;ALENDRONATE DE SODIUM MONOHYDRATÉ;ALENDRONATE MONOSODIQUE TRIHYDRATÉ
2169;PREDNISOLONE;1;PREDNISOLONE;1;MÉTASULFOBENZOATE SODIQUE DE PREDNISOLONE
3379;MAGNÉSIUM (ACÉTATE DE);1;MAGNÉSIUM (ACÉTATE DE);0
52118;LÉVOTHYROXINE SODIQUE ANHYDRE;2;THYROXINE SODIQUE ANHYDRE;LÉVOTHYROXINE SODIQUE ANHYDRE;1;LÉVOTHYROXINE SODIQUE
50058;RALTÉGRAVIR;1;RALTÉGRAVIR;1;RALTÉGRAVIR POTASSIQUE
90615;PSEUDO-ÉPHÉDRINE;2;PSEUDOÉPHÉDRINE;PSEUDO-ÉPHÉDRINE;0
89752;FLUPENTIXOL BASE;1;FLUPENTIXOL BASE;1;FLUPENTIXOL (CHLORHYDRATE DE)
85033;FLUOR ÉLÉMENT;1;FLUOR ÉLÉMENT;1;FLUORURE DE SODIUM
63130;ACÉBUTOLOL BASE;2;ACÉBUTOLOL BASE;ACÉBUTOLOL;1;CHLORHYDRATE D'ACÉBUTOLOL
1090;ALIMÉMAZINE;1;ALIMÉMAZINE;1;TARTRATE D'ALIMÉMAZINE
62283;VINBLASTINE ANHYDRE;1;VINBLASTINE ANHYDRE;1;SULFATE DE VINBLASTINE
21497;CHLOROQUINE;1;CHLOROQUINE;1;SULFATE DE CHLOROQUINE
21374;ÉRIBULINE;1;ÉRIBULINE;1;MÉSILATE D'ÉRIBULINE
2067;HYDROCORTISONE;1;HYDROCORTISONE;3;HYDROCORTISONE (HÉMISUCCINATE SODIQUE D');ACÉTATE D'HYDROCORTISONE;HYDROCORTISONE (HYDROGÉNOSUCCINATE D')
96035;AZITHROMYCINE;2;AZITHROMYCINE;AZITHROMYCINE ANHYDRE;2;AZITHROMYCINE DIHYDRATÉE;AZITHROMYCINE MONOHYDRATÉE
72087;AMIFAMPRIDINE;1;AMIFAMPRIDINE;1;PHOSPHATE D'AMIFAMPRIDINE
420;CAFÉINE;1;CAFÉINE;0
53450;PRAZOSINE BASE;1;PRAZOSINE BASE;1;PRAZOSINE (CHLORHYDRATE DE)
30195;ÉNOXACINE ANHYDRE;1;ÉNOXACINE ANHYDRE;1;ÉNOXACINE SESQUIHYDRATÉ
544;HISTIDINE;1;HISTIDINE;0
77405;CYCLOPHOSPHAMIDE ANHYDRE;1;CYCLOPHOSPHAMIDE ANHYDRE;1;CYCLOPHOSPHAMIDE
6776;HYDROMORPHONE;1;HYDROMORPHONE;1;CHLORHYDRATE D'HYDROMORPHONE
549;IODE;1;IODE;10;IOPROMIDE;SODIUM (IOXITALAMATE DE);IOHEXOL;IOBITRIDOL;IOVERSOL;OEILLETTE (HUILE D') (ESTERS ÉTHYLIQUES DES ACIDES GRAS IODÉS DE L');IOMÉPROL;MÉGLUMINE (IOXITALAMATE DE);IOPAMIDOL;IODIXANOL
91811;CÉFOTIAM;1;CÉFOTIAM;1;CHLORHYDRATE DE CÉFOTIAM HEXÉTIL
12662;HYDROGÉNOPHOSPHATE DE SODIUM ANHYDRE;1;HYDROGÉNOPHOSPHATE DE SODIUM ANHYDRE;0
37703;MINOCYCLINE BASE;1;MINOCYCLINE BASE;1;CHLORHYDRATE DE MINOCYCLINE
44103;NALOXÉGOL;1;NALOXÉGOL;1;OXALATE DE NALOXÉGOL
46403;MILNACIPRAN;1;MILNACIPRAN;1;CHLORHYDRATE DE MILNACIPRAN
18055;CHLORHYDRATE DE MÉTOCLOPRAMIDE ANHYDRE;2;MÉTOCLOPRAMIDE (CHLORHYDRATE DE) ANHYDRE;CHLORHYDRATE DE MÉTOCLOPRAMIDE ANHYDRE;1;CHLORHYDRATE DE MÉTOCLOPRAMIDE
19022;SODIUM (DIHYDROGÉNOPHOSPHATE DE ) ANHYDRE;1;SODIUM (DIHYDROGÉNOPHOSPHATE DE ) ANHYDRE;0
64114;MANGANÈSE;1;MANGANÈSE;3;MANGANÈSE (GLUCONATE DE);MANGANÈSE (GLUCONATE DE) DIHYDRATÉ;MANGANÈSE (SULFATE DE) MONOHYDRATÉ
2074;HYDROXOCOBALAMINE;1;HYDROXOCOBALAMINE;1;ACÉTATE D'HYDROXOCOBALAMINE
44109;DABRAFÉNIB;1;DABRAFÉNIB;1;MÉSILATE DE DABRAFÉNIB
50073;SOMATORÉLINE BASE;1;SOMATORÉLINE BASE;1;SOMATORÉLINE (ACÉTATE DE)
76589;ENTÉCAVIR;1;ENTÉCAVIR;1;ENTÉCAVIR MONOHYDRATÉ
8846;CYAMÉMAZINE BASE;1;CYAMÉMAZINE BASE;1;TARTRATE DE CYAMÉMAZINE
44580;AVIBACTAM;1;AVIBACTAM;0
41187;NINTÉDANIB;1;NINTÉDANIB;1;ÉSILATE DE NINTÉDANIB
44214;LOXAPINE BASE;1;LOXAPINE BASE;1;SUCCINATE DE LOXAPINE
47604;GENTAMICINE;1;GENTAMICINE;1;GENTAMICINE (SULFATE DE)
80945;ROLAPITANT;1;ROLAPITANT;1;CHLORHYDRATE DE ROLAPITANT MONOHYDRATÉ
18063;MÉTHYLERGOMÉTRINE BASE;1;MÉTHYLERGOMÉTRINE BASE;1;MALÉATE DE MÉTHYLERGOMÉTRINE
22322;TAPENTADOL;1;TAPENTADOL;1;CHLORHYDRATE DE TAPENTADOL
23654;TOBRAMYCINE;1;TOBRAMYCINE;1;TOBRAMYCINE (SULFATE DE)
563;LYSINE;2;L-LYSINE;LYSINE;0
31269;DEXRAZOXANE;1;DEXRAZOXANE;1;CHLORHYDRATE DE DEXRAZOXANE
5348;CUIVRE;1;CUIVRE;1;CUIVRE (GLUCONATE DE)
11673;URAPIDIL;1;URAPIDIL;1;URAPIDIL (CHLORHYDRATE D')
15911;CIBENZOLINE;1;CIBENZOLINE;1;CIBENZOLINE (SUCCINATE DE)
33207;ROSUVASTATINE;1;ROSUVASTATINE;2;ROSUVASTATINE CALCIQUE;ROSUVASTATINE ZINCIQUE
34537;MÉTHYLDOPA ANHYDRE;1;MÉTHYLDOPA ANHYDRE;1;MÉTHYLDOPA SESQUIHYDRATÉ
66431;CIPROFLOXACINE;1;CIPROFLOXACINE;2;CHLORHYDRATE DE CIPROFLOXACINE;SULFATE DE CIPROFLOXACINE
47834;ATOSIBAN;2;ATOSIBAN;ATOSIBAN BASE;1;ACÉTATE D'ATOSIBAN
2092;IBUPROFÈNE;1;IBUPROFÈNE;1;IBUPROFÈNE (LYSINATE D')
48800;FLUOXÉTINE BASE;2;FLUOXÉTINE BASE;FLUOXÉTINE;1;CHLORHYDRATE DE FLUOXÉTINE
5363;SÉLÉNIUM;1;SÉLÉNIUM;2;SÉLÉNO LEVURE;SÉLÉNITE DE SODIUM
44322;OCTRÉOTIDE;1;OCTRÉOTIDE;1;ACÉTATE D'OCTRÉOTIDE
80978;BROMURE D'IPRATROPIUM ANHYDRE;2;IPRATROPIUM (BROMURE D') ANHYDRE;BROMURE D'IPRATROPIUM ANHYDRE;1;IPRATROPIUM (BROMURE D') MONOHYDRATÉ
17061;CEFPODOXIME;1;CEFPODOXIME;1;CEFPODOXIME PROXÉTIL
98145;TRÉPROSTINIL;1;TRÉPROSTINIL;1;TRÉPROSTINIL SODIQUE
78780;ZICONOTIDE;1;ZICONOTIDE;1;ZICONOTIDE (ACÉTATE DE)
54693;CLOPIDOGREL;2;CLOPIDOGREL;CLOPIDOGREL BASE;4;HYDROGÉNOSULFATE DE CLOPIDOGREL;BROMHYDRATE DE CLOPIDOGREL MONOHYDRATÉ;CLOPIDOGREL (CHLORHYDRATE DE);BÉSILATE DE CLOPIDOGREL
29165;NALMÉFÈNE;1;NALMÉFÈNE;1;CHLORHYDRATE DE NALMÉFÈNE DIHYDRATÉ
56635;CHLORHYDRATE DE LIDOCAÏNE ANHYDRE;1;CHLORHYDRATE DE LIDOCAÏNE ANHYDRE;1;CHLORHYDRATE DE LIDOCAÏNE
82801;PYRANTEL BASE;1;PYRANTEL BASE;1;EMBONATE DE PYRANTEL
78789;SACUBITRIL;1;SACUBITRIL;0
54459;BUPRÉNORPHINE;1;BUPRÉNORPHINE;1;CHLORHYDRATE DE BUPRÉNORPHINE
42140;RUXOLITINIB;1;RUXOLITINIB;1;PHOSPHATE DE RUXOLITINIB
78429;CÉLIPROLOL;1;CÉLIPROLOL;1;CHLORHYDRATE DE CÉLIPROLOL
32109;CYPROHEPTADINE;1;CYPROHEPTADINE;1;CHLORHYDRATE DE CYPROHEPTADINE
89551;TIAPRIDE BASE;1;TIAPRIDE BASE;1;TIAPRIDE (CHLORHYDRATE DE)
25936;PHOSPHATE DE CODÉINE ANHYDRE;1;PHOSPHATE DE CODÉINE ANHYDRE;0
91861;THIOPHÈNECARBOXYLATE;1;THIOPHÈNECARBOXYLATE;1;TÉNOATE DE SODIUM
21697;PIPÉRAQUINE (TÉTRAPHOSPHATE DE);1;PIPÉRAQUINE (TÉTRAPHOSPHATE DE);0
44437;ROPIVACAÏNE BASE;2;ROPIVACAÏNE;ROPIVACAÏNE BASE;1;CHLORHYDRATE DE ROPIVACAÏNE
33543;INDACATÉROL;1;INDACATÉROL;1;INDACATÉROL (MALÉATE D')
13835;CLOXACILLINE;1;CLOXACILLINE;1;CLOXACILLINE SODIQUE MONOHYDRATÉE
34630;ESTRAMUSTINE PHOSPHATE;1;ESTRAMUSTINE PHOSPHATE;1;ESTRAMUSTINE (PHOSPHATE DISODIQUE D') MONOHYDRATÉ
467;CODÉINE;1;CODÉINE;2;CODÉINE (PHOSPHATE DE) HÉMIHYDRATÉ;CAMPHOSULFONATE DE CODÉINE
30272;POTASSIUM;1;POTASSIUM;3;CHLORURE DE POTASSIUM;POTASSIUM (GLUCONATE DE);POTASSIUM (TARTRATE DE) NEUTRE
589;MYRTÉCAÏNE;1;MYRTÉCAÏNE;0
32693;ERTAPÉNEM;1;ERTAPÉNEM;1;ERTAPÉNEM SODIQUE
5005;PIPÉMIDIQUE (ACIDE);1;PIPÉMIDIQUE (ACIDE);1;PIPÉMIDIQUE (ACIDE) TRIHYDRATÉ
5248;AMOXICILLINE ANHYDRE;3;AMOXICILLINE;AMOXICILLINE BASE;AMOXICILLINE ANHYDRE;2;AMOXICILLINE SODIQUE;AMOXICILLINE TRIHYDRATÉE
76119;LOPÉRAMIDE BASE;2;LOPÉRAMIDE BASE;LOPÉRAMIDE;1;CHLORHYDRATE DE LOPÉRAMIDE
63050;ÉLIGLUSTAT;1;ÉLIGLUSTAT;1;TARTRATE D'ÉLIGLUSTAT
94369;HEXYL AMINOLÉVULINATE;1;HEXYL AMINOLÉVULINATE;1;CHLORHYDRATE D'HEXYL AMINOLÉVULINATE
73427;DEXTROMÉTHORPHANE BASE;1;DEXTROMÉTHORPHANE BASE;1;BROMHYDRATE DE DEXTROMÉTHORPHANE
9745;NORADRÉNALINE;1;NORADRÉNALINE;1;TARTRATE DE NORADRÉNALINE
70278;ALISKIRÈNE;1;ALISKIRÈNE;1;HÉMIFUMARATE D'ALISKIRÈNE
4179;DIPROPIONATE DE BÉCLOMÉTASONE;1;DIPROPIONATE DE BÉCLOMÉTASONE;1;DIPROPIONATE DE BÉCLOMÉTASONE MONOHYDRATÉ
4171;OXYDE DE BISMUTH;1;OXYDE DE BISMUTH;0
477;CYSTÉINE;1;CYSTÉINE;0
36246;FENTICONAZOLE BASE;1;FENTICONAZOLE BASE;1;NITRATE DE FENTICONAZOLE
15304;LISINOPRIL ANHYDRE;2;LISINOPRIL ANHYDRE;LISINOPRIL;1;LISINOPRIL DIHYDRATÉ
82384;CÉFUROXIME;1;CÉFUROXIME;2;CÉFUROXIME SODIQUE;CÉFUROXIME AXÉTIL
47372;CASPOFUNGINE BASE;2;CASPOFUNGINE BASE;CASPOFUNGINE;1;ACÉTATE DE CASPOFUNGINE 
51528;DORZOLAMIDE;2;DORZOLAMIDE BASE;DORZOLAMIDE;1;CHLORHYDRATE DE DORZOLAMIDE
17723;OLANZAPINE;1;OLANZAPINE;1;OLANZAPINE (PAMOATE D') MONOHYDRATÉ
54913;LAPATINIB;1;LAPATINIB;1;DITOSILATE DE LAPATINIB MONOHYDRATÉ
45072;AMINOLÉVULINATE DE MÉTHYLE;1;AMINOLÉVULINATE DE MÉTHYLE;1;CHLORHYDRATE DE MÉTHYL AMINOLÉVULINATE
11;ACIDE CITRIQUE ANHYDRE;1;ACIDE CITRIQUE ANHYDRE;0
36592;DICLOFÉNAC;1;DICLOFÉNAC;1;DICLOFÉNAC SODIQUE
4186;CALCIUM (ACÉTATE DE);1;CALCIUM (ACÉTATE DE);0
72101;DULOXÉTINE;2;DULOXÉTINE;DULOXÉTINE BASE;1;CHLORHYDRATE DE DULOXÉTINE
35143;BIVALIRUDINE;1;BIVALIRUDINE;1;BIVALIRUDINE (TRIFLUOROACÉTATE DE) HYDRATÉ
27775;RILPIVIRINE;1;RILPIVIRINE;1;CHLORHYDRATE DE RILPIVIRINE
92297;BROMOCRIPTINE BASE;1;BROMOCRIPTINE BASE;1;MÉSILATE DE BROMOCRIPTINE
65817;ÉLÉTRIPTAN;1;ÉLÉTRIPTAN;1;BROMHYDRATE D'ÉLÉTRIPTAN
65807;NALOXONE BASE;1;NALOXONE BASE;0
35029;FROVATRIPTAN BASE;2;FROVATRIPTAN;FROVATRIPTAN BASE;1;SUCCINATE DE FROVATRIPTAN MONOHYDRATÉ
26562;PIZOTIFÈNE BASE;1;PIZOTIFÈNE BASE;1;MALATE DE PIZOTIFÈNE
51891;PAROXÉTINE BASE;1;PAROXÉTINE BASE;3;CHLORHYDRATE DE PAROXÉTINE HÉMIHYDRATÉ;PAROXÉTINE (MÉSILATE DE);CHLORHYDRATE DE PAROXÉTINE ANHYDRE
83586;ELTROMBOPAG;1;ELTROMBOPAG;1;ELTROMBOPAG OLAMINE
26322;VENLAFAXINE;1;VENLAFAXINE;1;CHLORHYDRATE DE VENLAFAXINE
51895;RHÉNIUM;1;RHÉNIUM;1;RHÉNIUM (HEPTASULFURE DE)
48694;THIAMINE;1;THIAMINE;0
13013;CALCIPOTRIOL;1;CALCIPOTRIOL;1;CALCIPOTRIOL MONOHYDRATÉ
69050;CÉFOXITINE;1;CÉFOXITINE;1;CÉFOXITINE SODIQUE
69055;MIGALASTAT;1;MIGALASTAT;1;CHLORHYDRATE DE MIGALASTAT
49416;CEFTAZIDIME ANHYDRE;1;CEFTAZIDIME ANHYDRE;1;CEFTAZIDIME PENTAHYDRATÉE
7587;MÉGLUMINE;1;MÉGLUMINE;0
97658;BISOPROLOL;1;BISOPROLOL;1;FUMARATE DE BISOPROLOL
8554;SODIUM (PERTECHNÉTATE [99M TC] DE);1;SODIUM (PERTECHNÉTATE [99M TC] DE);1;SODIUM (MOLYBDATE (VI) [99 MO] DE)
62794;VINFLUNINE;1;VINFLUNINE;1;DITARTRATE DE VINFLUNINE
64851;TAMSULOSINE;1;TAMSULOSINE;1;CHLORHYDRATE DE TAMSULOSINE
35254;CHLORE ACTIF;1;CHLORE ACTIF;2;SODIUM (HYPOCHLORITE DE), SOLUTION D';SOLUTION AQUEUSE D'HYPOCHLORITE DE SODIUM ET DE CHLORURE DE SODIUM
57088;CITALOPRAM BASE;2;CITALOPRAM;CITALOPRAM BASE;2;BROMHYDRATE DE CITALOPRAM;CHLORHYDRATE DE CITALOPRAM
493;ÉPHÉDRINE;1;ÉPHÉDRINE;0
38643;DOCÉTAXEL ANHYDRE;1;DOCÉTAXEL ANHYDRE;1;DOCÉTAXEL TRIHYDRATÉ
38524;PANTOPRAZOLE;1;PANTOPRAZOLE;2;PANTOPRAZOLE SODIQUE ANHYDRE;PANTOPRAZOLE SODIQUE SESQUIHYDRATÉ
15401;KETOTIFÈNE BASE;2;KETOTIFÈNE;KETOTIFÈNE BASE;1;KETOTIFÈNE (FUMARATE DE)
37314;RISÉDRONATE MONOSODIQUE ANHYDRE;1;RISÉDRONATE MONOSODIQUE ANHYDRE;3;RISÉDRONATE MONOSODIQUE MONOHYDRATÉ;RISÉDRONATE MONOSODIQUE HÉMIPENTAHYDRATÉ;RISÉDRONATE MONOSODIQUE
36349;BÉTAXOLOL BASE;1;BÉTAXOLOL BASE;1;BÉTAXOLOL (CHLORHYDRATE DE)
46261;TIROFIBAN;1;TIROFIBAN;1;CHLORHYDRATE DE TIROFIBAN MONOHYDRATÉ
45293;DESMOPRESSINE;1;DESMOPRESSINE;1;DESMOPRESSINE (ACÉTATE DE) TRIHYDRATÉ
31;L-ALANINE;1;L-ALANINE;0
73219;PIXANTRONE;1;PIXANTRONE;1;PIXANTRONE  (DIMALÉATE DE)
98616;SPECTINOMYCINE;1;SPECTINOMYCINE;1;SPECTINOMYCINE (DICHLORHYDRATE DE)
93168;GRANISÉTRON BASE;1;GRANISÉTRON BASE;1;CHLORHYDRATE DE GRANISÉTRON
37;DICLOFÉNAC SODIQUE;1;DICLOFÉNAC SODIQUE;2;ÉPOLAMINE DE DICLOFÉNAC;DICLOFÉNAC DE DIÉTHYLAMINE
64860;ALMOTRIPTAN;1;ALMOTRIPTAN;1;D,L-HYDROGÉNOMALATE D'ALMOTRIPTAN
39841;VORTIOXÉTINE;1;VORTIOXÉTINE;1;BROMHYDRATE DE VORTIOXÉTINE
35243;TACALCITOL;1;TACALCITOL;1;TACALCITOL MONOHYDRATÉ
23156;LÉVOBUPIVACAÏNE;1;LÉVOBUPIVACAÏNE;1;CHLORHYDRATE DE LÉVOBUPIVACAÏNE
25336;PIROXICAM;1;PIROXICAM;1;PIROXICAM-BÉTACYCLODEXTRINE (COMPLEXE)
72481;TERBINAFINE;1;TERBINAFINE;1;CHLORHYDRATE DE TERBINAFINE
381;PHÉNYTOÏNE SODIQUE;1;PHÉNYTOÏNE SODIQUE;1;FOSPHÉNYTOÏNE SODIQUE HEPTAHYDRATÉ
93286;CLAVULANIQUE (ACIDE);2;ACIDE CLAVULANIQUE;CLAVULANIQUE (ACIDE);0
41924;BUSÉRÉLINE;1;BUSÉRÉLINE;1;BUSÉRÉLINE (ACÉTATE DE)
71030;NILOTINIB;1;NILOTINIB;1;CHLORHYDRATE DE NILOTINIB MONOHYDRATÉ
141;DACARBAZINE;1;DACARBAZINE;1;CITRATE DE DACARBAZINE
28847;DARUNAVIR;1;DARUNAVIR;1;ÉTHANOLATE DE DARUNAVIR
76710;DEXMÉDÉTOMIDINE;1;DEXMÉDÉTOMIDINE;1;CHLORHYDRATE DE DEXMÉDÉTOMIDINE
1807;ÉTHINYLESTRADIOL;1;ÉTHINYLESTRADIOL;0
14446;FUROATE DE MOMÉTASONE;1;FUROATE DE MOMÉTASONE;1;FUROATE DE MOMÉTASONE MONOHYDRATÉ
39727;AMLODIPINE;1;AMLODIPINE;1;BÉSILATE D'AMLODIPINE
69076;P A S SODIQUE ANHYDRE;1;P A S SODIQUE ANHYDRE;1;AMINOSALICYLATE DE SODIUM DIHYDRATÉ
36680;BOSUTINIB;1;BOSUTINIB;1;BOSUTINIB MONOHYDRATÉ
75648;ACIDE URIDINE-5' TRIPHOSPHORIQUE SEL TRISODIQUE ANHYDRE;1;ACIDE URIDINE-5' TRIPHOSPHORIQUE SEL TRISODIQUE ANHYDRE;1;SODIUM (URIDINE 5'-TRIPHOSPHATE DE) (TRISODIQUE) DIHYDRATÉ
27729;ACIDE CROMOGLYCIQUE;1;ACIDE CROMOGLYCIQUE;1;SODIUM (CROMOGLICATE DE)
98525;BORTÉZOMIB;1;BORTÉZOMIB;1;ESTER BORONIQUE DE MANNITOL
97435;CABOZANTINIB;1;CABOZANTINIB;1;(S)-MALATE DE CABOZANTINIB
49632;RANITIDINE BASE;2;RANITIDINE BASE;RANITIDINE;1;RANITIDINE (CHLORHYDRATE DE)
62454;RÉGADÉNOSON;1;RÉGADÉNOSON;1;RÉGADÉNOSON MONOHYDRATÉ
35232;CEFTRIAXONE BASE;2;CEFTRIAXONE;CEFTRIAXONE BASE;2;CEFTRIAXONE SODIQUE ANHYDRE;CEFTRIAXONE SODIQUE
63303;CÉFALOTINE;1;CÉFALOTINE;1;CÉFALOTINE SODIQUE
4090;CARBIDOPA ANHYDRE;1;CARBIDOPA ANHYDRE;0
23247;IVABRADINE;1;IVABRADINE;2;CHLORHYDRATE D'IVABRADINE;OXALATE D'IVABRADINE
87878;OSIMERTINIB;1;OSIMERTINIB;1;MÉSYLATE D'OSIMERTINIB
76741;SÉVÉLAMER BASE;1;SÉVÉLAMER BASE;1;CHLORHYDRATE DE SÉVÉLAMER
22273;AMIKACINE;2;AMIKACINE;AMIKACINE BASE;1;SULFATE D'AMIKACINE
85211;FINGOLIMOD;1;FINGOLIMOD;1;CHLORHYDRATE DE FINGOLIMOD
11144;ÉCONAZOLE BASE;1;ÉCONAZOLE BASE;1;NITRATE D'ÉCONAZOLE
86542;ALECTINIB;1;ALECTINIB;1;CHLORHYDRATE D'ALECTINIB
83397;SAPROPTÉRINE;1;SAPROPTÉRINE;1;DICHLORHYDRATE DE SAPROPTÉRINE
94037;NICOTINE;1;NICOTINE;3;NICOTINE (RÉSINATE DE);BITARTRATE DE NICOTINE DIHYDRATÉ;NICOTINE-BÉTADEX (COMPLEXE)
74569;DOBUTAMINE BASE;1;DOBUTAMINE BASE;1;CHLORHYDRATE DE DOBUTAMINE
59;TRIPHOSADÉNINE;1;TRIPHOSADÉNINE;1;TRIPHOSADÉNINE SODIQUE
23014;BAZÉDOXIFÈNE;1;BAZÉDOXIFÈNE;0
62228;PARÉCOXIB;1;PARÉCOXIB;1;PARÉCOXIB SODIQUE
65738;ACIDE MYCOPHÉNOLIQUE;1;ACIDE MYCOPHÉNOLIQUE;1;MYCOPHÉNOLATE SODIQUE
93066;TOPOTÉCANE;1;TOPOTÉCANE;1;CHLORHYDRATE DE TOPOTÉCANE
34378;ATRACURIUM;1;ATRACURIUM;1;BÉSILATE D'ATRACURIUM
23010;RUPATADINE;1;RUPATADINE;1;FUMARATE DE RUPATADINE
25310;LODOXAMIDE;1;LODOXAMIDE;1;LODOXAMIDE TROMÉTAMOL
51332;COBALT;1;COBALT;1;COBALT (GLUCONATE DE)
60167;MÉROPÉNEM ANHYDRE;2;MÉROPÉNEM ANHYDRE;MÉROPÉNEM;1;MÉROPÉNEM TRIHYDRATÉ
45263;ISAVUCONAZOLE;1;ISAVUCONAZOLE;1;SULFATE D'ISAVUCONAZONIUM
46472;DRONÉDARONE;1;DRONÉDARONE;1;DRONÉDARONE (CHLORHYDRATE DE)
39704;NARATRIPTAN;1;NARATRIPTAN;1;CHLORHYDRATE DE NARATRIPTAN
78915;QUINAGOLIDE;1;QUINAGOLIDE;1;CHLORHYDRATE DE QUINAGOLIDE
1823;CHLORHYDRATE DE THIAMINE;1;CHLORHYDRATE DE THIAMINE;0
27707;OXACILLINE BASE;1;OXACILLINE BASE;1;OXAZOCILLINE
98428;ANTIMOINE;1;ANTIMOINE;1;ANTIMONIATE DE MÉGLUMINE
8477;ARGENT;1;ARGENT;1;NITRATE D'ARGENT
47554;PRAMIPEXOLE BASE;2;PRAMIPEXOLE;PRAMIPEXOLE BASE;1;PRAMIPEXOLE (DICHLORHYDRATE DE) MONOHYDRATÉ
62114;ACIDE GADOTÉRIQUE;1;ACIDE GADOTÉRIQUE;1;GADOTÉRATE DE MÉGLUMINE
73366;CÉFAMANDOLE BASE;1;CÉFAMANDOLE BASE;1;CÉFAMANDOLE (NAFATE DE)
291;FÉNOPROFÈNE;1;FÉNOPROFÈNE;1;FÉNOPROFÈNE CALCIUM
25648;DORIPÉNEM;1;DORIPÉNEM;1;DORIPÉNEM MONOHYDRATÉ
24316;CARPIPRAMINE BASE;1;CARPIPRAMINE BASE;1;CARPIPRAMINE (DICHLORHYDRATE DE)
32069;ASÉNAPINE;1;ASÉNAPINE;1;MALÉATE D'ASÉNAPINE
52431;PÉRINDOPRIL;1;PÉRINDOPRIL;3;PÉRINDOPRIL TERT-BUTYLAMINE;PÉRINDOPRIL ARGININE;TOSILATE DE PÉRINDOPRIL
87533;QUINAPRIL BASE;1;QUINAPRIL BASE;1;CHLORHYDRATE DE QUINAPRIL
83177;IMIDAPRIL BASE;1;IMIDAPRIL BASE;1;CHLORHYDRATE D'IMIDAPRIL
1837;TÉTRACYCLINE;1;TÉTRACYCLINE;1;LYMÉCYCLINE
7277;LEUPRORÉLINE;1;LEUPRORÉLINE;1;ACÉTATE DE LEUPRORÉLINE
45002;NAFARÉLINE BASE;1;NAFARÉLINE BASE;1;ACÉTATE DE NAFARÉLINE
65875;CÉFACLOR ANHYDRE;1;CÉFACLOR ANHYDRE;1;CÉFACLOR
73377;DEXAMÉTHASONE (PHOSPHATE DE);3;PHOSPHATE DE DEXAMÉTHASONE;DEXAMÉTHASONE (PHOSPHATE DE);DEXAMÉTHASONE PHOSPHATE;1;PHOSPHATE SODIQUE DE DEXAMÉTHASONE
95386;BAMIFYLLINE BASE;1;BAMIFYLLINE BASE;1;CHLORHYDRATE DE BAMIFYLLINE
26622;ACIDE 5-AMINOLÉVULINIQUE;1;ACIDE 5-AMINOLÉVULINIQUE;1;CHLORHYDRATE DE L'ACIDE 5-AMINOLÉVULINIQUE
27713;PITOLISANT;1;PITOLISANT;1;CHLORHYDRATE DE PITOLISANT
87402;GRAZOPRÉVIR;1;GRAZOPRÉVIR;0
1608;DEXAMÉTHASONE;1;DEXAMÉTHASONE;1;ACÉTATE DE DEXAMÉTHASONE
54502;CANGRÉLOR;1;CANGRÉLOR;1;CANGRÉLOR TÉTRASODIQUE
12225;MÉTHYLPHÉNIDATE;1;MÉTHYLPHÉNIDATE;1;CHLORHYDRATE DE MÉTHYLPHÉNIDATE
15734;VALSARTAN;1;VALSARTAN;0
2934;TESTOSTÉRONE;1;TESTOSTÉRONE;1;TESTOSTÉRONE (UNDÉCANOATE DE)
6197;TRIPTORÉLINE;1;TRIPTORÉLINE;2;ACÉTATE DE TRIPTORÉLINE;TRIPTORÉLINE (EMBONATE DE)
94401;CHLORHYDRATE DE BENDAMUSTINE;1;CHLORHYDRATE DE BENDAMUSTINE;1;BENDAMUSTINE (CHLORHYDRATE DE) MONOHYDRATÉ
39476;ÉPOPROSTÉNOL;1;ÉPOPROSTÉNOL;1;ÉPOPROSTÉNOL SODIQUE
94406;SIMÉPRÉVIR;1;SIMÉPRÉVIR;1;SIMÉPRÉVIR SODIQUE
39357;BOSENTAN;2;BOSENTAN BASE;BOSENTAN;1;BOSENTAN MONOHYDRATÉ
93678;RALOXIFÈNE;2;RALOXIFÈNE;RALOXIFÈNE BASE;1;CHLORHYDRATE DE RALOXIFÈNE
17561;PRUCALOPRIDE;1;PRUCALOPRIDE;1;PRUCALOPRIDE SUCCINATE
96701;ÉTHACRIDINE BASE;1;ÉTHACRIDINE BASE;0
42406;SERTRALINE BASE;2;SERTRALINE;SERTRALINE BASE;1;CHLORHYDRATE DE SERTRALINE
44707;GLYCÉROPHOSPHATE DE SODIUM ANHYDRE;1;GLYCÉROPHOSPHATE DE SODIUM ANHYDRE;0
21825;ÉPROSARTAN;1;ÉPROSARTAN;1;MÉSILATE D'ÉPROSARTAN
94881;MAGNÉSIUM;1;MAGNÉSIUM;8;CARBONATE DE MAGNÉSIUM;MAGNÉSIUM (OXYDE DE) LÉGER;MAGNÉSIUM (PIDOLATE DE);LACTATE DE MAGNÉSIUM DIHYDRATÉ;MAGNÉSIUM (GLUCONATE DE);MAGNÉSIUM (GLUCONATE DE) DIHYDRATÉ;ASPARTATE DE MAGNÉSIUM DIHYDRATÉ;CHLORURE DE MAGNÉSIUM HEXAHYDRATÉ
195;CÉFADROXIL;2;CÉFADROXIL;CEFÉFADROXIL ANHYDRE;1;CÉFADROXIL MONOHYDRATÉ
31750;TIPIRACIL;1;TIPIRACIL;0
59885;BÉCLOMÉTASONE BASE;1;BÉCLOMÉTASONE BASE;1;DIPROPIONATE DE BÉCLOMÉTASONE
27488;FLUNARIZINE;1;FLUNARIZINE;1;FLUNARIZINE (DICHLORHYDRATE DE)
60630;GANIRÉLIX;1;GANIRÉLIX;1;ACÉTATE DE GANIRÉLIX
2709;LACTULOSE;1;LACTULOSE;1;LACTULOSE LIQUIDE
72608;OLOPATADINE BASE;1;OLOPATADINE BASE;1;CHLORHYDRATE D'OLOPATADINE
26391;MICAFUNGINE;1;MICAFUNGINE;1;MICAFUNGINE SODIQUE
2825;PHÉNOBARBITAL;1;PHÉNOBARBITAL;1;PHÉNOBARBITAL SODIQUE
36192;VALACICLOVIR;1;VALACICLOVIR;3;CHLORHYDRATE DE VALACICLOVIR MONOHYDRATÉ;CHLORHYDRATE DIHYDRATÉ DE VALACICLOVIR;CHLORHYDRATE DE VALACICLOVIR
16484;HORMONE FOLLICULO STIMULANTE ;1;HORMONE FOLLICULO STIMULANTE ;0
7055;DOXYCYCLINE HYDRATÉE;1;DOXYCYCLINE HYDRATÉE;1;DOXYCYCLINE (HYCLATE DE)
89043;LINCOMYCINE;1;LINCOMYCINE;1;LINCOMYCINE (CHLORHYDRATE DE)
20740;SITAGLIPTINE;1;SITAGLIPTINE;1;PHOSPHATE DE SITAGLIPTINE MONOHYDRATÉ
91006;MONOSULFURE DE SODIUM ANHYDRE;1;MONOSULFURE DE SODIUM ANHYDRE;0
70320;DONÉPÉZIL BASE;2;DONÉPÉZIL BASE;DONÉPÉZIL;1;CHLORHYDRATE DE DONÉPÉZIL
73952;IRINOTÉCAN;1;IRINOTÉCAN;1;IRINOTÉCAN (CHLORHYDRATE D') TRIHYDRATÉ
16245;SÉLÉGILINE BASE;1;SÉLÉGILINE BASE;1;SÉLÉGILINE (CHLORHYDRATE DE)
56262;DALBAVANCINE;1;DALBAVANCINE;1;CHLORHYDRATE DE DALBAVANCINE
79481;AZTRÉONAM;1;AZTRÉONAM;1;AZTRÉONAM DE LYSINE
55294;BISMUTH;1;BISMUTH;2;BISMUTH (NITRATE DE) PENTAHYDRATÉ;BISMUTH (GLUCONATE DE)
1745;DISOPYRAMIDE;1;DISOPYRAMIDE;1;DISOPYRAMIDE (PHOSPHATE DE)
27375;SAXAGLIPTINE;1;SAXAGLIPTINE;1;CHLORHYDRATE DE SAXAGLIPTINE
19757;CÉFAZOLINE BASE;2;CÉFAZOLINE;CÉFAZOLINE BASE;1;CÉFAZOLINE SODIQUE
49385;IMIPÉNEM ANHYDRE;1;IMIPÉNEM ANHYDRE;0
33803;CHLORHYDRATE DE DONÉPÉZIL;1;CHLORHYDRATE DE DONÉPÉZIL;1;CHLORHYDRATE DE DONÉPÉZIL MONOHYDRATÉ
48296;CLINDAMYCINE BASE;2;CLINDAMYCINE BASE;CLINDAMYCINE;2;CLINDAMYCINE (CHLORHYDRATE DE) HYDRATÉ;CLINDAMYCINE (PHOSPHATE DE)
2836;PHÉNOXYMÉTHYLPÉNICILLINE;2;PHÉNOXYMÉTHYLPÉNICILLINE;PENICILLINE V;1;BENZATHINE PHÉNOXYMÉTHYLPÉNICILLINE
32833;GALANTAMINE;1;GALANTAMINE;1;BROMHYDRATE DE GALANTAMINE
73705;LOMÉFLOXACINE BASE;1;LOMÉFLOXACINE BASE;1;CHLORHYDRATE DE LOMÉFLOXACINE
41891;PRALIDOXIME;1;PRALIDOXIME;1;PRALIDOXIME (MÉTHYLSULFATE DE)
20950;PIPAMPÉRONE BASE;1;PIPAMPÉRONE BASE;1;PIPAMPÉRONE (CHLORHYDRATE DE)
70453;DÉGARÉLIX;1;DÉGARÉLIX;1;DÉGARÉLIX (ACÉTATE DE)
15487;TICARCILLINE BASE;1;TICARCILLINE BASE;1;TICARCILLINE SODIQUE
41652;TOLTÉRODINE BASE;1;TOLTÉRODINE BASE;1;TARTRATE DE TOLTÉRODINE
59781;VARÉNICLINE;1;VARÉNICLINE;1;VARÉNICLINE (TARTRATE DE)
29404;IXAZOMIB;1;IXAZOMIB;1;CITRATE D'IXAZOMIB
85948;CORTICORÉLINE (HUMAINE);1;CORTICORÉLINE (HUMAINE);1;CORTICORÉLINE (HUMAINE) SYNTHÉTIQUE (TRIFLUOROACÉTATE DE)
55062;TÉMOCILLINE;1;TÉMOCILLINE;1;TÉMOCILLINE DISODIQUE
82447;DABIGATRAN ÉTEXILATE BASE;1;DABIGATRAN ÉTEXILATE BASE;1;DABIGATRAN ÉTEXILATE (MÉSILATE DE)
81234;LÉVOFLOXACINE;1;LÉVOFLOXACINE;1;LÉVOFLOXACINE HÉMIHYDRATÉE
2969;DIMÉTICONE;1;DIMÉTICONE;0
30646;DEXKÉTOPROFÈNE;1;DEXKÉTOPROFÈNE;1;DEXKÉTOPROFÈNE TROMÉTAMOL
15009;TIMOLOL BASE;2;TIMOLOL BASE;TIMOLOL;1;TIMOLOL (MALÉATE DE)
2726;LÉVOMÉPROMAZINE;1;LÉVOMÉPROMAZINE;2;CHLORHYDRATE DE LÉVOMÉPROMAZINE;MALÉATE ACIDE DE LÉVOMÉPROMAZINE
2725;GLUTAMINE;1;GLUTAMINE;0
93203;RADIUM (223RA);1;RADIUM (223RA);1;RADIUM (223RA) (DICHLORURE DE)
69478;ANAGRÉLIDE;1;ANAGRÉLIDE;1;CHLORHYDRATE D'ANAGRÉLIDE MONOHYDRATÉ
67056;ACIDE L FOLINIQUE;2;ACIDE LÉVOFOLINIQUE;ACIDE L FOLINIQUE;3;CALCIUM (LÉVOFOLINATE DE);LÉVOFOLINATE CALCIQUE PENTAHYDRATÉ;LÉVOFOLINATE DISODIQUE
41881;ACIDE ZOLÉDRONIQUE ANHYDRE;1;ACIDE ZOLÉDRONIQUE ANHYDRE;1;ACIDE ZOLÉDRONIQUE MONOHYDRATÉ
61992;AFATINIB;1;AFATINIB;1;DIMALÉATE D'AFATINIB
77086;TACROLIMUS ANHYDRE;2;TACROLIMUS ANHYDRE;TACROLIMUS;1;TACROLIMUS MONOHYDRATÉ
1525;CHOLÉCALCIFÉROL;3;COLÉCALCIFÉROL;CHOLÉCALCIFÉROL;VITAMINE D3;0
3946;ORNITHINE;1;ORNITHINE;0
1522;ÉTHYLMORPHINE;1;ÉTHYLMORPHINE;0
42608;THIOPENTAL SODIQUE;1;THIOPENTAL SODIQUE;1;THIOPENTAL ET CARBONATE SODIQUES
81461;CINACALCET;1;CINACALCET;1;CHLORHYDRATE DE CINACALCET
31844;ABACAVIR BASE;2;ABACAVIR;ABACAVIR BASE;1;ABACAVIR (SULFATE D')
14251;NÉOMYCINE;1;NÉOMYCINE;0
39792;COBIMÉTINIB;1;COBIMÉTINIB;1;HÉMIFUMARATE DE COBIMÉTINIB
26478;TAZOBACTAM;1;TAZOBACTAM;0
28416;VANCOMYCINE BASE;2;VANCOMYCINE;VANCOMYCINE BASE;1;CHLORHYDRATE DE VANCOMYCINE
58472;ADÉFOVIR;1;ADÉFOVIR;1;ADÉFOVIR DIPIVOXIL
26590;AMOROLFINE BASE;1;AMOROLFINE BASE;1;CHLORHYDRATE D'AMOROLFINE
84525;AMPICILLINE ANHYDRE;2;AMPICILLINE ANHYDRE;AMPICILLINE BASE;2;AMPICILLINE SODIQUE;AMPICILLINE TRIHYDRATÉE
82348;PAZOPANIB;1;PAZOPANIB;1;PAZOPANIB (CHLORHYDRATE DE)
38467;BRIMONIDINE;1;BRIMONIDINE;1;TARTRATE DE BRIMONIDINE
39799;TOFACITINIB;1;TOFACITINIB;1;CITRATE DE TOFACITINIB
17407;ÉSOMÉPRAZOLE;1;ÉSOMÉPRAZOLE;4;ÉSOMÉPRAZOLE SODIQUE;ÉSOMÉPRAZOLE MAGNÉSIQUE TRIHYDRATÉ;ÉSOMÉPRAZOLE MAGNÉSIQUE DIHYDRATÉ;ÉSOMÉPRAZOLE MAGNÉSIQUE
49595;CÉFÉPIME;1;CÉFÉPIME;1;CÉFÉPIME (DICHLORHYDRATE DE) MONOHYDRATÉ
19944;PALIPÉRIDONE;1;PALIPÉRIDONE;1;PALMITATE DE PALIPÉRIDONE
2506;NOSCAPINE;1;NOSCAPINE;0
71699;D-ALPHA-TOCOPHÉROL;1;D-ALPHA-TOCOPHÉROL;1;TOCOFERSOLAN
59696;GANCICLOVIR;1;GANCICLOVIR;1;GANCICLOVIR SODIQUE
59691;QUÉTIAPINE;1;QUÉTIAPINE;1;FUMARATE DE QUÉTIAPINE
46190;IODE [123 I];1;IODE [123 I];1;SULFATE D'IOBENGUANE
1786;BÊTA-ESTRADIOL;4;17BÊTA-ESTRADIOL;ESTRADIOL;ESTRADIOL ANHYDRE;BÊTA-ESTRADIOL;1;BÊTA-ESTRADIOL HÉMIHYDRATÉ
26361;NAFTIDROFURYL;1;NAFTIDROFURYL;1;OXALATE ACIDE DE NAFTIDROFURYL
27570;ATAZANAVIR;1;ATAZANAVIR;1;ATAZANAVIR (SULFATE D')
1785;ÉRYTHROMYCINE BASE;2;ÉRYTHROMYCINE;ÉRYTHROMYCINE BASE;4;ÉRYTHROMYCINE DIHYDRATÉE;PROPIONATE D'ÉRYTHROMYCINE;LACTOBIONATE D'ÉRYTHROMYCINE;ÉRYTHROMYCINE (ÉTHYLSUCCINATE D')
2873;SULFAFURAZOL;1;SULFAFURAZOL;0
28784;SAQUINAVIR;1;SAQUINAVIR;1;SAQUINAVIR (MÉSILATE DE)
51856;GLATIRAMÈRE;2;GLATIRAMÈRE;GLATIRAMÈRE BASE;1;ACÉTATE DE GLATIRAMÈRE
50405;MITOXANTRONE BASE;2;MITOXANTRONE;MITOXANTRONE BASE;1;CHLORHYDRATE DE MITOXANTRONE
53913;TÉRAZOSINE BASE;1;TÉRAZOSINE BASE;1;TÉRAZOSINE (CHLORHYDRATE DE) DIHYDRATÉ
3605;TYROSINE;1;TYROSINE;0
18747;KÉTAMINE BASE;2;KÉTAMINE;KÉTAMINE BASE;1;KÉTAMINE (CHLORHYDRATE DE)
96648;ZOFÉNOPRIL;1;ZOFÉNOPRIL;1;ZOFÉNOPRIL CALCIQUE
99915;ACIDE RISÉDRONIQUE;2;ACIDE RISÉDRONIQUE;RISÉDRONIQUE (ACIDE);3;RISÉDRONATE MONOSODIQUE ANHYDRE;RISÉDRONATE MONOSODIQUE HÉMIPENTAHYDRATÉ;RISÉDRONATE MONOSODIQUE
41851;BISULFATE DE QUININE ANHYDRE;1;BISULFATE DE QUININE ANHYDRE;0
3860;HESPÉRIDINE;1;HESPÉRIDINE;0
79190;PROCARBAZINE;1;PROCARBAZINE;1;CHLORHYDRATE DE PROCARBAZINE
24277;IBANDRONIQUE (ACIDE);2;ACIDE IBANDRONIQUE;IBANDRONIQUE (ACIDE);1;IBANDRONIQUE (ACIDE), SEL MONOSODIQUE, MONOHYDRATÉ
40522;SONIDÉGIB;1;SONIDÉGIB;1;PHOSPHATE DE SONIDÉGIB
40521;PHLOROGLUCINOL ANHYDRE;1;PHLOROGLUCINOL ANHYDRE;1;PHLOROGLUCINOL HYDRATÉ
72550;SOLIFÉNACINE;1;SOLIFÉNACINE;1;SUCCINATE DE SOLIFÉNACINE
83209;TIAGABINE ANHYDRE;1;TIAGABINE ANHYDRE;1;TIAGABINE (CHLORHYDRATE DE) MONOHYDRATÉ
43910;PASIRÉOTIDE;1;PASIRÉOTIDE;2;DIASPARTATE DE PASIRÉOTIDE;PAMOATE DE PASIRÉOTIDE
94100;FOSAMPRÉNAVIR;1;FOSAMPRÉNAVIR;1;FOSAMPRÉNAVIR CALCIQUE
29848;SCOPOLAMINE;1;SCOPOLAMINE;1;BROMHYDRATE DE SCOPOLAMINE
94583;CYSTÉAMINE;2;CYSTÉAMINE;MERCAPTAMINE;2;CHLORHYDRATE DE MERCAPTAMINE;BITARTRATE DE MERCAPTAMINE
83337;GADOLINIUM;1;GADOLINIUM;2;GADOPENTÉTATE DE DIMÉGLUMINE;GADOBUTROL
85999;HORMONE LUTÉINISANTE HUMAINE ;1;HORMONE LUTÉINISANTE HUMAINE ;0
85516;CÉFOTAXIME BASE;2;CÉFOTAXIME;CÉFOTAXIME BASE;1;CÉFOTAXIME SODIQUE
85758;TRIMIPRAMINE BASE;1;TRIMIPRAMINE BASE;2;MÉSILATE DE TRIMIPRAMINE;TRIMIPRAMINE (MALÉATE ACIDE DE)
19809;ATORVASTATINE;1;ATORVASTATINE;2;ATORVASTATINE CALCIQUE TRIHYDRATÉE;ATORVASTATINE CALCIQUE
81034;DIHYDROERGOTAMINE BASE;1;DIHYDROERGOTAMINE BASE;1;DIHYDROERGOTAMINE (MÉSILATE DE)
23186;ICATIBANT;1;ICATIBANT;1;ACÉTATE D'ICATIBANT
24033;KRYPTON [81M KR];1;KRYPTON [81M KR];1;RUBIDIUM [81 RB] (CHLORURE DE)
1430;CHLORPROMAZINE;1;CHLORPROMAZINE;1;CHLORPROMAZINE (CHLORHYDRATE DE)
28630;CEFTOBIPROLE;1;CEFTOBIPROLE;1;CEFTOBIPROLE MÉDOCARIL SODIQUE
49334;HEPTAMINOL;1;HEPTAMINOL;1;HEPTAMINOL (CHLORHYDRATE D')
80180;NÉVIRAPINE ANHYDRE;1;NÉVIRAPINE ANHYDRE;1;NÉVIRAPINE HÉMIHYDRATÉE
38447;STREPTOMYCINE BASE;1;STREPTOMYCINE BASE;1;STREPTOMYCINE (SULFATE DE)
15686;MORPHINE;1;MORPHINE;1;MORPHINE (SULFATE DE)
85750;RÉMIFENTANIL BASE;2;RÉMIFENTANYL;RÉMIFENTANIL BASE;1;CHLORHYDRATE DE RÉMIFENTANIL
69380;SULFATE DE ZINC ANHYDRE;1;SULFATE DE ZINC ANHYDRE;0
19922;NUSINERSEN;1;NUSINERSEN;1;NUSINERSEN SODIQUE
75817;AZÉLASTINE;1;AZÉLASTINE;1;CHLORHYDRATE D'AZÉLASTINE
74746;OSÉLTAMIVIR;1;OSÉLTAMIVIR;1;PHOSPHATE D'OSÉLTAMIVIR
98937;TÉNOFOVIR ALAFÉNAMIDE;1;TÉNOFOVIR ALAFÉNAMIDE;0
35166;TAMOXIFÈNE BASE;2;TAMOXIFÈNE BASE;TAMOXIFÈNE;1;CITRATE DE TAMOXIFÈNE
25017;MIVACURIUM;1;MIVACURIUM;1;MIVACURIUM (CHLORURE DE)
96751;SAMARIUM [153 SM];1;SAMARIUM [153 SM];1;SAMARINIUM [153 SM] LEXIDRONAM PENTASODIUM
64818;RASAGILINE;1;RASAGILINE;3;MÉSILATE DE RASAGILINE;TARTRATE DE RASAGILINE;BÉSILATE DE RASAGILINE
25252;VALPROÏQUE (ACIDE);2;VALPROÏQUE (ACIDE);ACIDE VALPROÏQUE;1;SODIUM (DIVALPROATE DE)
87921;BROMFÉNAC;1;BROMFÉNAC;1;BROMFÉNAC SODIQUE SESQUIHYDRATÉ
51513;CHLORURE DE CALCIUM ANHYDRE;1;CHLORURE DE CALCIUM ANHYDRE;0
5922;ALFENTANIL;1;ALFENTANIL;1;ALFENTANIL (CHLORHYDRATE D')
4713;OXYDE D'ALUMINIUM;2;OXYDE D'ALUMINIUM;ALUMINIUM (OXYDE D');1;HYDROXYDE D'ALUMINIUM
14129;PÉFLOXACINE;1;PÉFLOXACINE;1;PÉFLOXACINE (MÉSILATE DE) DIHYDRATÉ
