2;L-ALANINE|8,20 g;GLUTAMINE|13,46 g
1;MILNACIPRAN|43,55 mg
1;BÊTA-ESTRADIOL|2,00 mg
1;OCTRÉOTIDE|10 mg
1;TÉNOFOVIR DISOPROXIL|123 mg
1;SOMATOSTATINE|0,250 mg
1;LOPÉRAMIDE BASE|1,858 mg
1;NUSINERSEN|12 mg
1;GLUCOSE ANHYDRE|2,50 g
1;TÉNOFOVIR DISOPROXIL|204 mg
1;SÉLÉNIUM|19 microgrammes
2;CHLORHYDRATE DE BUPIVACAÏNE ANHYDRE|5,000 mg;ADRÉNALINE|0,0050 mg
1;BRIMONIDINE|3,3 mg
1;CÉFIXIME ANHYDRE|0,32 g
1;NÉVIRAPINE ANHYDRE|10 mg
1;CASPOFUNGINE BASE|50 mg
1;SALBUTAMOL|2,5 mg
1;VANCOMYCINE BASE|125 mg
1;ARGENT|0,640 mg
1;ACIDE HYDROXY-4 BUTYRIQUE|200 mg
1;BUPRÉNORPHINE|4,00 mg
1;METFORMINE BASE|662,9 mg
1;PALIPÉRIDONE|50 mg
1;AFATINIB|20 mg
1;LEUPRORÉLINE|5 mg
1;CARBIDOPA ANHYDRE|18,75 mg
1;ALIMÉMAZINE|5,000 mg
1;GLUCOSE ANHYDRE|2,5 g
2;LACTATE DE SODIUM ANHYDRE|0,310 g;CHLORURE DE CALCIUM ANHYDRE|0,015 g
1;BOSUTINIB|100 mg
1;TOPOTÉCANE|1 mg
1;FOSFOMYCINE|
1;VINORELBINE|10 mg
2;CUIVRE|3,150 mg;ARGENT|1,068 mg
1;RIVASTIGMINE|4,5 mg
1;ICATIBANT|30 mg
1;CHLORHYDRATE DE ROPIVACAÏNE ANHYDRE|10 mg
1;KETOTIFÈNE BASE|0,25 mg
1;OXYCODONE|27 mg
1;DIMÉTICONE|125,00 mg
1;SAPROPTÉRINE|77 mg
1;BROMFÉNAC|0,9 mg
1;BÉCLOMÉTASONE BASE|314 microgrammes
1;ACIDE L FOLINIQUE|25 mg
1;CYPROHEPTADINE|4,00 mg
1;MICAFUNGINE|100 mg
1;TRAMÉTINIB|0,5 mg
1;LOXAPINE BASE|50 mg
1;TAMOXIFÈNE BASE|20 mg
1;MÉTHYLPHÉNIDATE|4,35 mg
1;DACLATASVIR|60 mg
1;LACTULOSE|66,5 g
1;BÉDAQUILINE|100 mg
1;ACIDE 5-AMINOLÉVULINIQUE|1,17 g
1;DAPOXÉTINE|60 mg
1;BUSÉRÉLINE|6,30 mg
1;DOCÉTAXEL ANHYDRE|160 mg
1;ATAZANAVIR|300 mg
1;SOUFRE|0,122 mg
1;VALPROÏQUE (ACIDE)|250,00 mg
1;ACIDE L FOLINIQUE|50,00 mg
1;GLUCOSE ANHYDRE|38,6 g
1;ALECTINIB|150 mg
1;PIPÉRAQUINE (TÉTRAPHOSPHATE DE)|320 mg
1;CÉFÉPIME|0,500 g
1;SILDÉNAFIL|10 mg
1;BOSENTAN|62,50 mg
2;MÉGLUMINE|195 mg;ACIDE GADOBÉNIQUE|334 mg
1;HYDROCORTISONE|0,5 g
1;CITALOPRAM BASE|40 mg
1;P A S SODIQUE ANHYDRE|1,659 g
2;CLAVULANIQUE (ACIDE)|50 mg;AMOXICILLINE ANHYDRE|500 mg
1;SAXAGLIPTINE|2,5 mg
1;CHLORHYDRATE DE THIAMINE ANHYDRE|500 mg
1;URAPIDIL|5 mg
1;CÉFÉPIME|0,5 g
1;TACROLIMUS ANHYDRE|1 mg
1;LISINOPRIL ANHYDRE|5,000 mg
1;PÉRINDOPRIL|3,34 mg
1;VALACICLOVIR|500,0 mg
1;CAFÉINE|9,15 mg
1;CHLOROQUINE|0,500 g
1;LOXAPINE BASE|25 mg
1;DOXAZOSINE|8 mg
1;PANOBINOSTAT|15 mg
1;RÉMIFENTANIL BASE|2,0 mg
1;IRBÉSARTAN|75 mg
1;LERCANIDIPINE|18,8 mg
3;GLUCOSE ANHYDRE|25 g;LYSINE|0,36 g;CYSTÉINE|0,07 g
1;PALIPÉRIDONE|25 mg
1;INDACATÉROL|0,150 mg
1;LEUPRORÉLINE|28,58 mg
1;SILDÉNAFIL|75 mg
1;ONDANSÉTRON|2,00 mg
1;ROLAPITANT|90 mg
1;COBALT|0,029 mg
1;OXYCODONE|35,9 mg
1;GEMCITABINE|100 mg
1;BÊTA-ESTRADIOL|1,000 mg
1;SAFINAMIDE|100 mg
1;CARBIDOPA ANHYDRE|31,25 mg
1;BENSÉRAZIDE BASE|50,00 mg
1;LANTHANE|250 mg
1;MIDAZOLAM|5 mg
2;GLUCOSE ANHYDRE|160 g;LYSINE|2,32 g
1;CIPROFLOXACINE|200 mg
1;PRAZOSINE BASE|5 mg
1;ACIDE FOLINIQUE|200 mg
1;LÉVOCABASTINE|0,05 g
1;ÉLÉTRIPTAN|20 mg
1;LACTATE DE SODIUM ANHYDRE|0,31 g
1;PARÉCOXIB|40 mg
1;ESCITALOPRAM|5 mg
1;RANITIDINE BASE|50 mg
1;ENTÉCAVIR|0,5 mg
1;RUPATADINE|1 mg
1;GLUCOSE ANHYDRE|0,1 g
1;ERLOTINIB|150 mg
1;BÊTA-ESTRADIOL|2 mg
1;JOSAMYCINE BASE|500 mg
1;GLUCOSE ANHYDRE|5,0 g
2;CALCIUM ÉLÉMENT|600 mg;CHOLÉCALCIFÉROL|400 UI ou 10 microgrammes
1;ACÉBUTOLOL BASE|500 mg
1;CÉFUROXIME|250 mg
1;CHLOROQUINE|100,00 mg
1;MÉMANTINE|16,62 mg
1;AMINOLÉVULINATE DE MÉTHYLE|168 mg
1;KÉTAMINE BASE|50,00 mg
1;CYCLOPHOSPHAMIDE ANHYDRE|1000,00 mg
1;QUINAGOLIDE|0,0750 mg
1;VANCOMYCINE BASE|1000 mg
1;IXAZOMIB|3 mg
1;ROPINIROLE|0,25 mg
1;FLUDROCORTISONE|50 microgrammes
1;PÉMÉTREXED|500 mg
1;TOFACITINIB|5 mg
1;MAGNÉSIUM|75 mg
2;GLUCOSE ANHYDRE|500 g;LACTATE DE SODIUM ANHYDRE|4,72 g
1;TRÉPROSTINIL|10 mg
1;RANITIDINE BASE|150,00 mg
1;PYRANTEL BASE|125 mg
1;KETOTIFÈNE BASE|0,250 mg
1;GEMCITABINE|1000 mg
1;CALCIUM ÉLÉMENT|1,8641 g
1;ZINC|15 mg
1;CALCIFÉDIOL ANHYDRE|15,0 mg
1;ANTIMOINE|0,4050 g
1;ZOFÉNOPRIL|7,20 mg
1;ACIDE ACÉTYLSALICYLIQUE|100 mg
1;D-ALPHA-TOCOPHÉROL|50 mg
1;FENTICONAZOLE BASE|175,7 mg
1;ATRACURIUM|7,5 mg
2;AMLODIPINE|10 mg;PÉRINDOPRIL|3,395 mg
1;DIHYDROCODÉINE|40 mg
1;DORZOLAMIDE|20 mg
1;PRAMIPEXOLE BASE|1,05 mg
1;ACIDE ZOLÉDRONIQUE ANHYDRE|0,8 mg
1;TICARCILLINE BASE|5 g
1;QUINAPRIL BASE|20,0 mg
1;AZITHROMYCINE|40 mg
1;CODÉINE|14,93 mg
1;TACROLIMUS ANHYDRE|0,75 mg
1;POTASSIUM|8 mmol
1;PRASUGREL|10 mg
1;JOSAMYCINE BASE|250 mg
1;PÉRINDOPRIL|6,79 mg
1;OXYCODONE|26,9 mg
1;BORTÉZOMIB|1 mg
1;DOBUTAMINE BASE|250 mg
1;FUROATE DE MOMÉTASONE|50 microgrammes
1;MYRTÉCAÏNE|1,25 mg
2;INDACATÉROL|110 microgrammes;GLYCOPYRRONIUM|50 microgrammes
1;DIHYDROERGOTAMINE BASE|4,30 mg
2;ADRÉNALINE|0,0170 mg;ARTICAÏNE BASE|60,2800 mg
1;SALMÉTÉROL BASE|50 microgrammes
1;TERBINAFINE|250 mg
1;LIDOCAÏNE|5,0000 g
1;FLUOXÉTINE BASE|400 mg
1;VORTIOXÉTINE|20 mg
1;NÉBIVOLOL BASE|5,00 mg
1;LÉVOMÉPROMAZINE|25,00 mg
1;CLINDAMYCINE BASE|300 mg
1;PYRANTEL BASE|125,0 mg
1;LÉVOCABASTINE|0,050 g
1;DULOXÉTINE|60 mg
1;NICOTINE|1,50 mg
1;THÉOPHYLLINE ANHYDRE|300 mg
2;CLAVULANIQUE (ACIDE)|125 mg;AMOXICILLINE ANHYDRE|1000 mg
2;AMLODIPINE|10 mg;PÉRINDOPRIL|6,7 mg
2;CLAVULANIQUE (ACIDE)|100 mg;AMOXICILLINE ANHYDRE|1 g
1;DESMOPRESSINE|134 microgrammes
1;LYSINE|3,19 g
1;OXYCODONE|45 mg
1;PHÉNOBARBITAL|200 mg
2;GLUCOSE ANHYDRE|150 g;LYSINE|1,700 g
2;ACIDE ALENDRONIQUE|70 mg;CHOLÉCALCIFÉROL|140 microgrammes (5600 UI)
2;LERCANIDIPINE|18,88 mg;ÉNALAPRIL|15,29 mg
3;MANGANÈSE|1,33 mg;CUIVRE|0,70 mg;FER|50 mg
1;TRAMADOL|200 mg
1;ATOSIBAN|6,75 mg
1;DICLOFÉNAC SODIQUE|1 g
1;ÉRYTHROMYCINE BASE|250 mg
1;LÉVOTHYROXINE SODIQUE ANHYDRE|137 microgrammes
3;AMLODIPINE|10 mg;ATORVASTATINE|20 mg;PÉRINDOPRIL|6,79 mg
1;RISÉDRONATE MONOSODIQUE ANHYDRE|35 mg
1;DIGLUCONATE DE CHLORHEXIDINE|0,1200 g
1;MAGNÉSIUM|120,00 mg
1;PHLOROGLUCINOL ANHYDRE|166,7 mg
1;PRAMIPEXOLE BASE|2,1 mg
1;ERLOTINIB|100 mg
1;CÉFOXITINE|2 g
1;ADRÉNALINE|0,50 mg
1;OXYCODONE|9 mg
1;CÉFOTIAM|200,00 mg
1;ERLOTINIB|25 mg
1;THIOPENTAL SODIQUE|470 mg
1;ASCORBIQUE (ACIDE)|0,3 g
1;CASPOFUNGINE BASE|70 mg
1;VORTIOXÉTINE|15 mg
1;BÉTAMÉTHASONE|4,00 mg
1;BÊTA-ESTRADIOL|1,25 mg
1;ALIMÉMAZINE|4 g
1;VINORELBINE|30 mg
1;ISAVUCONAZOLE|100 mg
1;CIPROFLOXACINE|0,300 g
1;DOLUTÉGRAVIR|10 mg
1;ÉRYTHROMYCINE BASE|500 mg
1;ÉTELCALCÉTIDE|10 mg
1;OXYCODONE|17,9 mg
1;PANOBINOSTAT|20 mg
1;RUXOLITINIB|10 mg
1;CEFTRIAXONE BASE|500,00 mg
1;STREPTOMYCINE BASE|1 g
1;SERTRALINE BASE|50 mg
1;OCTRÉOTIDE|30 mg
1;ADRÉNALINE|1 mg
1;NICOTINE|2,5 mg
1;BÉTAXOLOL BASE|0,25 g
1;CUIVRE|0,031 mg
1;OSIMERTINIB|80 mg
1;IRBÉSARTAN|150 mg
1;TAMSULOSINE|0,367 mg
1;TIAPRIDE BASE|100,00 mg
4;QUININE|120 mg;QUINIDINE|3,3 mg;CINCHONIDINE BASE|0,85 mg;CINCHONINE|0,85 mg
1;SALBUTAMOL|5,0 mg
1;CALCIPOTRIOL|0,005 g
1;TIMOLOL BASE|0,625 mg
1;RANÉLATE DE STRONTIUM ANHYDRE|2 g
1;ÉTHINYLESTRADIOL|0,02 mg
1;ACIDE GADOBÉNIQUE|334 mg
1;CÉFUROXIME|500 mg
1;PHOSPHATE DE CODÉINE ANHYDRE|20 mg
1;ACIDE RISÉDRONIQUE|27,80 mg
1;THIOPENTAL SODIQUE|0,94 g
1;OTÉRACIL|11,8 mg
1;BOSENTAN|62,5 mg
1;TIPIRACIL|6,14 mg
1;BÉTAXOLOL BASE|0,50 g
1;TACROLIMUS ANHYDRE|5 mg
1;GEMCITABINE|1 g
1;PITOLISANT|17,8 mg
1;PRALIDOXIME|2,000 g
1;ADRÉNALINE|0,005 mg
1;FENTANYL|0,100 mg
1;BUPRÉNORPHINE|1 mg
1;LANRÉOTIDE BASE|90 mg
1;RIVASTIGMINE|6 mg
1;ACIDE GADOTÉRIQUE|1,397 mg
2;RILPIVIRINE|25 mg;TÉNOFOVIR DISOPROXIL|245 mg
1;VILANTÉROL|22 microgrammes
1;FOSFOMYCINE|3 g
1;PASIRÉOTIDE|0,6 mg
1;PÉRINDOPRIL|6,676 mg
1;PALIPÉRIDONE|263 mg
1;MIDAZOLAM|1 mg
1;AZITHROMYCINE|250 mg
1;OXYCODONE|8,96 mg
1;DABIGATRAN ÉTEXILATE BASE|110 mg
1;PRAZOSINE BASE|5,00 mg
1;LOPRAZOLAM|1 mg
1;SOLIFÉNACINE|7,5 mg
1;IODE|37 g
1;CINACALCET|90 mg
1;PRAZOSINE BASE|1 mg
1;SILDÉNAFIL|100 mg
1;LITHIUM|10,8 mEq
1;CÉFOTAXIME BASE|2 g
3;GLUCOSE ANHYDRE|150 g;LYSINE|1,29 g;CYSTÉINE|0,23 g
1;CISATRACURIUM|5 mg
1;GLUCOSE ANHYDRE|18,2 g
1;BOSENTAN|32 mg
1;TIAGABINE ANHYDRE|15 mg
1;MANGANÈSE|0,1 mg
1;BROMOCRIPTINE BASE|5 mg
1;DOXYCYCLINE BASE|100 mg
1;ROSUVASTATINE|10 mg
1;OXYDE DE BISMUTH|40 mg
1;RUPATADINE|10 mg
1;PONATINIB|45 mg
1;ACÉBUTOLOL BASE|4 g
1;ALISKIRÈNE|300 mg
1;DIGLUCONATE DE CHLORHEXIDINE|0,120 g
1;IODE|25 g
1;AZTRÉONAM|75 mg
1;IODE|30,0000 g
1;ZUCLOPENTHIXOL|10 mg
1;DIGLUCONATE DE CHLORHEXIDINE|3 mg
1;SOMATOSTATINE|3 mg
1;RANITIDINE BASE|75,00 mg
2;GLUCOSE ANHYDRE|100 g;LYSINE|1,62 g
1;MIVACURIUM|20,00 mg
1;AMPICILLINE ANHYDRE|1 g
1;ZOFÉNOPRIL|14,30 mg
1;PRAMIPEXOLE BASE|0,7 mg
1;MANGANÈSE|0,027 mg
2;SULBACTAM|0,500 g;AMPICILLINE ANHYDRE|1,000 g
1;GLUCOSE ANHYDRE|13,6 g
1;PROCARBAZINE|50,0 mg
2;CLAVULANIQUE (ACIDE)|200 mg;AMOXICILLINE ANHYDRE|2 g
2;CLAVULANIQUE (ACIDE)|12,5 mg;AMOXICILLINE ANHYDRE|100 mg
1;CÉFADROXIL|1 g
1;ERTAPÉNEM|1,0 g
1;MILNACIPRAN|21,77 mg
1;BENSÉRAZIDE BASE|12,50 mg
2;LIDOCAÏNE|3,2457g;FLUDROCORTISONE|0,09 g
1;BÉTAMÉTHASONE|5,0 mg
1;RISÉDRONATE MONOSODIQUE ANHYDRE|5 mg
1;BOSENTAN|125 mg
1;CIBENZOLINE|130,00 mg
1;PICLOXYDINE BASE|0,0434 g
1;VENLAFAXINE|37,500 mg
1;ÉTELCALCÉTIDE|2,5 mg
1;CÉFUROXIME|1,5 g
1;BUPRÉNORPHINE|1,00 mg
1;TRIPTORÉLINE|22,5 mg
1;PRAMIPEXOLE BASE|0,26 mg
1;LYSINE|900 mg
1;MÉTHYLDOPA ANHYDRE|500 mg
1;DOXYCYCLINE BASE|50 mg
1;BENZOYLE (PEROXYDE DE) ANHYDRE|5 g
1;DORIPÉNEM|500 mg
1;GENTAMICINE|3000 UI
1;TIPIRACIL|8,19 mg
1;ÉTHACRIDINE BASE|0,00469 g
2;LACTATE DE SODIUM ANHYDRE|0,3360 g;GÉLATINE |3,0000 g
1;CIPROFLOXACINE|400 mg
1;L-ARGININE|13,5562 g
1;ALMOTRIPTAN|12,50 mg
1;LANTHANE|750 mg
2;DIGLUCONATE DE CHLORHEXIDINE|0,200 g;CHLORURE DE BENZALKONIUM|0,500 g
1;IODE|35,0000 g
1;TÉNOFOVIR DISOPROXIL|245 mg
1;DABIGATRAN ÉTEXILATE BASE|75 mg
1;GOSÉRÉLINE BASE|10,8 mg
1;FENTANYL|1 mg
1;TIMOLOL BASE|1 mg
2;CALCIPOTRIOL|50 microgrammes;BÉTAMÉTHASONE|0,500 mg
1;ÉLÉTRIPTAN|40 mg
1;DOCÉTAXEL ANHYDRE|80 mg
2;GLUCOSE ANHYDRE|37,5 g;LYSINE|0,425 g
3;GLUCOSE ANHYDRE|40 g;LYSINE|1,03 g;ORNITHINE|0,23 g
1;ROPINIROLE|2 mg
1;BRIMONIDINE|1,3 mg
1;AMOXICILLINE ANHYDRE|125 mg
4;CALCIUM ÉLÉMENT|100 mg;MAGNÉSIUM|100 mg;ZINC|10 mg;ACIDE PANTOTHÉNIQUE|23 mg
1;FENTANYL|1600 microgrammes
1;CHLORHYDRATE DE DONÉPÉZIL|5 mg
1;IODE|370 mg
1;CHLORHYDRATE DE NALOXONE ANHYDRE|0,4 mg
1;FENTANYL|1000 microgrammes
2;ADRÉNALINE|0,0085 mg;ARTICAÏNE BASE|60,277 mg
1;RANITIDINE BASE|300 mg
1;GADOLINIUM|157,25 mg
1;VALPROÏQUE (ACIDE)|500 mg
1;CANGRÉLOR|50 mg
2;LERCANIDIPINE|9,44 mg;ÉNALAPRIL|15,29 mg
1;ZOFÉNOPRIL|28,7 mg
2;HYDROGÉNOPHOSPHATE DE SODIUM ANHYDRE|9,54 g;SODIUM (DIHYDROGÉNOPHOSPHATE DE ) ANHYDRE|41,74 g
3;GLUCOSE ANHYDRE|120 g;HISTIDINE|1,2 g;LYSINE|2,18 g
1;NICOTINE|2,0 mg
1;SUMATRIPTAN|6 mg
1;LÉVOTHYROXINE SODIQUE ANHYDRE|175 microgrammes
1;LANRÉOTIDE BASE|120 mg
1;TRAMADOL|32,94 mg
1;FENTANYL|67 microgrammes
3;ZINC|5 mg;SÉLÉNIUM|100 microgrammes;ASCORBIQUE (ACIDE)|200 mg
1;CÉFIXIME ANHYDRE|0,80 g
1;GLUCOSE ANHYDRE|1,0 g
1;CODÉINE|0,100 g
1;TRAMÉTINIB|2 mg
1;BROMOCRIPTINE BASE|5,000 mg
1;BÊTA-ESTRADIOL|1,50 mg
1;PONATINIB|15 mg
1;CEFTAZIDIME ANHYDRE|250 mg
1;BÉTAMÉTHASONE|0,5000 mg
2;NALOXONE BASE|2 mg;BUPRÉNORPHINE|8 mg
2;CLAVULANIQUE (ACIDE)|125,00 mg;AMOXICILLINE ANHYDRE|1000 mg
1;MAGNÉSIUM|0,012 mg
1;GANCICLOVIR|500 mg
1;PHLOROGLUCINOL ANHYDRE|62,233 mg
2;MAGNÉSIUM (ACÉTATE DE)|0,0426 g;CALCIUM (ACÉTATE DE)|0,0237 g
1;CARBIDOPA ANHYDRE|50,00 mg
1;CALCIUM ÉLÉMENT|500,00 mg
2;ACIDE ALENDRONIQUE|70 mg;CHOLÉCALCIFÉROL|140 microgrammes (5 600 UI)
1;CALCIUM ÉLÉMENT|1000 mg
3;AMLODIPINE|5 mg;ATORVASTATINE|20 mg;PÉRINDOPRIL|6,79 mg
1;BÊTA-ESTRADIOL|1,500 mg
1;CÉFOTIAM|200 mg
1;TÉRAZOSINE BASE|5 mg
1;CLINDAMYCINE BASE|1 g
1;IODE|300 mg
1;URAPIDIL|25,00 mg
1;ACIDE ALENDRONIQUE|70,000 mg
1;AMITRIPTYLINE|50 mg
1;ATOSIBAN|37,5 mg
1;ACIDE FOLINIQUE|5 mg
1;DISOPYRAMIDE|250 mg
1;IVABRADINE|7,50 mg
1;FER|100 mg
1;DIGLUCONATE DE CHLORHEXIDINE|0,100 g
1;OCTRÉOTIDE|0,5 mg
1;KRYPTON [81M KR]|70 - 740 MBq
1;GLUCOSE ANHYDRE|30,3 g
1;VENLAFAXINE|225 mg
1;OXYCODONE|18,00 mg
1;GRANISÉTRON BASE|3,00 mg
1;QUÉTIAPINE|50 mg
1;IODE|30 g
1;ADÉFOVIR|5,45 mg
1;CARBIDOPA ANHYDRE|5 mg
1;CHLORHYDRATE DE MÉTOCLOPRAMIDE ANHYDRE|10 mg
1;SUFENTANIL|50 microgrammes
1;CHLORURE DE BENZALKONIUM|0,0125 g
2;ADRÉNALINE|0,017 mg;ARTICAÏNE BASE|60,277 mg
1;CLODRONATE DE SODIUM ANHYDRE|300 mg
1;NIRAPARIB|100 mg
1;GLUCOSE ANHYDRE|3 g
1;ATORVASTATINE|10 mg
1;DONÉPÉZIL BASE|4,56 mg
1;FLUOR ÉLÉMENT|0,50 g
1;POTASSIUM|2,5 g
2;FLUOR ÉLÉMENT|0,1000 g;CHOLÉCALCIFÉROL|320000 UI
1;BISMUTH|0,035 mg
1;LITHIUM|274,80 mg
1;CHLORURE DE BENZALKONIUM|1,20 g
1;RANITIDINE BASE|75 mg
2;ZINC|0,032 mg;CUIVRE|0,031 mg
1;ROSUVASTATINE|20 mg
1;ÉTELCALCÉTIDE|5 mg
1;ADRÉNALINE|0,1 mg
1;LITHIUM|0,2796 mg
1;SALBUTAMOL|100 microgrammes
1;PÉRINDOPRIL|1,6975 mg
2;DIOSMINE|900 mg;HESPÉRIDINE|100 mg
1;AMIKACINE|250 mg
1;PALONOSÉTRON BASE|250 microgrammes
1;PIZOTIFÈNE BASE|0,500 mg
1;RÉMIFENTANIL BASE|2 mg
1;BAMIFYLLINE BASE|274 mg
2;GLUCOSE ANHYDRE|42,5 g;LACTATE DE SODIUM ANHYDRE|3,925 g
1;DEXTROMÉTHORPHANE BASE|0,1466 g
1;VINFLUNINE|25 mg
1;VINBLASTINE ANHYDRE|10 mg
1;FENTANYL|267 microgrammes
1;MÉTHYLPHÉNIDATE|25,95 mg
1;CLODRONATE DE SODIUM ANHYDRE|800 mg
1;BISMUTH|71,1 mg
1;PALIPÉRIDONE|525 mg
1;ÉRYTHROMYCINE BASE|125 mg
1;DONÉPÉZIL BASE|9,12 mg
2;CALCIPOTRIOL|50 microgrammes;BÉTAMÉTHASONE|0,5 mg
1;LÉVOTHYROXINE SODIQUE ANHYDRE|75 microgrammes
1;GLUCOSAMINE|393 mg
1;TERBINAFINE|10,00 mg
1;HYDROCORTISONE|500 mg
1;TIROFIBAN|50 microgrammes
1;MÉMANTINE|8,31 mg
1;CÉFAMANDOLE BASE|750,00 mg
2;GLUCOSE ANHYDRE|150,00 g;LYSINE|2,73 g
1;BÉTAMÉTHASONE|0,050 g
1;LÉVOBUPIVACAÏNE|1,25 mg
1;OXYCODONE|17,93 mg
1;IBUPROFÈNE|200 mg
1;MÉTHOTREXATE|15 mg
1;CÉFÉPIME|1 g
1;TIAPRIDE BASE|13,790 g
1;RISÉDRONATE MONOSODIQUE ANHYDRE|35 mg équivalent à 32,5 mg d'acide risédronique
1;CARBIDOPA|43,75 mg
1;CARPIPRAMINE BASE|50,00 mg
1;FENTANYL|600 microgrammes
1;TRÉPROSTINIL|2,5 mg
1;NICOTINE|2 mg
1;CLINDAMYCINE BASE|75 mg
1;BÊTA-ESTRADIOL|1,52 mg
1;CIPROFLOXACINE|500 mg
2;GLUCOSE ANHYDRE|15 g;LACTATE DE SODIUM ANHYDRE|3,925 g
1;FENTANYL|300 microgrammes
2;GLUCOSE ANHYDRE|300 g;LYSINE|4,93 g
1;SALMÉTÉROL BASE|25 microgrammes
1;GLUCOSE ANHYDRE|10 mg
1;TERLIPRESSINE|0,17 mg
1;IODE|480 mg
1;AMITRIPTYLINE|25,00 mg
1;GLUCOSE ANHYDRE|10 g
1;ONDANSÉTRON|4 mg
1;GLYCOPYRRONIUM|9 microgrammes
1;DARUNAVIR|400 mg
1;CYSTÉAMINE|25 mg
1;CÉFUROXIME|500,00 mg
1;VORTIOXÉTINE|5 mg
1;OSÉLTAMIVIR|75 mg
1;VARDÉNAFIL|10 mg
3;COBALT|0,029 mg;MANGANÈSE|0,027 mg;CUIVRE|0,031 mg
1;SILDÉNAFIL|25 mg
1;ILOPROST|0,01 mg
1;AMOXICILLINE ANHYDRE|125,00 mg
1;RANITIDINE BASE|300,00 mg
1;CHLORE ACTIF|0,06 g
1;CODÉINE|15,22 mg
1;QUININE|245 mg
1;DÉGARÉLIX|120 mg
1;FLUVASTATINE|80 mg
1;PITOLISANT|4,45 mg
1;GENTAMICINE|40 mg
1;PIPÉRACILLINE|4 g
1;DEXKÉTOPROFÈNE|25 mg
3;COBALT|0,029 mg;ZINC|0,032 mg;NICKEL|0,029 mg
1;PHÉNYLÉPHRINE|100 microgrammes
1;OCTRÉOTIDE|200 microgrammes
1;MIVACURIUM|10 mg
1;MUPIROCINE|2,00 g
1;SUNITINIB|12,5 mg
1;FROVATRIPTAN BASE|2,5 mg
1;ADRÉNALINE|0,0050 mg
1;TRIPTORÉLINE|3 mg
1;PANOBINOSTAT|10 mg
1;DABRAFÉNIB|75 mg
1;MAGNÉSIUM|50,0 mg
1;FER|3,3 g
1;DOXYCYCLINE HYDRATÉE|100 mg
1;CARBIDOPA ANHYDRE|12,5 mg
1;TIMOLOL BASE|5 mg
1;TÉNOFOVIR ALAFÉNAMIDE|25 mg
1;MIDAZOLAM|2,5 mg
1;BUPRÉNORPHINE|0,4 mg
3;AMLODIPINE|5 mg;ATORVASTATINE|20 mg;PÉRINDOPRIL|3,40 mg
2;VILANTÉROL|22 microgrammes;UMÉCLIDINIUM|55 microgrammes
1;IBANDRONIQUE (ACIDE)|3 mg
1;ÉPOPROSTÉNOL|1,500 mg
1;RILMÉNIDINE|1 mg
1;FLUOR ÉLÉMENT|0,090 mg
1;ADÉNOSINE TRIPHOSPHATE DISODIQUE|30 mg
2;CHLORHYDRATE DE LIDOCAÏNE ANHYDRE|30 mg;NORADRÉNALINE|0,04 mg
1;CEFTOBIPROLE|500 mg
1;HALOPÉRIDOL|50,00 mg
1;KETOTIFÈNE BASE|0,1 mg
2;CLAVULANIQUE (ACIDE)|62,5 mg;AMOXICILLINE ANHYDRE|500 mg
1;MÉTHYLPREDNISOLONE|40,00 mg
1;INDACATÉROL|0,300 mg
1;MIDAZOLAM|7,5 mg
1;SALBUTAMOL|2,00 mg
1;FENTICONAZOLE BASE|527,1 mg
1;AMOXICILLINE ANHYDRE|1 g
2;PÉRINDOPRIL|6,79 mg;BISOPROLOL|8,49 mg
1;RHÉNIUM|0,15 mg
1;RIFAMYCINE|2 000 000 UI
1;BISMUTH|2 mg
1;ACÉBUTOLOL BASE|400 mg
1;DARUNAVIR|300 mg
1;LIDOCAÏNE|5 g
2;AMLODIPINE|5 mg;PÉRINDOPRIL|3,395 mg
1;CARBIDOPA|31,25 mg
1;IMIDAPRIL BASE|9,2 mg
1;LÉVOCÉTIRIZINE|4,2 mg
1;VENLAFAXINE|50 mg
1;ONDANSÉTRON|8,00 mg
1;PANTOPRAZOLE|40 mg
1;OXYCODONE|4,5 mg
1;GLUCOSE ANHYDRE|10,00 g
1;CÉFAMANDOLE BASE|750 mg
1;CEFPODOXIME|100,00 mg
5;RÉTINOL|3500 UI;RIBOFLAVINE|4,140 mg;THIAMINE|3,510 mg;ACIDE PANTOTHÉNIQUE|17,250 mg;PYRIDOXINE|4,530 mg
1;MORPHINE|7,50 mg
1;BRIMONIDINE|0,132 g
1;LITHIUM|1,00 mg
1;DACLATASVIR|30 mg
1;GEMCITABINE|38 mg
1;ESCITALOPRAM|20 mg
1;SONIDÉGIB|200 mg
2;TÉNOFOVIR ALAFÉNAMIDE|25 mg;RILPIVIRINE|25 mg
1;DIPROPIONATE DE BÉCLOMÉTASONE|50 microgrammes
1;CHLORURE DE BENZALKONIUM|18,9 mg
2;DIGLUCONATE DE CHLORHEXIDINE|0,2 g;CHLORURE DE BENZALKONIUM|0,500 g
1;PHÉNYTOÏNE SODIQUE|50 mg
1;GALANTAMINE|12 mg
1;SPECTINOMYCINE|2 g
1;CALCIUM ÉLÉMENT|1,54 g
1;ACIDE FOLINIQUE|15 mg
1;SPIRAMYCINE|1 500 000 UI
1;ÉTHYLMORPHINE|0,43 g
1;AMOXICILLINE ANHYDRE|1000,00 mg
1;PAMIDRONIQUE (ACIDE)|2,527 mg
3;GLUCOSE ANHYDRE|250 g;LYSINE|2,14 g;CYSTÉINE|0,38 g
1;DOXAZOSINE|
1;CLINDAMYCINE BASE|600 mg
1;NICOTINE|4 mg
1;CHLORHYDRATE DE ROPIVACAÏNE ANHYDRE|5 mg
1;DOXYCYCLINE BASE|50,00  mg
1;MAGNÉSIUM|150 mg
1;DIGLUCONATE DE CHLORHEXIDINE|0,5 g
1;ADRÉNALINE|1,00 mg
1;LANRÉOTIDE BASE|0,030 g
1;PHÉNYLÉPHRINE|50 microgrammes
1;TAPENTADOL|50 mg
1;ALISKIRÈNE|150 mg
1;BROMURE D'IPRATROPIUM ANHYDRE|0,5 mg
1;ROPINIROLE|5 mg
2;AMLODIPINE|5 mg;PÉRINDOPRIL|6,79 mg
1;BENSÉRAZIDE BASE|25 mg
1;CHLORHYDRATE D'AMILORIDE ANHYDRE|5 mg
1;SODIUM (PERTECHNÉTATE [99M TC] DE)|2 - 20 GBq à la date de calibration
1;ESCITALOPRAM|15 mg
1;CALCIUM ÉLÉMENT|167 mg
1;LÉVOFLOXACINE|5,00 mg
1;RABÉPRAZOLE BASE|9,42 mg
1;FER|175 mg
1;MAGNÉSIUM|0,1044 mg
1;OCTRÉOTIDE|0,050 mg
1;TACROLIMUS ANHYDRE|0,5 mg
1;ALFENTANIL|5,00 mg
1;RIVASTIGMINE|3 mg
1;VALGANCICLOVIR|450 mg
1;ROPIVACAÏNE BASE|1,77 mg
1;ELTROMBOPAG|50 mg
2;HORMONE LUTÉINISANTE HUMAINE |75 UI;HORMONE FOLLICULO STIMULANTE |75 UI
1;MAGNÉSIUM|48 mg
1;CEFTAZIDIME ANHYDRE|1 g
1;DARUNAVIR|150 mg
1;SITAGLIPTINE|50 mg
1;VARÉNICLINE|0,5 mg
1;VINORELBINE|50 mg
1;DESMOPRESSINE|60 microgrammes
1;VANCOMYCINE BASE|250 mg
1;FEXOFÉNADINE BASE|112 mg
1;BÊTA-ESTRADIOL|0,78 mg
1;MITOXANTRONE BASE|25 mg
1;AMBROXOL BASE|27,3 mg
2;SACUBITRIL|48,6 mg;VALSARTAN|51,4 mg
1;TIMOLOL BASE|2,5 mg
1;CÉFÉPIME|1,000 g
1;BÊTA-ESTRADIOL|1,17 mg
1;LEUPRORÉLINE|41,7 mg
1;CALCIUM ÉLÉMENT|0,750 g
1;FER|20 mg
1;RALTÉGRAVIR|25 mg
1;LOMÉFLOXACINE BASE|400,00 mg
1;ROPIVACAÏNE BASE|8,83 mg
1;ACÉBUTOLOL BASE|200 mg
1;MAGNÉSIUM|100 mg
1;CINACALCET|60 mg
1;BÊTA-ESTRADIOL|0,39 mg
1;TAFAMIDIS|12,2 mg
1;SUNITINIB|50 mg
1;AZITHROMYCINE|250,000 mg
1;BROMURE D'IPRATROPIUM ANHYDRE|20 microgrammes
1;ZINC|25 mg
1;MORPHINE|150,00 mg
1;PANTOPRAZOLE|20,00 mg
1;LENVATINIB|4 mg
2;PIPÉRACILLINE|4,0 g;TAZOBACTAM|0,5 g
2;PÉRINDOPRIL|6,79 mg;BISOPROLOL|4,24 mg
1;OCTRÉOTIDE|100 microgrammes
1;AMLODIPINE|10,00 mg
1;CIPROFLOXACINE|500,0 mg
1;FENTANYL|400 microgrammes
1;CEFTRIAXONE BASE|1000 mg
2;CHLORHYDRATE DE LIDOCAÏNE ANHYDRE|30,00 mg;NORADRÉNALINE|0,04 mg
1;CALCIUM ÉLÉMENT|0,600 g
1;ATAZANAVIR|200 mg
1;DEXAMÉTHASONE|40 mg
1;RALOXIFÈNE|55,71 mg
1;FER|0,5 mg
1;AFATINIB|40 mg
1;PREDNISOLONE|5,000 mg
1;TERBINAFINE|250,000 mg
1;CÉFOXITINE|1 g
2;GLUCOSE ANHYDRE|125 g;LYSINE|2,9 g
1;NARATRIPTAN|2,5 mg
1;SERTRALINE BASE|25 mg
1;DEXKÉTOPROFÈNE|12,50 mg
1;CHLORHYDRATE DE BENDAMUSTINE|25 mg
1;ONDANSÉTRON|8 mg
1;MITOXANTRONE BASE|2 mg
1;FENTICONAZOLE BASE|1,757 g
1;RÉTINOL|1000 UI
1;BORTÉZOMIB|3,5 mg
1;CHLORHYDRATE DE MÉTOCLOPRAMIDE ANHYDRE|100 mg
1;MONTÉLUKAST|10 mg
2;CHLORHYDRATE DE LIDOCAÏNE ANHYDRE|20,00 mg;ADRÉNALINE|0,0125 mg
1;KETOTIFÈNE BASE|2 mg
2;GLUCOSE ANHYDRE|75 g;LYSINE|1,99 g
1;FLUPENTIXOL BASE|4 g
1;BÊTA-ESTRADIOL|0,585 mg
1;PHÉNOBARBITAL|40,0 mg
1;QUINAPRIL BASE|20 mg
1;POTASSIUM|1340 mmol
1;GLYCOPYRRONIUM|50 microgrammes
1;BÉTAMÉTHASONE|8 mg
1;BÊTA-ESTRADIOL|7,5 mg
1;MANGANÈSE|0,0728 mg
1;MAGNÉSIUM|3,82 mg
1;DOXAZOSINE|4 mg
1;OCTRÉOTIDE|0,100 mg
1;KÉTAMINE BASE|250,00 mg
1;SITAGLIPTINE|100 mg
1;RIZATRIPTAN|5 mg
1;SOLIFÉNACINE|3,8 mg
1;DEXAMÉTHASONE (PHOSPHATE DE)|1 mg
1;CEFPODOXIME|40 mg
2;CLAVULANIQUE (ACIDE)|200 mg;AMOXICILLINE ANHYDRE|1 g
1;LÉVOTHYROXINE SODIQUE ANHYDRE|25 microgrammes
1;INDINAVIR BASE|200 mg
1;BÉTAMÉTHASONE|0,10 g
1;NALOXÉGOL|12,5 mg
1;ACIDE L FOLINIQUE|100 mg
1;GEMCITABINE|40 mg
1;LOXAPINE BASE|100 mg
1;NILOTINIB|150 mg
1;HYDROCORTISONE|100 mg
1;CARBIDOPA|18,75 mg
1;CÉFOTAXIME BASE|0,5 g
1;ÉSOMÉPRAZOLE|20 mg
2;CHLORHYDRATE DE LIDOCAÏNE ANHYDRE|100 mg;ADRÉNALINE|0,05 mg
1;BÊTA-ESTRADIOL|1,56 mg
1;BÉTAMÉTHASONE|0,100 g
1;SAMARIUM [153 SM]|20 à 46 microgrammes
2;CALCIUM ÉLÉMENT|110 mg;MAGNÉSIUM|60 mg
3;GLUCOSE ANHYDRE|200 g;LYSINE|1,72 g;CYSTÉINE|0,31 g
1;CHLORHYDRATE DE BUPIVACAÏNE ANHYDRE|20 mg
1;DACARBAZINE|100 mg
1;ACIDE FOLINIQUE|100 mg
1;ACIDE FOLINIQUE|50 mg
1;CUIVRE|0,7252 mg
1;OXYCODONE|13,5 mg
1;AMIKACINE|1 g
1;CÉFADROXIL|250 mg
1;GEMCITABINE|2 000 mg
2;CALCIUM ÉLÉMENT|1000 mg;RISÉDRONATE MONOSODIQUE ANHYDRE|35 mg équivalent à 32,5 mg d'acide résidronique
1;HYDROCORTISONE|0,500 g
1;BISOPROLOL|8,48 mg
1;MITOXANTRONE BASE|10 mg
2;CLAVULANIQUE (ACIDE)|0,200 g;TICARCILLINE BASE|5,000 g
1;FOSFOMYCINE|4 g
1;FLUNARIZINE|10 mg
1;DEXMÉDÉTOMIDINE|100 microgrammes
1;MÉTHOTREXATE|20 mg
1;ACIDE ZOLÉDRONIQUE ANHYDRE|4 mg
1;DAUNORUBICINE|50,00 mg
1;CÉTRORÉLIX BASE|0,25 mg
1;BÊTA-ESTRADIOL|1,00 mg
1;TIAGABINE ANHYDRE|5 mg
1;DARUNAVIR|800 mg
1;IODE|250 mg
1;BÉTAMÉTHASONE|3,00 mg
1;BÊTA-ESTRADIOL|0,5 mg
2;CALCIUM ÉLÉMENT|500,00 mg;CHOLÉCALCIFÉROL|440 UI
1;CALCIUM ÉLÉMENT|500 mg
1;TIOTROPIUM|2,5 microgrammes
2;AMLODIPINE|5 mg;PÉRINDOPRIL|6,68 mg
1;FENTANYL|0,05 mg
1;DIGLUCONATE DE CHLORHEXIDINE|0,50 g
1;IODE|300,0 mg
1;NALMÉFÈNE|18,06 mg
1;ÉPINASTINE|0,436 mg
1;CHLORHYDRATE DE MÉTOCLOPRAMIDE ANHYDRE|10,00 mg
1;FER|33 mg
1;CHLORHYDRATE DE LIDOCAÏNE ANHYDRE|5,00 mg
1;PÉRINDOPRIL|6,816 mg
1;CYSTÉAMINE|3,8 mg
1;DIGLUCONATE DE CHLORHEXIDINE|0,0500 g
1;RUXOLITINIB|5 mg
1;CINACALCET|30 mg
2;SACUBITRIL|24,3 mg;VALSARTAN|25,7 mg
2;MANGANÈSE|3,7 mg;CUIVRE|4,2 mg
1;ÉLIGLUSTAT|84,4 mg
1;SUFENTANIL|250 microgrammes
1;AMOXICILLINE ANHYDRE|1000 mg
1;CÉFAZOLINE BASE|0,5 g
1;SAQUINAVIR|500 mg
1;INDINAVIR BASE|400 mg
1;GALANTAMINE|16 mg
1;SUFENTANIL|10 microgrammes
1;ADRÉNALINE|0,01 mg
1;AZITHROMYCINE|600 mg
3;GLUCOSE ANHYDRE|25 g;LYSINE|0,32 g;CYSTÉINE|0,06 g
1;CEFTAZIDIME ANHYDRE|500 mg
1;ACIDE RISÉDRONIQUE|69,6 mg
2;AMLODIPINE|10 mg;PÉRINDOPRIL|3,3 mg
1;IODE|150 mg
1;GLUCOSE ANHYDRE|50 g
1;CÉFUROXIME|750 mg
1;SALBUTAMOL|90 microgrammes
1;SALBUTAMOL|0,5 mg
1;AZITHROMYCINE|500 mg
1;QUINAGOLIDE|0,0250 mg
2;AMYLASE FONGIQUE|;DIASTASE DE L'ORGE GERMÉE|
1;LAPATINIB|250 mg
1;DOXAZOSINE|8,0 mg
1;TRINITRINE|0,150000 mg
2;ACIDE CITRIQUE ANHYDRE|12,5 mg;CAFÉINE|12,5 mg
1;CARBIDOPA|25 mg
1;FER|0,68 g
1;GLUCOSE ANHYDRE|30 g
1;TÉMOCILLINE|2 g
2;ADRÉNALINE|0,0085 mg;ARTICAÏNE BASE|60,2800 mg
1;LIDOCAÏNE|2,43 g
1;FER|32,5 mg
1;IODE|350 mg
1;OSÉLTAMIVIR|30 mg
1;BROMOCRIPTINE BASE|2,5 mg
1;OXYBUTYNINE BASE|4,54 mg
1;DACARBAZINE|500 mg
1;FENTANYL|50 microgrammes
1;BÊTA-ESTRADIOL|1,5 mg
1;TOBRAMYCINE|100 mg
1;DOXÉPINE|50 mg
1;GEMCITABINE|10 mg
1;CÉLIPROLOL|200 mg
2;CHLORHYDRATE DE LIDOCAÏNE ANHYDRE|20,00 mg;NORADRÉNALINE|0,04 mg
1;PÉRINDOPRIL|3,395 mg
1;CEFTRIAXONE BASE|1000,00 mg
1;TRIMIPRAMINE BASE|4 g
1;RÉTINOL|0,990 mg
2;GLUCOSE ANHYDRE|80 g;LYSINE|1,28 g
1;LÉVOTHYROXINE SODIQUE ANHYDRE|150 microgrammes
1;MÉTHYLPHÉNIDATE|15,57 mg
1;SAQUINAVIR|200 mg
1;OXACILLINE BASE|1 g
1;CÉFALOTINE|1 g
1;CYSTÉAMINE|150 mg
1;DAUNORUBICINE|20 mg
1;ZINC|0,0674 mg
1;IBUPROFÈNE|400 mg
1;IMIDAPRIL BASE|4,6 mg
1;ALIMÉMAZINE|0,0500 g
1;BÊTA-ESTRADIOL|2,5 mg
1;MÉTHYLPHÉNIDATE|17,30 mg
1;FENTANYL|133 microgrammes
1;FUROATE DE MOMÉTASONE|50,00 microgrammes
1;ADRÉNALINE|0,010 mg
1;ZINC|0,032 mg
1;ÉRYTHROMYCINE BASE|1000 mg
1;CEFTAZIDIME ANHYDRE|2,000 g
1;VORTIOXÉTINE|10 mg
1;CABOZANTINIB|20 mg
1;CITALOPRAM BASE|20 mg
1;CÉFUROXIME|50 mg
1;CALCIUM ÉLÉMENT|600 mg
1;PÉRINDOPRIL|3,339 mg
1;MAGNÉSIUM|59 mg
1;FENTANYL|500 microgrammes
2;CILASTATINE ANHYDRE|500 mg;IMIPÉNEM ANHYDRE|500 mg
2;PIPÉRACILLINE|4 g;TAZOBACTAM|0,5 g
1;TILUDRONIQUE (ACIDE)|200 mg
1;TRIMIPRAMINE BASE|100 mg
1;TIAGABINE ANHYDRE|10 mg
1;ASCORBIQUE (ACIDE)|1,000 g
1;DIGLUCONATE DE CHLORHEXIDINE|3,000 mg
1;GLUCOSE ANHYDRE|50 mg
1;RALOXIFÈNE|56 mg
2;PIPÉRACILLINE|4 g;TAZOBACTAM|500 mg
1;DABRAFÉNIB|50 mg
1;CHLORHYDRATE DE NALOXONE ANHYDRE|0,9 mg
1;MÉMANTINE|4,16 mg
1;METFORMINE BASE|663 mg
3;COBALT|0,0726 mg;ZINC|0,0674 mg;NICKEL|0,0726 mg
1;FER|80,00 mg
1;PASIRÉOTIDE|0,9 mg
1;ASÉNAPINE|10 mg
1;CEFTRIAXONE BASE|250 mg
1;THÉOPHYLLINE ANHYDRE|200 mg
1;ONDANSÉTRON|2,0 mg
1;BÊTA-ESTRADIOL| 1 mg
1;PRAMIPEXOLE BASE|0,52 mg
1;OSÉLTAMIVIR|45 mg
1;CITALOPRAM BASE|20,00 mg
1;PENTOXYVÉRINE|0,16 g
1;PREDNISOLONE|5,00 mg
1;TACROLIMUS ANHYDRE|2 mg
1;TIMOLOL BASE|0,500 g
1;TIMOLOL BASE|0,250 g
1;TRÉPROSTINIL|5 mg
1;ADRÉNALINE|0,250 mg
1;ZOFÉNOPRIL|28,70 mg
1;CÉFACLOR ANHYDRE|500 mg
1;GLUCOSE ANHYDRE|200 g
1;PREDNISOLONE|5 mg
1;TÉRAZOSINE BASE|5,000 mg
7;GLUCOSE ANHYDRE|420 g;GLYCÉROPHOSPHATE DE SODIUM ANHYDRE|4,2 g;LYSINE|6,6 g;SULFATE DE ZINC ANHYDRE|0,013 g;CHLORURE DE CALCIUM ANHYDRE|0,56 g;ACÉTATE DE SODIUM ANHYDRE|3,4 g;SULFATE DE MAGNÉSIUM ANHYDRE|1,2 g
1;AMOXICILLINE ANHYDRE|250,00 mg
1;CLINDAMYCINE BASE|900 mg
1;MONTÉLUKAST|4 mg
1;GLUCOSE ANHYDRE|51,5 g
2;CLAVULANIQUE (ACIDE)|0,200 g;TICARCILLINE BASE|3,000 g
1;ASCORBIQUE (ACIDE)|300,00 mg
1;ZOFÉNOPRIL|57,3 mg
1;LACTULOSE|3,335 g
1;LISINOPRIL ANHYDRE|20 mg
2;PIPÉRACILLINE|2,0 g;TAZOBACTAM|0,25 g
1;SÉLÉGILINE BASE|1,05 mg
1;LÉVOFLOXACINE|5 mg
1;CODÉINE|15,62 mg
1;CYCLOPHOSPHAMIDE ANHYDRE|50 mg
1;ENTÉCAVIR|0,50 mg
1;DEXRAZOXANE|20 mg
1;DESMOPRESSINE|240 microgrammes
1;GRANISÉTRON BASE|1 mg
1;LOSARTAN|45,8 mg
1;DIGLUCONATE DE CHLORHEXIDINE|0,2 g
1;METFORMINE BASE|662,8 mg
1;DACARBAZINE|200 mg
1;PÉFLOXACINE|400,0 mg
1;MÉTHYLPHÉNIDATE|17,3 mg
1;FROVATRIPTAN BASE|2,50 mg
1;CHLORHYDRATE D'AMILORIDE ANHYDRE|5,00 mg
3;GLUCOSE ANHYDRE|191,5 g;LYSINE|2,51 g;ORNITHINE|0,57 g
1;SILDÉNAFIL|20 mg
1;QUÉTIAPINE|400 mg
1;ASCORBIQUE (ACIDE)|250 mg
1;SOUFRE|0,015 mg
1;TRIPTORÉLINE|11,25 mg
1;CEFTRIAXONE BASE|2 g
1;MÉTHYLPREDNISOLONE|20,00 mg
1;TIMOLOL BASE|1,25 mg
2;AMLODIPINE|5 mg;PÉRINDOPRIL|6,676 mg
1;TAPENTADOL|75 mg
1;CHLOROQUINE|100 mg
1;AMOXICILLINE ANHYDRE|500 mg
1;PRAMIPEXOLE BASE|2,10 mg
1;DASABUVIR|250 mg
2;GLUCOSE ANHYDRE|420 g;LYSINE|6,6 g
1;ACIDE L FOLINIQUE|25,00 mg
1;CÉFACLOR ANHYDRE|250 mg
1;DÉGARÉLIX|80 mg
1;MITOXANTRONE BASE|2,00 mg
3;COBALT|0,0726 mg;MANGANÈSE|0,0728 mg;CUIVRE|0,0726 mg
1;MAGNÉSIUM|47,4 mg
1;DEXAMÉTHASONE (PHOSPHATE DE)|20 mg
1;PAROXÉTINE BASE|20 mg
1;IODE|350,00 mg
1;CLOPIDOGREL|300 mg
1;RADIUM (223RA)|0,58 ng à la date de référence
1;DARUNAVIR|600 mg
1;RUXOLITINIB|15 mg
1;VENLAFAXINE|75 mg
1;BENSÉRAZIDE BASE|25,00 mg
1;MÉTHYLERGOMÉTRINE BASE|0,15 mg
1;DICLOFÉNAC SODIQUE|1,000 g
1;TERBINAFINE|0,88 g
1;IRBÉSARTAN|300 mg
2;TIOTROPIUM|2,5 microgrammes;OLODATÉROL|2,5 microgrammes
1;IVABRADINE|5 mg
1;ACIDE L FOLINIQUE|175,00 mg
2;CHLORHYDRATE DE LIDOCAÏNE ANHYDRE|10,00 mg;ADRÉNALINE|0,0100 mg
1;CHLORHYDRATE DE LIDOCAÏNE ANHYDRE|5 mg
1;PÉMÉTREXED|100 mg
1;PASIRÉOTIDE|20 mg
1;VINORELBINE|20 mg
1;NORADRÉNALINE|1 mg
1;PREDNISOLONE|20,00 mg
1;CÉFALOTINE|4 g
1;CLINDAMYCINE BASE|150 mg
1;VARÉNICLINE|1 mg
1;BÉTAMÉTHASONE|0,05 g
1;RISÉDRONATE MONOSODIQUE ANHYDRE|35 mg équivalent à 32,5 mg d'acide résidronique
2;AMLODIPINE|10 mg;PÉRINDOPRIL|6,68 mg
2;CHLORHYDRATE DE LIDOCAÏNE ANHYDRE|10 mg;ADRÉNALINE|0,005 mg
1;ÉTHINYLESTRADIOL|0,020 mg
1;BÉCLOMÉTASONE BASE|78,5 microgrammes
1;ACIDE RISÉDRONIQUE|4,64 mg
1;CEFTAZIDIME ANHYDRE|2 g
1;RUXOLITINIB|20 mg
1;IPRONIAZIDE BASE|50,00 mg
1;GRANISÉTRON BASE|2,00 mg
1;CHLORHYDRATE DE BUPIVACAÏNE ANHYDRE|2,50 mg
1;TACROLIMUS ANHYDRE|4 mg
1;OCTRÉOTIDE|20 mg
2;GLUCOSE ANHYDRE|85 g;LYSINE|4,3 g
1;OCTRÉOTIDE|50 microgrammes
1;AMBROXOL BASE|27,30 mg
1;SALBUTAMOL|5 mg
1;BROMOCRIPTINE BASE|2,50 mg
1;BUSÉRÉLINE|6 mg
1;CODÉINE|0,1075 g
1;LITHIUM|0,003 mg
1;LERCANIDIPINE|9,400 mg
1;DABIGATRAN ÉTEXILATE BASE|150 mg
1;BÉTAMÉTHASONE|0,100 mg
1;CALCIUM ÉLÉMENT|1,00 g
1;PAMIDRONIQUE (ACIDE)|12,6 mg
1;NINTÉDANIB|100 mg
1;TÉNOFOVIR ALAFÉNAMIDE|10 mg
1;PRAMIPEXOLE BASE|0,18 mg
13;RÉTINOL|4000 UI;MAGNÉSIUM|100 mg;ALPHA-TOCOPHÉROL|15 mg;ZINC|7,5 mg;PHOSPHORE|125 mg;FER|60 mg;PYRIDOXINE|2,6 mg;ASCORBIQUE (ACIDE)|100 mg;CALCIUM ÉLÉMENT|125 mg;MANGANÈSE|1 mg;CUIVRE|1 mg;CHOLÉCALCIFÉROL|500 UI;CHLORHYDRATE DE THIAMINE|1,6 mg
1;GENTAMICINE|80 mg
1;VARDÉNAFIL|5 mg
1;CYAMÉMAZINE BASE|100 mg
1;AMOXICILLINE ANHYDRE|500,00 mg
1;TRAMADOL|100 mg
1;DIGLUCONATE DE CHLORHEXIDINE|5,75 mg
1;ABACAVIR BASE|600 mg
1;ADRÉNALINE|0,02250 mg
2;MANGANÈSE|0.027 mg;CUIVRE|0.031 mg
1;TERBINAFINE|250,00 mg
1;ACÉBUTOLOL BASE|200,00 mg
1;CEFTRIAXONE BASE|2000 mg
1;OLANZAPINE|210 mg
1;CARBIDOPA ANHYDRE|43,75 mg
1;ONDANSÉTRON|4,00 mg
1;FLUVASTATINE|40 mg
1;DOCÉTAXEL ANHYDRE|20 mg
1;BISULFATE DE QUININE ANHYDRE|40 mg
1;CALCIUM ÉLÉMENT|0,5 g
1;CHLORPROMAZINE|25 mg
2;CALCIUM ÉLÉMENT|500 mg;CHOLÉCALCIFÉROL|400 UI
2;CILASTATINE ANHYDRE|250 mg;IMIPÉNEM ANHYDRE|250 mg
1;AMOXICILLINE ANHYDRE|2 g
1;CEFTRIAXONE BASE|500 mg
1;OLSALAZINE BASE|218,23 mg
1;ÉSOMÉPRAZOLE|40 mg
1;SUGAMMADEX|100 mg
1;MÉTHYLPHÉNIDATE|8,65 mg
1;IVABRADINE|7,5 mg
2;AMLODIPINE|10 mg;PÉRINDOPRIL|3,34 mg
1;LÉVOTHYROXINE SODIQUE ANHYDRE|200 microgrammes
1;CÉFAZOLINE BASE|2 g
1;MAGNÉSIUM|122 mg
1;SOMATOSTATINE|6 mg
2;DORZOLAMIDE|20 mg;TIMOLOL BASE|5 mg
1;OXYCODONE|35,86 mg
1;CEFTAZIDIME ANHYDRE|0,5 g
1;NILOTINIB|200 mg
1;AMITRIPTYLINE|40 mg
1;LENVATINIB|10 mg
1;TAMOXIFÈNE BASE|10,00 mg
1;DARUNAVIR|100 mg
1;LANDIOLOL|280 mg
1;IODE|35,0 g
1;ÉRYTHROMYCINE BASE|1 g
3;GLUCOSE ANHYDRE|80 g;HISTIDINE|1,25 g;LYSINE|2,26 g
1;RÉGORAFÉNIB|40 mg
2;AMLODIPINE|5 mg;PÉRINDOPRIL|3,338 mg
1;PAROXÉTINE BASE|20,000 mg
1;FER|50 mg
1;ABACAVIR BASE|20 mg
1;DICLOFÉNAC SODIQUE|140 mg
1;DÉMÉCLOCYCLINE BASE|150 mg
1;ZOFÉNOPRIL|57,30 mg
1;BÊTA-ESTRADIOL|1 mg
1;DOLUTÉGRAVIR|50 mg
1;MINOCYCLINE BASE|100,00 mg
1;SENNOSIDES|10,8 mg à 12,5 mg
1;CIPROFLOXACINE|3 mg
1;ISAVUCONAZOLE|200 mg
1;TAMOXIFÈNE BASE|10 mg
1;OTÉRACIL|15,8 mg
1;ÉNOXACINE ANHYDRE|200 mg
1;IODE|25,0000 g
1;AZITHROMYCINE|250,00 mg
1;FENTANYL|1200 microgrammes
1;VANCOMYCINE BASE|1,00 g
1;BÉTAMÉTHASONE| 0,050 g
1;INDAPAMIDE|1,5 mg
1;OXYDE D'ALUMINIUM|1,2120 g
1;NARATRIPTAN|2,50 mg
1;SALBUTAMOL|2,50 mg
1;CEFPODOXIME|100 mg
1;AFATINIB|30 mg
2;CALCIUM ÉLÉMENT|1200 mg;CHOLÉCALCIFÉROL|0,020 mg
1;URAPIDIL|50,00 mg
1;SUMATRIPTAN|50 mg
1;QUINAGOLIDE|0,1500 mg
2;GLUCOSE ANHYDRE|200 g;LYSINE|4,06 g
1;RABÉPRAZOLE BASE|18,85 mg
2;PIPÉRACILLINE|2 g;TAZOBACTAM|250 mg
1;GENTAMICINE|10 mg
1;FLUOR ÉLÉMENT|99,52 mg
1;AMOXICILLINE ANHYDRE|250 mg
1;ÉSÉRIDINE BASE|3,053 mg
1;CÉFUROXIME|1500 mg
1;GLUCOSE ANHYDRE|10, 0 g
1;CHLORHYDRATE DE MÉTOCLOPRAMIDE ANHYDRE|0,100 g
1;BROMURE D'IPRATROPIUM ANHYDRE|0,02 mg
1;RALTÉGRAVIR|600 mg
2;SULFAFURAZOL|17, 964 g;ÉRYTHROMYCINE BASE|5,988 g
1;CHLORPROMAZINE|100,00 mg
2;CLAVULANIQUE (ACIDE)|12,50 mg;AMOXICILLINE ANHYDRE|100 mg
1;BÉTAXOLOL BASE|0,63 mg
1;PALIPÉRIDONE|150 mg
1;ZICONOTIDE|100 microgrammes
1;TIAPRIDE BASE|100,0 mg
1;TRÉPROSTINIL|1 mg
1;AMLODIPINE|10 mg
1;PIPAMPÉRONE BASE|40 mg
1;ACIDE URIDINE-5' TRIPHOSPHORIQUE SEL TRISODIQUE ANHYDRE|2 mg
1;LISINOPRIL ANHYDRE|20,00 mg
1;CILAZAPRIL ANHYDRE|1 mg
1;TÉRAZOSINE BASE|1 mg
1;IODE|30,0 g
1;GENTAMICINE|300 mg
1;OXYCODONE|108 mg
4;QUININE|480 mg;QUINIDINE|13,20 mg;CINCHONIDINE BASE|3,40 mg;CINCHONINE|3,40 mg
4;QUININE|480,00 mg;QUINIDINE|13,20 mg;CINCHONIDINE BASE|3,40 mg;CINCHONINE|3,40 mg
1;RÉMIFENTANIL BASE|5 mg
1;OXYCODONE|4,50 mg
4;QUININE|240,000 mg;QUINIDINE|6,600 mg;CINCHONIDINE BASE|1,700 mg;CINCHONINE|1,700 mg
1;BUPRÉNORPHINE|6,00 mg
1;VENLAFAXINE|37,50 mg
2;GLUCOSE ANHYDRE|15,000 g;LACTATE DE SODIUM ANHYDRE|3,925 g
1;METFORMINE BASE|780 mg
1;CARBIDOPA ANHYDRE|25,00 mg
1;LEUPRORÉLINE|20,87 mg
1;DULOXÉTINE|30 mg
1;CEFPODOXIME|4,800 g
1;LACTATE DE SODIUM ANHYDRE|2,25 g
1;RALTÉGRAVIR|100 mg
1;LITHIUM|6,8 mEq
1;CHLORHYDRATE DE LIDOCAÏNE ANHYDRE|10 mg
1;PICLOXYDINE BASE|0,173 mg
2;SACUBITRIL|97,2 mg;VALSARTAN|102,8 mg
1;FENTANYL|100 microgrammes
1;NORADRÉNALINE|0,01 mg
1;ACIDE ACÉTYLSALICYLIQUE|250 mg
1;KÉTAMINE BASE|50 mg
1;CARBIDOPA ANHYDRE|10 mg
1;LÉVOBUPIVACAÏNE|2,5 mg
1;OXICONAZOLE|1,00 g
1;PREDNISOLONE|20 mg
1;PASIRÉOTIDE|40 mg
1;OXYCODONE|8,97 mg
1;IODE|35 g
1;IODE [123 I]|74 MBq/ml à la date et à l'heure de calibration
1;CARBIDOPA ANHYDRE|25 mg
1;LÉVOTHYROXINE SODIQUE ANHYDRE|112 microgrammes
1;SERTRALINE BASE|50,00 mg
1;METFORMINE BASE|280 mg
1;DOLUTÉGRAVIR|25 mg
3;AMLODIPINE|5 mg;ATORVASTATINE|10 mg;PÉRINDOPRIL|3,40 mg
1;GEMCITABINE|200 mg
1;PANTOPRAZOLE|20 mg
1;BENZOYLE (PEROXYDE DE) ANHYDRE|10 g
1;CALCIUM ÉLÉMENT|500, 00 mg
1;LODOXAMIDE|0,1000 g
1;AMLODIPINE|5,00 mg
1;VANCOMYCINE BASE|500 mg
1;IBANDRONIQUE (ACIDE)|2 mg
1;ÉTHYLMORPHINE|0,043 g
1;CHLORHYDRATE DE DONÉPÉZIL|10 mg
1;NALOXÉGOL|25 mg
1;APRACLONIDINE|5 mg
1;PREDNISOLONE|0,100 g
1;MÉTHYLPREDNISOLONE|1000,00 mg
1;ASCORBIQUE (ACIDE)|
1;ABACAVIR BASE|300 mg
1;ACIDE FOLINIQUE|350 mg
1;IXAZOMIB|4 mg
1;MÉTHYLDOPA ANHYDRE|250,0 mg
1;RALTÉGRAVIR|400 mg
1;CHLORHYDRATE DE ROPIVACAÏNE ANHYDRE|7,50 mg
1;BISMUTH|35,6 mg
1;AMIKACINE|10 mg
1;FLUOR ÉLÉMENT|1,00 mg
1;SALBUTAMOL|100,00 microgrammes
3;GLUCOSE ANHYDRE|200 g;LYSINE|1,084 g;CYSTÉINE|0,435 g
1;LERCANIDIPINE|9,40 mg
2;CLAVULANIQUE (ACIDE)|100 mg;AMOXICILLINE ANHYDRE|500 mg
2;GLUCOSE ANHYDRE|360 g;LYSINE|7,96 g
2;GLUCOSE ANHYDRE|22,73 g;LACTATE DE SODIUM ANHYDRE|3,925 g
1;THÉOPHYLLINE ANHYDRE|1,00 g
1;OXYDE D'ALUMINIUM|230 mg
1;BÊTA-ESTRADIOL|1,90 mg
1;LÉVOFLOXACINE|500 mg
1;TIOTROPIUM|18 microgrammes
1;OSIMERTINIB|40 mg
1;CHLORHYDRATE DE LIDOCAÏNE ANHYDRE|2 g
1;FÉSOTÉRODINE|3,1 mg
1;BÉTAMÉTHASONE|4,0 mg
1;TIMOLOL BASE|0,50 g
1;LÉVOTHYROXINE SODIQUE ANHYDRE|100 microgrammes
1;ZUCLOPENTHIXOL|25 mg
1;TÉNOFOVIR DISOPROXIL|33 mg
1;LISINOPRIL ANHYDRE|5 mg
1;TRIPHOSADÉNINE|20 mg
1;FLUOR ÉLÉMENT|0,200 mg
1;THIOPHÈNECARBOXYLATE|1,980 g
1;PONATINIB|30 mg
1;ANAGRÉLIDE|0,5 mg
1;FEXOFÉNADINE BASE|168 mg
1;ROPINIROLE|0,5 mg
2;COBALT|0,0726 mg;MANGANÈSE|0,0728 mg
1;DICLOFÉNAC|69,6 mg
3;GLUCOSE ANHYDRE|180,00 g;HISTIDINE|2,19 g;LYSINE|3,98 g
1;RASAGILINE|1 mg
1;OLODATÉROL|2,5 microgrammes
1;TACALCITOL|4 microgrammes
1;L-ARGININE|0,8266 mg
1;MÉROPÉNEM ANHYDRE|1 g
1;ADRÉNALINE|0,018 mg
1;IBANDRONIQUE (ACIDE)|150 mg
1;DICLOFÉNAC|69,8 mg
1;MAGNÉSIUM|0,184 g
1;METFORMINE BASE|662,90 mg
1;BÊTA-ESTRADIOL|1,94 mg
1;GRANISÉTRON BASE|3 mg
1;CABOZANTINIB|40 mg
1;CODÉINE|0,10270 g
1;DICLOFÉNAC SODIQUE|50 mg
1;BÊTA-ESTRADIOL|60 mg
1;GADOLINIUM|0,32 g
1;POTASSIUM|0,040 mg
2;ABACAVIR BASE|600 mg;DOLUTÉGRAVIR|50 mg
1;CYAMÉMAZINE BASE|25,00 mg
1;CÉFÉPIME|2,000 g
1;CYSTÉAMINE|75 mg
2;LYSINE|7,95 g;CYSTÉINE|0,37 g
1;FOSAMPRÉNAVIR|700 mg
1;RALOXIFÈNE|56,00 mg
1;ATOSIBAN|75 mg
1;IODE|400 mg
1;IODE|27 g
1;FOSAMPRÉNAVIR|50 mg
1;BROMURE D'IPRATROPIUM ANHYDRE|0,250 mg
2;AMLODIPINE|5 mg;ATORVASTATINE|10 mg
1;LOSARTAN|91,6 mg
1;PAROXÉTINE BASE|20,00 mg
1;PROMÉTHAZINE|2,500 g
1;CHLORPROMAZINE|4,000 g
1;GRAZOPRÉVIR|100 mg
1;TÉMOCILLINE|1 g
2;ACIDE ACÉTYLSALICYLIQUE|900 mg;MÉTOCLOPRAMIDE|10 mg
1;BUSÉRÉLINE|10 mg
1;ATORVASTATINE|40 mg
1;GALANTAMINE|24 mg
1;LÉVOBUPIVACAÏNE|0,625 mg
1;MORPHINE|22,5 mg
1;FOSFOMYCINE|3,000 g
1;ESTRAMUSTINE PHOSPHATE|140 mg
1;BÊTA-ESTRADIOL|5 mg
1;CHLORHYDRATE DE ROPIVACAÏNE ANHYDRE|2 mg
1;PHÉNOXYMÉTHYLPÉNICILLINE|250 000 UI
1;METFORMINE BASE|663,01 mg
1;DAPOXÉTINE|30 mg
1;DEXAMÉTHASONE (PHOSPHATE DE)|100 mg
1;ONDANSÉTRON|2 mg
1;CLOPIDOGREL|75 mg
2;CLAVULANIQUE (ACIDE)|62,50 mg;AMOXICILLINE ANHYDRE|500,00 mg
1;IODE|200 mg
1;FLUOXÉTINE BASE|20 mg
1;ACIDE ALENDRONIQUE|10,00 mg
1;FENTANYL|0,500 mg
1;CÉFIXIME ANHYDRE|200 mg
2;PROMÉTHAZINE|0, 05000;NOSCAPINE|0,10000 g
2;GLUCOSE ANHYDRE|110 g;LYSINE|4,48 g
1;TOBRAMYCINE|75 mg
2;AMLODIPINE|5 mg;PÉRINDOPRIL|3,34 mg
1;PIPÉMIDIQUE (ACIDE)|400 mg
1;JOSAMYCINE BASE|125 mg
1;OMÉPRAZOLE|20 mg
1;AMBROXOL BASE|0,273 g
1;MÉTHYLPHÉNIDATE|31,13 mg
1;RISÉDRONATE MONOSODIQUE ANHYDRE|75 mg  équivalent à 69,6 mg d'acide risédronique
1;TOPOTÉCANE|4 mg
1;BROMURE D'IPRATROPIUM ANHYDRE|0,03000 g
1;ACIDE MYCOPHÉNOLIQUE|360 mg
1;TAPENTADOL|100 mg
1;DESMOPRESSINE|0,089 mg
1;IRINOTÉCAN|4,3 mg
1;BISMUTH|15 mg
1;LACTULOSE|670 mg
1;PIPAMPÉRONE BASE|4,000 g
1;MINOCYCLINE BASE|100 mg
1;PRUCALOPRIDE|2 mg
1;PHÉNYLÉPHRINE|500 microgrammes
1;PALIPÉRIDONE|350 mg
1;ACIDE ACÉTYLSALICYLIQUE|1000 mg
1;ACIDE ALENDRONIQUE|70 mg
2;ACIDE ALENDRONIQUE|70 mg;CHOLÉCALCIFÉROL|70 microgrammes (2800 UI)
1;BLÉOMYCINE|15 mg
1;FOSFOMYCINE|1 g
1;OLANZAPINE|300 mg
5;GLUCOSE ANHYDRE|250 g;LYSINE|6,8 g;CHLORURE DE CALCIUM ANHYDRE|0,56 g;ACÉTATE DE SODIUM ANHYDRE|3,7 g;SULFATE DE MAGNÉSIUM ANHYDRE|1,2 g
1;ATORVASTATINE|10,00 mg
1;APRACLONIDINE|2,500 mg
4;QUININE|120,0000 mg;QUINIDINE|3,3000 mg;CINCHONIDINE BASE|0,8500 mg;CINCHONINE|0,8500 mg
1;BÉCLOMÉTASONE BASE|157 microgrammes
1;RÉTINOL|1650 UI
1;MIDAZOLAM|10 mg
1;GLATIRAMÈRE|18 mg
1;OXYDE DE LOPÉRAMIDE ANHYDRE|1,00 mg
1;ADRÉNALINE|0,50 g
2;CALCIUM ÉLÉMENT|500 mg;CHOLÉCALCIFÉROL|200 U.I.
1;ATAZANAVIR|150 mg
1;ROPINIROLE|1 mg
1;GLUCOSE ANHYDRE|85 g
1;PÉRINDOPRIL|6,676  mg
1;VENLAFAXINE|37,5 mg
2;PÉRINDOPRIL|3,395 mg;BISOPROLOL|8,49 mg
1;GENTAMICINE|3 mg
1;CÉFADROXIL|500 mg
1;NAFTIDROFURYL|81 mg
1;DOXÉPINE|25,00 mg
1;LYSINE|2,03 g
1;FENTANYL|200 microgrammes
1;FENTANYL|800 microgrammes
1;CYCLOPHOSPHAMIDE ANHYDRE|1 000 mg
1;CARBIDOPA|50 mg
1;PROPRANOLOL|3,75 mg
1;ALIZAPRIDE|50 mg
2;AMLODIPINE|10 mg;PÉRINDOPRIL|6,676 mg
1;LOSARTAN|45,76 mg
1;MAGNÉSIUM|45 mg
1;SIMÉPRÉVIR|150 mg
1;GLUCOSE ANHYDRE|45,46 g
1;ÉFLORNITHINE|115 mg
1;FLUOR ÉLÉMENT|0,250 mg
1;ACIDE L FOLINIQUE|10 mg
3;AMLODIPINE|10 mg;ATORVASTATINE|40 mg;PÉRINDOPRIL|6,79 mg
1;TRINITRINE|0,150 mg
1;CODÉINE|0,0657 g
1;NAFARÉLINE BASE|0,20 mg
1;CYSTÉAMINE|50 mg
1;PRUCALOPRIDE|1 mg
1;DISOPYRAMIDE|125 mg
2;AMLODIPINE|10 mg;PÉRINDOPRIL|3,338 mg
2;MAGNÉSIUM|0,025 g;ASCORBIQUE (ACIDE)|0,200 g
3;GLUCOSE ANHYDRE|77,5 g;LYSINE|1,42 g;ORNITHINE|0,32 g
1;LYSINE|6,6 g
1;IODE|240 mg
1;LÉVOMÉPROMAZINE|25 mg
1;DICLOFÉNAC SODIQUE|2 g
1;LÉVOMÉPROMAZINE|4 g
1;SILDÉNAFIL|50 mg
1;ACÉBUTOLOL BASE|200,000 mg
2;CHLORHYDRATE DE LIDOCAÏNE ANHYDRE|20,00 mg;ADRÉNALINE|0,005 mg
1;ROPINIROLE|4 mg
1;PIXANTRONE|29 mg
1;LÉVOTHYROXINE SODIQUE ANHYDRE|125 microgrammes
1;PHLOROGLUCINOL ANHYDRE|62,25 mg
1;FLUOR ÉLÉMENT|0,50 mg
1;RIVASTIGMINE|2 mg
1;PÉFLOXACINE|400,00 mg
1;PHLOROGLUCINOL ANHYDRE|
1;FLUOR ÉLÉMENT|0,750 mg
1;CEFTAROLINE FOSAMIL|600 mg
1;CLOXACILLINE|1 g
1;ÉSOMÉPRAZOLE|10 mg
2;CALCIUM ÉLÉMENT|500 mg;CHOLÉCALCIFÉROL|400 U.I.
2;GLUCOSE ANHYDRE|140 g;LYSINE|3,48 g
1;TIROFIBAN|250 microgrammes
1;BENZODODÉCINIUM (BROMURE DE) ANHYDRE|0,004 g
1;QUINAPRIL BASE|5 mg
1;CLOXACILLINE|500 mg
1;OXYCODONE|9,00 mg
1;SAXAGLIPTINE|5 mg
1;MORPHINE|15 mg
1;TRAMADOL|150 mg
1;IODE|20 g
1;NINTÉDANIB|150 mg
1;AMLODIPINE|5 mg
1;PHOSPHORE|0,0305 mg
1;TÉNOFOVIR DISOPROXIL|163 mg
1;TERBINAFINE|0,889 g
1;CHLORHYDRATE DE LIDOCAÏNE ANHYDRE|20 mg
1;MÉFLOQUINE|250 mg
2;DORZOLAMIDE|20,000 mg;TIMOLOL BASE|5,000 mg
1;FLUOXÉTINE BASE|20,00 mg
1;TAMSULOSINE|0,357 mg
1;AFATINIB|50 mg
1;RISÉDRONATE MONOSODIQUE ANHYDRE|75 mg équivalent à 69,6 mg d'acide risédronique
1;LACTULOSE|50 g
1;DIGLUCONATE DE CHLORHEXIDINE|0,51 g
1;ROPINIROLE|0,250 mg
1;VENLAFAXINE|75,00 mg
2;ZINC|0,0674 mg;CUIVRE|0,0726 mg
2;CLAVULANIQUE (ACIDE)|12,50 mg;AMOXICILLINE ANHYDRE|100,00 mg
1;IBANDRONIQUE (ACIDE)|6 mg
1;JOSAMYCINE BASE|1000,00 mg
1;CIPROFLOXACINE|0,30 g
1;DIGLUCONATE DE CHLORHEXIDINE|50 mg
2;GLUCOSE ANHYDRE|150 g;LYSINE|3,19 g
1;BUPRÉNORPHINE|4 mg
1;CHLORHYDRATE DE LIDOCAÏNE ANHYDRE|2,000 g
1;VALACICLOVIR|500 mg
1;SUFENTANIL|15 microgrammes
1;GENTAMICINE|1 mg
1;BENZOYLE (PEROXYDE DE) ANHYDRE|2,5 g
1;MÉTHYLPHÉNIDATE|34,6 mg
1;FÉSOTÉRODINE|6,2 mg
1;ATORVASTATINE|80 mg
1;DOXÉPINE|10 mg
1;PÉRINDOPRIL|1,669 mg
1;RÉMIFENTANIL BASE|1 mg
1;GLUCOSE ANHYDRE|5 g
1;DIÉTHYLCARBAMAZINE|100,0 mg
2;SULBACTAM|0,5 g;AMPICILLINE ANHYDRE|1 g
5;GLUCOSE ANHYDRE|97 g;LYSINE|2,7 g;CHLORURE DE CALCIUM ANHYDRE|0,22 g;ACÉTATE DE SODIUM ANHYDRE|1,5 g;SULFATE DE MAGNÉSIUM ANHYDRE|0,48 g
1;DEXRAZOXANE|500 mg
1;MORPHINE|7,5 mg
1;FLUVASTATINE|20 mg
1;PHÉNOXYMÉTHYLPÉNICILLINE|1 000 000 U.I.
1;BENSÉRAZIDE BASE|50 mg
1;BENZYDAMINE|2,68 mg
2;CALCIUM ÉLÉMENT|500,00 mg;CHOLÉCALCIFÉROL|400 UI
1;CIDOFOVIR ANHYDRE|375 mg
2;NALOXONE BASE|0,5 mg;BUPRÉNORPHINE|2 mg
1;MÉTOCLOPRAMIDE|13,37 mg
1;CARBIDOPA ANHYDRE|37,5 mg
2;CLAVULANIQUE (ACIDE)|62,5 mg;AMOXICILLINE ANHYDRE|500,0 mg
1;OCTRÉOTIDE|500 microgrammes
1;CEFTRIAXONE BASE|1 g
1;PAZOPANIB|200 mg
1;ACÉBUTOLOL BASE|400,00 mg
1;RILPIVIRINE|25 mg
1;LACTULOSE|10,00 g
1;CISATRACURIUM|2 mg
1;OXYDE D'ALUMINIUM|200 mg
1;PIPÉRACILLINE|1,000 g
1;AMIKACINE|50 mg
1;HYDROMORPHONE|14,24 mg
1;GLUCOSE ANHYDRE|22,7 g
1;PALIPÉRIDONE|175 mg
1;ALFENTANIL|0,500 mg
1;CIPROFLOXACINE|250 mg
1;CÉFAZOLINE BASE|1 g
1;ASÉNAPINE|5 mg
1;ZUCLOPENTHIXOL|2 g
1;LOPÉRAMIDE BASE|1,86 mg
1;PÉRINDOPRIL|1,704 mg
1;ACIDE ALENDRONIQUE|10 mg
1;CABOZANTINIB|60 mg
1;VALGANCICLOVIR|50 mg
6;CALCIUM ÉLÉMENT|100 mg;MAGNÉSIUM|100 mg;RIBOFLAVINE|15 mg;ZINC|10 mg;CHLORHYDRATE DE THIAMINE|15 mg;ACIDE PANTOTHÉNIQUE|23 mg
1;PASIRÉOTIDE|0,3 mg
1;AMIKACINE|2,5 mg
1;HYDROMORPHONE|7,12 mg.
1;FENTANYL|533 microgrammes
2;LACTATE DE SODIUM ANHYDRE|0,317 g;CHLORURE DE CALCIUM ANHYDRE|0,020 g
1;AMIKACINE|500 mg
1;PALIPÉRIDONE|75 mg
1;FLUOR ÉLÉMENT|22,6 mg
1;SAFINAMIDE|50 mg
1;MAGALDRATE ANHYDRE|800 mg
1;DEXAMÉTHASONE (PHOSPHATE DE)|4 mg
1;MICAFUNGINE|50 mg
1;FINGOLIMOD|0,5 mg
1;GLATIRAMÈRE|36 mg
1;OXYCODONE|4,48 mg
1;LÉVOMÉPROMAZINE|100 mg
1;VENLAFAXINE|150 mg
1;CALCIUM ÉLÉMENT|182,93 mg
2;CLAVULANIQUE (ACIDE)|62,50 mg;AMOXICILLINE ANHYDRE|500 mg
1;PÉRINDOPRIL|3,408 mg
1;PSEUDO-ÉPHÉDRINE|24,57 mg
1;MITOXANTRONE BASE|20 mg
1;LANRÉOTIDE BASE|60 mg
2;DIGLUCONATE DE CHLORHEXIDINE|0,2 g;CHLORURE DE BENZALKONIUM|0,5 g
1;FÉNOPROFÈNE|300 mg
1;MOXIFLOXACINE BASE|400 mg
1;ROPIVACAÏNE BASE|6,62 mg
1;LERCANIDIPINE|18,80 mg
1;TRIPTORÉLINE|3.75 mg
1;CÉFUROXIME|125 mg
1;MÉROPÉNEM ANHYDRE|1000,00 mg
1;MINOCYCLINE BASE|10 mg
1;MAGNÉSIUM|0,12 g
1;AMIKACINE|5 mg
1;DARUNAVIR|75 mg
1;SUFENTANIL|5 microgrammes
1;PROMÉTHAZINE|25,000 mg
2;TAZOBACTAM|0,5 g;CEFTOLOZANE|1 g
1;PHLOROGLUCINOL ANHYDRE|124,466 mg
1;ADRÉNALINE|0,009 mg
1;OLSALAZINE BASE|436,50 mg
1;GRANISÉTRON BASE|1,0 mg
1;ACIDE RISÉDRONIQUE|32,5 mg
1;LANTHANE|1000 mg
1;QUINAPRIL BASE|10 mg
1;FER FERRIQUE|500 mg
2;CALCIUM ÉLÉMENT|1000 mg;CHOLÉCALCIFÉROL|880 UI
1;AMOROLFINE BASE|5 g
1;NICOTINE|1,5 mg
1;GLUCOSAMINE|625 mg
1;ÉCONAZOLE BASE|0,86 g
1;ÉPOPROSTÉNOL|0,500 mg
1;PIPÉRACILLINE|2 g
1;BUPRÉNORPHINE|0,3 mg
1;NÉOMYCINE|15400 Ul
1;TOLTÉRODINE BASE|1,37 mg
1;MAGNÉSIUM|1,896 g
1;CARBIDOPA ANHYDRE|50 mg
2;BRIMONIDINE|1,3 mg;TIMOLOL BASE|5 mg
1;DEXKÉTOPROFÈNE|50 mg
1;ACIDE ACÉTYLSALICYLIQUE|75 mg
1;PASIRÉOTIDE|60 mg
1;CARBIDOPA|12,50 mg
1;SORAFÉNIB|200 mg
1;FER|105 mg
1;RISÉDRONATE MONOSODIQUE ANHYDRE|35 mg équivalent à 32,4 mg d'acide risédronique
1;CALCIUM ÉLÉMENT|1,20 g
1;TIMOLOL BASE|0,5 g
1;OXYCODONE|71,7 mg
1;LÉVOBUPIVACAÏNE|5 mg
1;PIROXICAM|20 mg
1;BROMOCRIPTINE BASE|10 mg
1;RÉTINOL|0,69 mg
1;ACIDE ACÉTYLSALICYLIQUE|500 mg
1;MÉTHYLPHÉNIDATE|25,94 mg
1;FER|66 mg
1;OLANZAPINE|405 mg
1;MIGALASTAT|123 mg
2;CHLORHYDRATE DE LIDOCAÏNE ANHYDRE|200 mg;ADRÉNALINE|0,05 mg
1;BUPRÉNORPHINE|2 mg
1;HEPTAMINOL|0,1500 g
1;COBALT|0,059 mg
1;FENTANYL|4 mg
1;METFORMINE BASE|390 mg
1;DESMOPRESSINE|120 microgrammes
1;UMÉCLIDINIUM|55 microgrammes
1;TRIMIPRAMINE BASE|25 mg
1;ZOFÉNOPRIL|7,2 mg
1;ESCITALOPRAM|10 mg
1;TESTOSTÉRONE|631,5 mg
1;CHLORHYDRATE DE ROPIVACAÏNE ANHYDRE|2,00 mg
1;MORPHINE|75 mg
1;TOBRAMYCINE|25 mg
1;GEMCITABINE|2 g
1;ROPINIROLE|8 mg
1;ÉPHÉDRINE|0,8192 g
1;KETOTIFÈNE BASE|1 mg
1;MÉTHOTREXATE|7,5 mg
1;LOSARTAN|91,52 mg
1;SÉVÉLAMER BASE|800 mg
1;ACIDE ACÉTYLSALICYLIQUE|300 mg
2;ACIDE ALENDRONIQUE|70 mg;CHOLÉCALCIFÉROL|70 microgrammes (2 800 UI)
2;AMLODIPINE|5 mg;PÉRINDOPRIL|3,3 mg
1;MÉTHYLPREDNISOLONE|20 mg
1;FOMÉPIZOLE|5 mg
2;PÉRINDOPRIL|3,395 mg;BISOPROLOL|4,24 mg
1;CIBENZOLINE|130 mg
1;GLUCOSE ANHYDRE|9 g
1;PÉRINDOPRIL|6,68 mg
1;BROMURE D'IPRATROPIUM ANHYDRE|0,25 mg
1;MÉTHYLPHÉNIDATE|46,7 mg
1;CYCLOPHOSPHAMIDE ANHYDRE|500 mg
2;CALCIUM ÉLÉMENT|1000 mg;CHOLÉCALCIFÉROL|800 UI
1;SOMATORÉLINE BASE|50 microgrammes
1;LOMÉFLOXACINE BASE|400 mg
1;GLUCOSE ANHYDRE|5,00 g
1;HYDROXOCOBALAMINE|0,50 mg
1;LYSINE|3,3 g
1;PRAZOSINE BASE|2,50 mg
1;CLINDAMYCINE BASE|10 mg
1;AZITHROMYCINE|14,3 mg
1;SCOPOLAMINE|0,35 mg
1;IODE|12 g
1;RÉGADÉNOSON|0,08 mg
1;CODÉINE|14,73 mg
2;PIPÉRACILLINE|2 g;TAZOBACTAM|0,25 g
1;CÉFOTAXIME BASE|1 g
1;NICOTINE|2,00 mg
2;CALCIUM ÉLÉMENT|1000 mg;CHOLÉCALCIFÉROL|22 microgrammes
1;SUNITINIB|25 mg
1;ACIDE ZOLÉDRONIQUE ANHYDRE|5 mg
2;AMLODIPINE|10 mg;ATORVASTATINE|10 mg
3;TYROSINE|1,06 mg;LYSINE|8,8 mg;CYSTÉINE|0,52 mg
1;AMIFAMPRIDINE|10 mg
1;TACROLIMUS ANHYDRE|0,2 mg
2;COBALT|0.029 mg;MANGANÈSE|0.027 mg
1;THÉOPHYLLINE ANHYDRE|100 mg
1;TÉTRACYCLINE|300 mg
1;ASCORBIQUE (ACIDE)|40 mg
1;ACIDE GADOTÉRIQUE|27,932 g
1;RÉTINOL|150000 UI
1;ÉTHYLMORPHINE|0,05416 g
1;ZINC|50 mg
1;GLUCOSE ANHYDRE|15 g
1;HYDROMORPHONE|21,36 mg
1;CODÉINE|18,40 mg
1;BUPRÉNORPHINE|8 mg
1;RANITIDINE BASE|150,0 mg
1;VARDÉNAFIL|20 mg
2;AMLODIPINE|10 mg;PÉRINDOPRIL|6,79 mg
1;MÉROPÉNEM ANHYDRE|500 mg
1;BOSUTINIB|500 mg
1;ROSUVASTATINE|5 mg
1;ACIDE CITRIQUE ANHYDRE|1,18900 g
2;GLUCOSE ANHYDRE|200 g;LYSINE|3,3 g
1;ÉTOPOSIDE|100 mg
1;PAZOPANIB|400 mg
1;MÉTHOTREXATE|10 mg
1;COBIMÉTINIB|20 mg
2;CHLORHYDRATE DE LIDOCAÏNE ANHYDRE|20,00 mg;ADRÉNALINE|0,01250 mg
1;ENTÉCAVIR|1 mg
1;LÉVOTHYROXINE SODIQUE ANHYDRE|50 microgrammes
2;PIPÉRACILLINE|2,0 g;TAZOBACTAM|250 mg
1;MÉTHOTREXATE|25 mg
2;PIPÉRACILLINE|4 g;TAZOBACTAM|0,50 g
1;MONOSULFURE DE SODIUM ANHYDRE|13 mg
1;PÉRINDOPRIL|1,67 mg
1;CORTICORÉLINE (HUMAINE)|100 microgrammes
1;GANIRÉLIX|0,25 mg
1;PHLOROGLUCINOL ANHYDRE|31,12 mg
1;ADRÉNALINE|150 microgrammes
5;RIBOFLAVINE|3,600 mg;THIAMINE|2,500 mg;ACIDE PANTOTHÉNIQUE|15,000 mg;PYRIDOXINE|4,000 mg;ASCORBIQUE (ACIDE)|100,000 mg
1;ACIDE GADOTÉRIQUE|279,3 mg
1;GOSÉRÉLINE BASE|3,6 mg
1;ELTROMBOPAG|25 mg
1;SODIUM (PERTECHNÉTATE [99M TC] DE)|
1;IMATINIB|100 mg
1;ATORVASTATINE|20 mg
1;ACIDE CROMOGLYCIQUE|1,830 g
1;QUÉTIAPINE|300 mg
1;MAGNÉSIUM|0,118 g
1;LACTULOSE|10 g
1;KÉTAMINE BASE|250 mg
1;GALANTAMINE|4 mg
1;AMPICILLINE ANHYDRE|500 mg
1;AMITRIPTYLINE|2,50 mg
1;RÉMIFENTANIL BASE|1,0 mg
3;GLUCOSE ANHYDRE|144 g;HISTIDINE|1,75 g;LYSINE|3,18 g
1;ORNITHINE|0,1 g
2;CEFTAZIDIME ANHYDRE|2 g;AVIBACTAM|0,5 g
1;CHLORE ACTIF|0,500 g
1;MÉTHYLPREDNISOLONE|120,00 mg
2;FRAMYCÉTINE|0,700 g;DEXAMÉTHASONE|0,077 g
1;TRINITRINE|0,3 mg
1;DRONÉDARONE|400 mg
1;SÉLÉNIUM|100 microgrammes
1;DOXYCYCLINE BASE|100,00 mg
1;KETOTIFÈNE BASE|0,02 g
1;NICOTINE|1 mg
1;SUMATRIPTAN|6,0 mg
1;ALMOTRIPTAN|12,5 mg
1;OXYCODONE|53,8 mg
1;AMPICILLINE ANHYDRE|2 g
1;ÉPOPROSTÉNOL|1,5 mg
1;GLUCOSE ANHYDRE|20 g
1;IODE|300,00 mg
1;ÉPROSARTAN|300 mg
1;ADRÉNALINE|300 microgrammes
1;ENTÉCAVIR|0,05 mg
1;LOPÉRAMIDE BASE|18,60 mg
1;PHÉNOXYMÉTHYLPÉNICILLINE|500 000 UI
1;RANITIDINE BASE|300,0 mg
1;HEXYL AMINOLÉVULINATE|85 mg
2;CHLORHYDRATE DE BUPIVACAÏNE ANHYDRE|2,5000 mg;ADRÉNALINE|0,0050 mg
1;PYRANTEL BASE|5 g
1;GALANTAMINE|8 mg
1;BÉTAMÉTHASONE|1,845 mg
2;MANGANÈSE|0,0728 mg;CUIVRE|0,0726 mg
1;IXAZOMIB|2,3 mg
1;LINCOMYCINE|600 mg
1;PROMÉTHAZINE|0,100 g
2;AMLODIPINE|5 mg;PÉRINDOPRIL|6,7 mg
1;CHLORHYDRATE DE THIAMINE ANHYDRE|100 mg
1;DALBAVANCINE|500 mg
1;CIPROFLOXACINE|750 mg
1;LÉVOTHYROXINE SODIQUE ANHYDRE|13 microgrammes
1;BROMURE D'IPRATROPIUM ANHYDRE|0,500 mg
1;OXYCODONE|54 mg
1;OXYCODONE|71,72 mg
1;MORPHINE|45 mg
1;BIVALIRUDINE|250 mg
1;IMATINIB|400 mg
1;ACIDE MYCOPHÉNOLIQUE|180 mg
1;CILAZAPRIL ANHYDRE|2,50 mg
1;BUPRÉNORPHINE|0,400 mg
1;DIGLUCONATE DE CHLORHEXIDINE|0,143 g
1;CHLORHYDRATE DE LIDOCAÏNE ANHYDRE|10,00 mg
1;RÉMIFENTANIL BASE|5,0 mg
0
1;BÉTAMÉTHASONE|5 mg
1;AZITHROMYCINE|250,0 mg
1;FLUOR ÉLÉMENT|0,0625 mg
2;GLUCOSE ANHYDRE|120 g;LYSINE|3,3 g
1;SOUFRE|19,5 mg
1;PALONOSÉTRON BASE|50 microgrammes
1;CÉFACLOR ANHYDRE|375 mg
1;ACIDE ACÉTYLSALICYLIQUE|160 mg
1;OMÉPRAZOLE|40 mg
1;NÉBIVOLOL BASE|5 mg
1;CLODRONATE DE SODIUM ANHYDRE|520 mg
1;CITRATE DE BÉTAÏNE ANHYDRE|1,89 g
1;TAMOXIFÈNE BASE|20,0 mg
1;CHLORHYDRATE DE BUPIVACAÏNE ANHYDRE|5,00 mg
3;GLUCOSE ANHYDRE|150,00 g;HISTIDINE|1,50 g;LYSINE|2,73 g
1;PÉRINDOPRIL|3,338 mg
1;GLUCOSAMINE|1178 mg
1;LEUPRORÉLINE|6,96 mg
1;ACIDE ACÉTYLSALICYLIQUE|1 g
1;BÊTA-ESTRADIOL|2,50 mg
1;HYDROMORPHONE|3,56 mg
1;MONTÉLUKAST|5 mg
1;CHLORHYDRATE DE LIDOCAÏNE ANHYDRE|5,00 g
1;TOPOTÉCANE|0,25 mg
2;OXYDE D'ALUMINIUM|0,425 g;MAGNÉSIUM (OXYDE DE)|0,45 g
1;PÉRINDOPRIL|1,669  mg
1;LANTHANE|500 mg
1;BUPRÉNORPHINE|0,200 mg
1;LÉVOTHYROXINE SODIQUE ANHYDRE|88 microgrammes
1;PALIPÉRIDONE|100 mg
1;TRAMADOL|65,88 mg
1;RIZATRIPTAN|10 mg
1;LACTULOSE|10,000 g
1;IODE|180,00 mg
1;BUPRÉNORPHINE|6 mg
2;HORMONE LUTÉINISANTE HUMAINE |600 UI;HORMONE FOLLICULO STIMULANTE |600 UI
1;POTASSIUM|0,019 mg
1;CARBIDOPA|37,50 mg
1;OLOPATADINE BASE|1 mg
1;RANITIDINE BASE|150 mg
1;QUINAPRIL BASE|20,00 mg
1;MÉTHYLPREDNISOLONE|500,00 mg
1;CARBIDOPA ANHYDRE|25  mg
1;ACIDE FOLINIQUE|10 mg
1;PANTOPRAZOLE|40,00 mg
1;ÉRYTHROMYCINE BASE|0,5 g
1;AZÉLASTINE|0,0910 g
1;LINCOMYCINE|500 mg
1;CALCIPOTRIOL|0,0050 g
1;GLUCOSE ANHYDRE|0,050 g
1;PALONOSÉTRON BASE|0,5 mg
1;CÉFÉPIME|2 g
1;RIVASTIGMINE|1,5 mg
1;GENTAMICINE|160 mg
1;GLUCOSE ANHYDRE|9,00 g
1;MÉROPÉNEM ANHYDRE|1000 mg
1;IODE|32,000 g
1;TOLTÉRODINE BASE|0,68 mg
1;POTASSIUM|166 mg
1;MÉMANTINE|8,32 mg
1;BISMUTH|37 mg
1;ACIDE FOLINIQUE|25 mg
1;SALBUTAMOL|1,25 mg
1;RILMÉNIDINE|1,0 mg
1;DORIPÉNEM|250 mg
1;IRINOTÉCAN|17,33 mg
1;TERLIPRESSINE|0,85 mg
1;ÉPOPROSTÉNOL|0,5 mg
1;ÉRIBULINE|0,88 mg
1;PYRANTEL BASE|250 mg
1;OXICONAZOLE|1,000 g
1;BAZÉDOXIFÈNE|20 mg
