comprimé;2;ZINC;CUIVRE
comprimé pelliculé sécable;1;ALIMÉMAZINE
comprimé sécable;1;METFORMINE BASE
collyre;1;LODOXAMIDE
comprimé;1;CYPROHEPTADINE
pâte à sucer;0
solution et  émulsion et  solution pour perfusion;5;GLUCOSE ANHYDRE;LYSINE;CHLORURE DE CALCIUM ANHYDRE;ACÉTATE DE SODIUM ANHYDRE;SULFATE DE MAGNÉSIUM ANHYDRE
dispositif et  gel;0
poudre et  solvant pour suspension injectable à libération prolongée;0
solution injectable;1;CHLORHYDRATE DE THIAMINE ANHYDRE
granulés gastro-résistant(e);0
gélule à libération prolongée;1;VENLAFAXINE
collyre à libération prolongée;0
comprimé pelliculé;2;AMLODIPINE;PÉRINDOPRIL
solution et  émulsion et  solution pour perfusion;2;GLUCOSE ANHYDRE;LYSINE
comprimé pelliculé;1;ELTROMBOPAG
granulés effervescent(e);0
gélule;3;ZINC;SÉLÉNIUM;ASCORBIQUE (ACIDE)
implant;1;GOSÉRÉLINE BASE
solution et  solution et  émulsion pour perfusion;3;GLUCOSE ANHYDRE;LYSINE;ORNITHINE
solution pour pulvérisation;1;AZÉLASTINE
poudre pour solution injectable pour perfusion;2;CLAVULANIQUE (ACIDE);AMOXICILLINE ANHYDRE
gélule;1;AMPICILLINE ANHYDRE
poudre pour solution pour perfusion;2;CILASTATINE ANHYDRE;IMIPÉNEM ANHYDRE
gelée;0
granulés pour suspension buvable;1;RANÉLATE DE STRONTIUM ANHYDRE
comprimé pelliculé sécable;1;SERTRALINE BASE
comprimé pelliculé sécable;1;SUMATRIPTAN
solution injectable;1;TESTOSTÉRONE
poudre et  suspension pour suspension injectable;0
comprimé pelliculé;1;RISÉDRONATE MONOSODIQUE ANHYDRE
comprimé pelliculé;1;NARATRIPTAN
comprimé sécable à libération prolongée;1;THÉOPHYLLINE ANHYDRE
suppositoire;1;BISMUTH
vernis à ongles médicamenteux(se);0
poudre et  solvant pour usage parentéral;1;VANCOMYCINE BASE
solution injectable ou à diluer pour perfusion;1;LÉVOBUPIVACAÏNE
granulés pour suspension buvable;0
poudre et  solvant pour inhalation par nébuliseur;0
poudre pour suspension pour administration intravésicale;0
poudre pour inhalation;1;SALMÉTÉROL BASE
poudre pour solution buvable;1;METFORMINE BASE
granulés pour suspension buvable;1;CÉFUROXIME
mousse;2;CALCIPOTRIOL;BÉTAMÉTHASONE
comprimé pelliculé;1;ÉTHINYLESTRADIOL
solution injectable;1;TRIPHOSADÉNINE
solution à diluer injectable ou pour perfusion;0
 comprimé et solution(s) et granules et poudre;0
solution injectable;0
solution injectable;1;MIDAZOLAM
solution pour perfusion;1;MOXIFLOXACINE BASE
poudre pour solution injectable;2;CLAVULANIQUE (ACIDE);TICARCILLINE BASE
suspension pour inhalation;1;SALBUTAMOL
comprimé sécable;1;TERBINAFINE
poudre pour solution à diluer pour perfusion;1;CEFTOBIPROLE
solution ou;1;IODE
solution buvable en gouttes;1;CALCIFÉDIOL ANHYDRE
poudre pour solution injectable;1;PARÉCOXIB
comprimé;1;MANGANÈSE
solution et  solution et  émulsion pour perfusion;5;GLUCOSE ANHYDRE;LYSINE;CHLORURE DE CALCIUM ANHYDRE;ACÉTATE DE SODIUM ANHYDRE;SULFATE DE MAGNÉSIUM ANHYDRE
comprimé à libération prolongée;1;DIHYDROCODÉINE
solution pour pulvérisation;1;TRINITRINE
solution buvable gouttes;1;ZUCLOPENTHIXOL
capsule molle;1;CHLORURE DE BENZALKONIUM
gel pour application;1;BENZOYLE (PEROXYDE DE) ANHYDRE
comprimé pelliculé;1;ALISKIRÈNE
comprimé pelliculé sécable;4;QUININE;QUINIDINE;CINCHONIDINE BASE;CINCHONINE
tampon imprégné(e) pour inhalation par fumigation;0
solution pour perfusion;1;TIROFIBAN
poudre et  solvant pour préparation injectable;1;HYDROCORTISONE
solution injectable;1;CHLORHYDRATE DE LIDOCAÏNE ANHYDRE
comprimé pelliculé;1;CARBIDOPA ANHYDRE
poudre pour solution injectable ou pour perfusion;1;CYCLOPHOSPHAMIDE ANHYDRE
solution et  solution pour perfusion;3;GLUCOSE ANHYDRE;LYSINE;CYSTÉINE
comprimé;1;TILUDRONIQUE (ACIDE)
film orodispersible;1;SILDÉNAFIL
microsphère et  solution pour usage parentéral à libération prolongée;0
collyre en solution;1;GENTAMICINE
comprimé sécable;1;CHLORHYDRATE D'AMILORIDE ANHYDRE
plante(s) pour tisane;1;SENNOSIDES
comprimé pelliculé;1;LOXAPINE BASE
comprimé dispersible;1;AMOXICILLINE ANHYDRE
poudre pour usage parentéral;1;ACIDE FOLINIQUE
solution et  solution injectable;0
comprimé pelliculé;1;VORTIOXÉTINE
comprimé à libération prolongée;1;FÉSOTÉRODINE
solution et  solution pour dialyse péritonéale;2;GLUCOSE ANHYDRE;LACTATE DE SODIUM ANHYDRE
solution pour perfusion;3;TYROSINE;LYSINE;CYSTÉINE
poudre pour solution injectable;1;TICARCILLINE BASE
comprimé pelliculé sécable;1;CHLORPROMAZINE
poudre pour suspension et;0
suspension buvable et;1;FER
solution injectable pour usage dentaire;1;NORADRÉNALINE
poudre pour solution injectable et pour perfusion;0
poudre pour solution injectable ou pour perfusion;1;ÉSOMÉPRAZOLE
poudre pour suspension buvable;1;SILDÉNAFIL
comprimé pelliculé gastro-résistant(e);0
comprimé pelliculé;1;ÉNOXACINE ANHYDRE
dispersion liposomale à diluer injectable;1;DAUNORUBICINE
gélule;1;SONIDÉGIB
solution injectable;1;OXYCODONE
éluat et  solution;1;SODIUM (PERTECHNÉTATE [99M TC] DE)
solution injectable;1;PHÉNYLÉPHRINE
comprimé;1;TERBINAFINE
comprimé à libération prolongée;1;TACROLIMUS ANHYDRE
solution injectable;1;LÉVOMÉPROMAZINE
solution à diluer pour perfusion;1;DOCÉTAXEL ANHYDRE
poudre pour suspension buvable;1;CEFPODOXIME
lyophilisat et  solution pour usage parentéral;0
solution buvable;1;OXYCODONE
comprimé pelliculé;1;LÉVOCÉTIRIZINE
microgranule en comprimé;1;DOXYCYCLINE BASE
lyophilisat et  solvant pour usage parentéral;1;SOMATOSTATINE
collyre en solution;1;APRACLONIDINE
comprimé sécable;1;DOXYCYCLINE BASE
comprimé pelliculé;2;TÉNOFOVIR ALAFÉNAMIDE;RILPIVIRINE
solution;2;TIOTROPIUM;OLODATÉROL
pommade;2;CALCIPOTRIOL;BÉTAMÉTHASONE
poudre et  solvant pour solution injectable;1;LEUPRORÉLINE
émulsion pour application;1;TACALCITOL
comprimé pelliculé à libération prolongée;0
comprimé enrobé;1;BISULFATE DE QUININE ANHYDRE
poudre pour solution à diluer pour perfusion;1;PIXANTRONE
comprimé à libération prolongée;1;ROPINIROLE
sirop;1;POTASSIUM
gélule;1;SUNITINIB
poudre et  solvant pour solution injectable;1;CÉTRORÉLIX BASE
sirop;2;PROMÉTHAZINE;NOSCAPINE
pâte pour usage dentaire;0
comprimé à croquer;0
collyre en solution;1;BROMFÉNAC
comprimé;1;HEPTAMINOL
gomme;0
lotion;1;BÉTAMÉTHASONE
poudre pour solution à diluer pour perfusion;0
poudre pour solution pour perfusion ou buvable;1;VANCOMYCINE BASE
poudre et  solution pour préparation injectable;0
émulsion pour application;1;BÉTAMÉTHASONE
pâte pour application;0
solution buvable;1;MAGNÉSIUM
poudre pour solution injectable pour perfusion;1;MÉROPÉNEM ANHYDRE
poudre et  solvant pour solution injectable;1;MÉTHYLPREDNISOLONE
solution gouttes;0
solution pour préparation injectable;0
pansement médicamenteux(se);0
poudre pour solution buvable;1;CALCIUM ÉLÉMENT
solution pour application moussant(e);0
comprimé pelliculé sécable;1;LOSARTAN
comprimé pelliculé;1;GALANTAMINE
gélule;1;CYSTÉAMINE
suspension pour inhalation;0
solution buvable;1;LOPÉRAMIDE BASE
lyophilisat et  solvant pour solution injectable;0
comprimé pelliculé;1;CIPROFLOXACINE
comprimé pelliculé sécable;1;ROSUVASTATINE
solution;1;OLODATÉROL
solution injectable pour usage dentaire;1;ADRÉNALINE
trousse radiopharmaceutique;0
comprimé;1;VENLAFAXINE
gel dentifrice;0
solution et  solution et  émulsion pour perfusion;2;GLUCOSE ANHYDRE;LYSINE
poudre pour suspension pour perfusion;0
solution injectable;1;ATRACURIUM
poudre et  solvant pour dispersion injectable;0
solution pour instillation;0
générateur radiopharmaceutique;1;SODIUM (PERTECHNÉTATE [99M TC] DE)
solution injectable pour perfusion;1;PÉFLOXACINE
comprimé pelliculé;1;DOXYCYCLINE BASE
comprimé pelliculé;1;MÉMANTINE
poudre pour solution à diluer pour perfusion;1;DALBAVANCINE
gélule à libération prolongée;1;DISOPYRAMIDE
poudre et  solution pour solution injectable;0
substitut de tissu vivant;0
comprimé pelliculé;1;ENTÉCAVIR
 crème et solution et granules et poudre et pommade;0
solution injectable;1;ONDANSÉTRON
comprimé pelliculé sécable;0
solution buvable gouttes;1;CHLORPROMAZINE
comprimé pelliculé;1;METFORMINE BASE
film orodispersible;1;FENTANYL
emplâtre médicamenteux(se);1;BÉTAMÉTHASONE
ovule à libération prolongée;0
poudre et  solvant pour suspension injectable;1;OCTRÉOTIDE
emplâtre médicamenteux(se);1;DICLOFÉNAC SODIQUE
comprimé;2;COBALT;MANGANÈSE
comprimé à libération modifiée;1;AMLODIPINE
comprimé pelliculé;1;MAGNÉSIUM
pommade;1;CIPROFLOXACINE
poudre pour solution injectable;1;CÉFAZOLINE BASE
collyre en solution;1;KETOTIFÈNE BASE
crème épaisse pour application;0
solution pour inhalation par nébuliseur;1;SALBUTAMOL
comprimé pelliculé;1;NALOXÉGOL
comprimé pelliculé à libération prolongée;1;KETOTIFÈNE BASE
comprimé pelliculé;1;ALMOTRIPTAN
comprimé pelliculé à libération prolongée;1;FLUVASTATINE
poudre pour suspension buvable;2;CALCIUM ÉLÉMENT;CHOLÉCALCIFÉROL
solution pour pulvérisation;1;THIOPHÈNECARBOXYLATE
comprimé dispersible et orodispersible;0
comprimé pelliculé;1;ÉLÉTRIPTAN
solution buvable;1;ACIDE URIDINE-5' TRIPHOSPHORIQUE SEL TRISODIQUE ANHYDRE
solution injectable;1;GLUCOSE ANHYDRE
solution buvable;1;LITHIUM
comprimé pelliculé sécable;1;LÉVOMÉPROMAZINE
comprimé orodispersible;1;RIZATRIPTAN
comprimé pelliculé;0
comprimé pelliculé;4;CALCIUM ÉLÉMENT;MAGNÉSIUM;ZINC;ACIDE PANTOTHÉNIQUE
gélule à libération prolongée;1;THÉOPHYLLINE ANHYDRE
solution injectable à diluer pour perfusion;0
comprimé;1;MAGNÉSIUM
poudre pour solution à diluer pour perfusion;1;CEFTAROLINE FOSAMIL
comprimé pelliculé;1;IRBÉSARTAN
comprimé à sucer;1;BÉTAMÉTHASONE
comprimé enrobé;1;PROMÉTHAZINE
sirop;1;ÉTHYLMORPHINE
solution filmogène pour application;0
suspension colloidale injectable;0
solution pour pulvérisation;1;DESMOPRESSINE
solution et  solution pour hémofiltration et pour hémodialyse;0
comprimé dispersible sécable;1;FLUOXÉTINE BASE
comprimé pelliculé;2;CLAVULANIQUE (ACIDE);AMOXICILLINE ANHYDRE
solution injectable;1;ACIDE L FOLINIQUE
comprimé dispersible orodispersible;1;PHLOROGLUCINOL ANHYDRE
solution buvable;1;PHOSPHORE
comprimé gastro-résistant(e);0
solution pour inhalation par fumigation;0
comprimé à libération prolongée;1;DIHYDROERGOTAMINE BASE
solution pour instillation;2;LIDOCAÏNE;FLUDROCORTISONE
poudre pour solution injectable;1;MÉTHYLPREDNISOLONE
solvant(s) et poudre(s) pour colle;0
pastille;1;NICOTINE
gélule;1;BROMOCRIPTINE BASE
gélule;1;RÉTINOL
gélule;1;AMOXICILLINE ANHYDRE
poudre pour solution injectable;1;FOSFOMYCINE
comprimé pelliculé sécable;1;CILAZAPRIL ANHYDRE
poudre pour solution injectable;1;CÉFAMANDOLE BASE
poudre et  solvant pour solution;0
solution à diluer pour perfusion;0
comprimé pelliculé;1;CÉFUROXIME
comprimé quadrisécable;1;NÉBIVOLOL BASE
comprimé pelliculé;1;CÉLIPROLOL
solution buvable;1;L-ARGININE
poudre pour solution injectable;1;PIPÉRACILLINE
poudre et  solvant pour solution;1;HEXYL AMINOLÉVULINATE
sirop;1;PROMÉTHAZINE
poudre pour aérosol et pour usage parentéral;0
poudre pour solution injectable;1;CYCLOPHOSPHAMIDE ANHYDRE
solution injectable;1;ACIDE FOLINIQUE
comprimé pelliculé;1;QUINAPRIL BASE
gélule;1;PALONOSÉTRON BASE
gélule gastro-résistant(e);1;ÉSOMÉPRAZOLE
solution injectable à diluer;0
solution pour application stérile;0
gélule;1;FLUOXÉTINE BASE
solution injectable;2;CHLORHYDRATE DE BUPIVACAÏNE ANHYDRE;ADRÉNALINE
granulés pour sirop;2;SULFAFURAZOL;ÉRYTHROMYCINE BASE
comprimé pelliculé;1;SORAFÉNIB
gélule;1;MIGALASTAT
comprimé enrobé;1;PIPÉMIDIQUE (ACIDE)
ovule;0
comprimé pour suspension buvable;1;RÉTINOL
solution buvable;2;ZINC;CUIVRE
solution pour application;0
comprimé muco-adhésif;0
solution et  poudre pour injection;0
comprimé à libération prolongée;0
comprimé pelliculé sécable;1;PÉRINDOPRIL
comprimé pelliculé;1;IBUPROFÈNE
poudre et  solution pour usage parentéral;0
solution pour usage dentaire;0
comprimé pelliculé et  comprimé pelliculé pelliculé;1;ÉTHINYLESTRADIOL
comprimé sécable;1;PRAMIPEXOLE BASE
gélule;1;LENVATINIB
comprimé à sucer;1;MAGNÉSIUM
solution et  solution pour marquage;0
collyre en suspension;0
suspension pour application;0
collyre en émulsion;0
lyophilisat et  solvant pour collyre;0
comprimé enrobé;0
comprimé pelliculé sécable;1;MORPHINE
comprimé sécable;1;DIÉTHYLCARBAMAZINE
solution injectable;1;ATOSIBAN
comprimé à libération prolongée;1;QUÉTIAPINE
comprimé orodispersible;1;OXYCODONE
capsule molle;1;TAFAMIDIS
gélule gastro-résistant(e);1;CYSTÉAMINE
comprimé gastro-résistant(e);1;ACIDE MYCOPHÉNOLIQUE
solution injectable pour perfusion;1;DEXKÉTOPROFÈNE
gélule;1;SERTRALINE BASE
comprimé pelliculé sécable;1;CITALOPRAM BASE
comprimé pelliculé;1;DASABUVIR
comprimé sécable;1;LÉVOTHYROXINE SODIQUE ANHYDRE
solution buvable à diluer;0
pommade;1;MUPIROCINE
poudre et  solvant pour collyre en solution;0
comprimé;1;DIMÉTICONE
comprimé orodispersible;1;CALCIUM ÉLÉMENT
gélule;1;LINCOMYCINE
comprimé osmotique;1;PRAZOSINE BASE
solution à diluer injectable ou pour perfusion;1;GRANISÉTRON BASE
pastille;0
éponge pour usage dentaire;0
crème pour usage dentaire;0
solution injectable;2;MÉGLUMINE;ACIDE GADOBÉNIQUE
comprimé;1;RIZATRIPTAN
granulés;0
solution pour pulvérisation ou;0
comprimé pelliculé à libération prolongée;1;CÉFACLOR ANHYDRE
comprimé pelliculé sécable;1;MÉMANTINE
émulsion pour application;0
solution injectable;1;PALONOSÉTRON BASE
comprimé pelliculé;1;SERTRALINE BASE
collyre;0
comprimé pelliculé;1;DOXYCYCLINE HYDRATÉE
gélule;1;GLUCOSAMINE
comprimé pelliculé quadrisécable;1;ATORVASTATINE
comprimé pelliculé;1;PAZOPANIB
poudre pour solution injectable ou pour perfusion;1;DACARBAZINE
comprimé pelliculé;1;PIPÉRAQUINE (TÉTRAPHOSPHATE DE)
comprimé enrobé;1;BAMIFYLLINE BASE
granulés pour suspension buvable;1;RALTÉGRAVIR
gélule;1;ALECTINIB
comprimé osmotique pelliculé à libération prolongée;0
poudre pour usage parentéral;1;CÉFÉPIME
comprimé effervescent(e) sécable;0
solution buvable;2;MAGNÉSIUM;ASCORBIQUE (ACIDE)
gel pour usage dentaire;0
crème;0
solution pour perfusion;2;MAGNÉSIUM (ACÉTATE DE);CALCIUM (ACÉTATE DE)
solution injectable;1;TOBRAMYCINE
solution concentré(e) à diluer pour perfusion;0
poudre pour solution injectable;2;CLAVULANIQUE (ACIDE);AMOXICILLINE ANHYDRE
solution;1;DESMOPRESSINE
comprimé enrobé à libération prolongée;0
poudre et  solvant pour solution injectable;1;SOMATORÉLINE BASE
comprimé pelliculé;1;MOXIFLOXACINE BASE
suspension à diluer pour perfusion;0
lyophilisat;0
suspension injectable à libération prolongée;0
poudre pour injection;0
poudre effervescent(e) pour solution buvable;0
comprimé enrobé;1;PIZOTIFÈNE BASE
solution injectable pour perfusion;1;OCTRÉOTIDE
microgranule gastro-résistant(e) en gélule;1;ÉRYTHROMYCINE BASE
poudre pour inhalation en gélule;0
solution pour perfusion;1;AMIKACINE
poudre pour solution injectable;1;VANCOMYCINE BASE
solution à diluer pour perfusion;1;POTASSIUM
suspension buvable à diluer;0
solution injectable pour perfusion;1;LACTATE DE SODIUM ANHYDRE
tampon imprégné(e) pour inhalation;0
solution pour application;1;CLINDAMYCINE BASE
comprimé pelliculé;1;GRANISÉTRON BASE
compresse imprégné(e) pour usage dentaire;0
poudre pour suspension buvable;1;CALCIUM ÉLÉMENT
solution injectable;1;CHLORHYDRATE DE NALOXONE ANHYDRE
comprimé;1;CÉFUROXIME
solution buvable;1;CITALOPRAM BASE
poudre pour solution pour perfusion;1;CEFTAZIDIME ANHYDRE
comprimé effervescent(e);1;CALCIUM ÉLÉMENT
solution injectable ou pour perfusion;1;OXYCODONE
pastille à sucer;0
comprimé pelliculé;1;SOLIFÉNACINE
comprimé sécable;1;PIROXICAM
comprimé gastro-résistant(e);1;VALPROÏQUE (ACIDE)
comprimé;1;ADÉFOVIR
lyophilisat pour usage parentéral;5;RIBOFLAVINE;THIAMINE;ACIDE PANTOTHÉNIQUE;PYRIDOXINE;ASCORBIQUE (ACIDE)
gélule à libération prolongée;1;HYDROMORPHONE
comprimé à mâcher;1;CALCIUM ÉLÉMENT
ovule;1;CHLORURE DE BENZALKONIUM
poudre pour suspension buvable en pot;0
collyre;1;CIPROFLOXACINE
comprimé;1;FLUOR ÉLÉMENT
comprimé pelliculé sécable;1;DOXYCYCLINE BASE
solution injectable;1;DEXAMÉTHASONE (PHOSPHATE DE)
comprimé;2;MANGANÈSE;CUIVRE
suspension buvable;1;OXYDE D'ALUMINIUM
poudre pour inhalation en gélule;1;TIOTROPIUM
gel;1;DIGLUCONATE DE CHLORHEXIDINE
comprimé pelliculé;1;FÉNOPROFÈNE
solution injectable;1;LINCOMYCINE
solution pour perfusion;1;GENTAMICINE
comprimé pelliculé;1;IVABRADINE
solution pour perfusion;1;TRÉPROSTINIL
comprimé et  comprimé pelliculé;1;BÊTA-ESTRADIOL
comprimé;1;DEXAMÉTHASONE
suspension injectable;1;BÉTAMÉTHASONE
suspension pour pulvérisation;0
trousse et  trousse pour préparation radiopharmaceutique;1;RHÉNIUM
solution injectable;1;ALFENTANIL
solution injectable ou pour perfusion;1;FER
poudre pour solution injectable ou pour perfusion;1;TÉMOCILLINE
poudre pour solution pour inhalation par nébuliseur;0
comprimé à croquer;2;AMYLASE FONGIQUE;DIASTASE DE L'ORGE GERMÉE
solvant pour préparation parentérale;0
solution pour perfusion;2;LYSINE;CYSTÉINE
poudre pour solution pour injection ou pour perfusion;0
solution injectable;1;GANIRÉLIX
comprimé;1;ÉSÉRIDINE BASE
comprimé pelliculé sécable;1;ESCITALOPRAM
comprimé pelliculé;1;GRAZOPRÉVIR
comprimé;1;PRAMIPEXOLE BASE
solution buvable gouttes;1;PREDNISOLONE
suspension injectable à libération prolongée;1;PALIPÉRIDONE
solution injectable;1;CLINDAMYCINE BASE
comprimé sécable;1;BROMOCRIPTINE BASE
solution buvable;1;POTASSIUM
poudre pour solution buvable;1;VALGANCICLOVIR
poudre et  solvant pour suspension injectable à libération prolongée;1;LEUPRORÉLINE
solution à diluer injectable;0
comprimé pour suspension buvable;0
comprimé effervescent(e);1;CÉFACLOR ANHYDRE
bâton pour usage dentaire;0
poudre pour usage parentéral;1;CÉFAMANDOLE BASE
gélule;1;MILNACIPRAN
comprimé orodispersible;1;ONDANSÉTRON
insert;0
comprimé à libération modifiée;0
collyre;1;BÉTAXOLOL BASE
solution pour pulvérisation;1;LIDOCAÏNE
crème;1;FENTICONAZOLE BASE
comprimé;1;SUFENTANIL
comprimé à croquer;1;RALTÉGRAVIR
comprimé;1;METFORMINE BASE
comprimé pelliculé à libération prolongée;1;TAMSULOSINE
solution buvable;3;MANGANÈSE;CUIVRE;FER
poudre et  solution pour usage parentéral à diluer;0
comprimé pelliculé;1;NALMÉFÈNE
gélule;1;ZINC
gélule;1;OLSALAZINE BASE
poudre et  solvant pour solution injectable;1;CEFTRIAXONE BASE
gel;1;DICLOFÉNAC SODIQUE
lyophilisat et  solution pour usage parentéral;1;HYDROCORTISONE
comprimé pelliculé;2;DIOSMINE;HESPÉRIDINE
solution injectable;1;MÉTHYLERGOMÉTRINE BASE
solution à diluer pour perfusion;1;DEXMÉDÉTOMIDINE
comprimé sécable;1;TIAPRIDE BASE
comprimé pelliculé sécable;1;CIBENZOLINE
solution pour dialyse péritonéale;2;GLUCOSE ANHYDRE;LACTATE DE SODIUM ANHYDRE
gel pour lavement;0
solution pour perfusion;2;GLUCOSE ANHYDRE;LYSINE
poudre et  solvant pour suspension injectable;0
poudre pour inhalation et  poudre pour inhalation;1;VILANTÉROL
comprimé pelliculé;1;DOLUTÉGRAVIR
trousse;0
poudre pour suspension buvable;1;AZITHROMYCINE
solution pour perfusion;1;FER
pommade pour application;0
comprimé sécable;1;ACIDE FOLINIQUE
 solution et granules et poudre et pommade;0
solution pour perfusion;1;LYSINE
gel pour application;0
poudre pour solution injectable pour perfusion ou buvable;0
comprimé;1;RUXOLITINIB
solution et  solution injectable pour perfusion;2;GLUCOSE ANHYDRE;LYSINE
poudre pour solution injectable ou pour perfusion;1;RÉMIFENTANIL BASE
suspension et  solvant pour usage dentaire;0
comprimé pelliculé;2;PÉRINDOPRIL;BISOPROLOL
comprimé pelliculé;1;RILPIVIRINE
comprimé pelliculé et  comprimé pelliculé;1;VARÉNICLINE
pommade;1;CALCIPOTRIOL
solution pour prick-test;0
comprimé pelliculé et  comprimé pelliculé et  comprimé pelliculé;0
solution pour bain de bouche;1;DIGLUCONATE DE CHLORHEXIDINE
comprimé pelliculé;1;TOLTÉRODINE BASE
poudre pour solution injectable;1;ACIDE ACÉTYLSALICYLIQUE
comprimé pelliculé;1;SUMATRIPTAN
solution injectable;1;MIVACURIUM
suspension pour inhalation par nébuliseur;0
comprimé effervescent(e) sécable;1;PREDNISOLONE
solution injectable;1;IODE [123 I]
liquide;0
comprimé;1;ACIDE FOLINIQUE
comprimé;1;LISINOPRIL ANHYDRE
générateur radiopharmaceutique;1;KRYPTON [81M KR]
poudre pour solution à diluer injectable pour perfusion;1;RÉMIFENTANIL BASE
poudre pour solution injectable;1;PANTOPRAZOLE
comprimé enrobé;1;TAMOXIFÈNE BASE
gel;1;TIMOLOL BASE
comprimé;1;POTASSIUM
comprimé pelliculé;1;CÉFOTIAM
système de diffusion;1;BÊTA-ESTRADIOL
gomme à mâcher;1;NICOTINE
crème et solution et granules et poudre unidose;0
gélule;1;TÉTRACYCLINE
comprimé;1;GLUCOSAMINE
poudre et  solvant pour préparation injectable;0
poudre et  solvant pour solution injectable;2;HORMONE LUTÉINISANTE HUMAINE ;HORMONE FOLLICULO STIMULANTE 
granulés pour solution buvable;1;ÉRYTHROMYCINE BASE
gélule;1;PROCARBAZINE
solution injectable à libération prolongée;1;LANRÉOTIDE BASE
comprimé à libération prolongée;1;TRAMADOL
comprimé pelliculé et  comprimé pelliculé pelliculé;1;BÊTA-ESTRADIOL
comprimé effervescent(e);1;MAGNÉSIUM
comprimé à croquer;1;LANTHANE
solution buvable gouttes;1;PIPAMPÉRONE BASE
gélule et  gélule gastro-résistant(e);0
solution à diluer pour perfusion;2;L-ALANINE;GLUTAMINE
comprimé pelliculé sécable;1;PÉFLOXACINE
émulsion injectable ou pour perfusion;0
solution pour bain de bouche;0
comprimé à libération modifiée;1;BAZÉDOXIFÈNE
solution;1;BUSÉRÉLINE
granulés pour suspension buvable;1;CEFPODOXIME
comprimé sécable;1;IMIDAPRIL BASE
comprimé pelliculé;1;CARBIDOPA
compresse et solution(s) et générateur radiopharmaceutique;1;SODIUM (PERTECHNÉTATE [99M TC] DE)
comprimé enrobé et  comprimé enrobé;0
capsule molle;1;NINTÉDANIB
gélule;1;TACROLIMUS ANHYDRE
poudre pour solution injectable ou pour perfusion;1;CÉFUROXIME
comprimé pelliculé sécable à libération prolongée;0
comprimé pelliculé;1;TRAMADOL
poudre pour inhalation et  poudre pour inhalation pour inhalation;2;VILANTÉROL;UMÉCLIDINIUM
implant;1;LEUPRORÉLINE
comprimé effervescent(e);1;RANITIDINE BASE
trousse et  trousse pour préparation radiopharmaceutique;0
gélule;1;RIVASTIGMINE
collyre;1;PICLOXYDINE BASE
solution injectable;1;MÉTHOTREXATE
poudre pour solution buvable;1;GLUCOSAMINE
poudre pour suspension implantable;0
comprimé à libération prolongée;1;MÉTOCLOPRAMIDE
shampooing;0
lyophilisat pour usage parentéral;0
comprimé;2;AMLODIPINE;PÉRINDOPRIL
solution pour inhalation;0
suspension pour instillation;0
solution buvable;2;MANGANÈSE;CUIVRE
solution injectable;1;GADOLINIUM
poudre pour solution à diluer pour perfusion;1;CHLORHYDRATE DE BENDAMUSTINE
solution à diluer pour perfusion;1;VINFLUNINE
solution buvable gouttes;0
comprimé à croquer;1;MYRTÉCAÏNE
crème;1;ÉFLORNITHINE
poudre pour suspension ou;0
pâte dentifrice;1;FLUOR ÉLÉMENT
gélule;1;ACIDE FOLINIQUE
collyre en solution;1;BRIMONIDINE
comprimé dispersible et orodispersible;1;PHLOROGLUCINOL ANHYDRE
capsule molle ou;0
solution à diluer pour perfusion;1;ACIDE ZOLÉDRONIQUE ANHYDRE
gel;1;LITHIUM
poudre pour solution pour perfusion;0
poudre pour solution buvable;1;ACIDE 5-AMINOLÉVULINIQUE
solution pour inhalation par nébuliseur;1;ILOPROST
comprimé sécable;1;LISINOPRIL ANHYDRE
comprimé pelliculé;1;FER
gel pour application;1;BÊTA-ESTRADIOL
poudre pour solution buvable;2;CALCIUM ÉLÉMENT;CHOLÉCALCIFÉROL
collyre;1;DEXAMÉTHASONE (PHOSPHATE DE)
solution pour perfusion;0
solution injectable pour perfusion;1;LÉVOBUPIVACAÏNE
liquide pour inhalation par vapeur;0
sirop;1;PENTOXYVÉRINE
gélule;1;OXYCODONE
comprimé pelliculé à libération prolongée;1;OXYCODONE
lyophilisat;1;LOPÉRAMIDE BASE
suspension pour pulvérisation;1;DIPROPIONATE DE BÉCLOMÉTASONE
comprimé pelliculé sécable;1;METFORMINE BASE
lyophilisat pour usage parentéral;1;VANCOMYCINE BASE
solution pour hémodialyse pour hémodialyse et  solution pour hémodialyse pour hémodialyse;1;GLUCOSE ANHYDRE
lyophilisat pour préparation injectable;0
comprimé dispersible ou à croquer;0
suspension buvable ou;0
solution pour perfusion;1;ACIDE ZOLÉDRONIQUE ANHYDRE
solution injectable pour perfusion;1;CLODRONATE DE SODIUM ANHYDRE
collyre en solution;1;TIMOLOL BASE
suspension pour pulvérisation;1;FUROATE DE MOMÉTASONE
poudre pour solution injectable pour perfusion;1;ÉSOMÉPRAZOLE
poudre pour solution injectable ou pour perfusion;1;CEFTAZIDIME ANHYDRE
comprimé sécable;1;VENLAFAXINE
poudre et  solvant pour solution injectable pour perfusion ou buvable;0
comprimé pelliculé;1;SAQUINAVIR
gélule à libération modifiée;1;MÉTHYLPHÉNIDATE
solution buvable;3;COBALT;ZINC;NICKEL
comprimé pelliculé;1;MONTÉLUKAST
solution injectable;1;IBANDRONIQUE (ACIDE)
comprimé sécable;1;LITHIUM
crème;1;CHLORURE DE BENZALKONIUM
collyre;1;TIMOLOL BASE
solution à diluer pour solution injectable pour perfusion;0
poudre pour solution injectable ou pour perfusion;2;CLAVULANIQUE (ACIDE);AMOXICILLINE ANHYDRE
comprimé pelliculé;1;RÉGORAFÉNIB
solution pour perfusion;1;GLUCOSE ANHYDRE
comprimé pelliculé;1;ONDANSÉTRON
comprimé pelliculé;1;ACIDE ALENDRONIQUE
microgranule gastro-résistant(e) en gélule;0
comprimé enrobé;1;CYCLOPHOSPHAMIDE ANHYDRE
solution injectable;1;ALIZAPRIDE
comprimé;1;LITHIUM
poudre et  solvant pour suspension injectable à libération prolongée;1;OLANZAPINE
granulés;1;TÉNOFOVIR DISOPROXIL
comprimé à croquer ou à sucer;2;CALCIUM ÉLÉMENT;CHOLÉCALCIFÉROL
comprimé pelliculé;1;COBIMÉTINIB
solution et  solution pour perfusion;0
comprimé;1;ZINC
solution à diluer injectable pour perfusion;1;PHÉNYTOÏNE SODIQUE
solution injectable pour perfusion;0
solution pour perfusion;1;LÉVOBUPIVACAÏNE
poudre et  solvant pour usage parentéral;0
 crème et solution et granules et poudre;0
comprimé pelliculé;1;CARPIPRAMINE BASE
collyre;1;GENTAMICINE
microgranule à libération prolongée en gélule;1;TAMSULOSINE
solution buvable;1;DARUNAVIR
solution à diluer pour perfusion;1;VINORELBINE
solution pour perfusion;1;SALBUTAMOL
lotion;0
pommade;0
comprimé pelliculé;1;ABACAVIR BASE
emplâtre;0
lyophilisat;1;DESMOPRESSINE
granulés à croquer;0
comprimé pelliculé;1;FOSAMPRÉNAVIR
comprimé pelliculé;2;AMLODIPINE;ATORVASTATINE
comprimé;1;OXYDE DE LOPÉRAMIDE ANHYDRE
comprimé;1;AMLODIPINE
gélule;1;SAQUINAVIR
comprimé;1;SILDÉNAFIL
poudre pour solution buvable;1;MAGNÉSIUM
solution injectable;1;PASIRÉOTIDE
poudre et  solvant pour solution injectable;1;CORTICORÉLINE (HUMAINE)
poudre pour solution pour perfusion;1;FOSFOMYCINE
solution et  solution pour application;0
poudre pour préparation injectable;1;STREPTOMYCINE BASE
poudre et  solvant pour solution injectable;1;SPECTINOMYCINE
solution injectable pour usage dentaire;2;CHLORHYDRATE DE LIDOCAÏNE ANHYDRE;NORADRÉNALINE
plante(s) pour tisane;0
comprimé pelliculé;1;TIAGABINE ANHYDRE
matrice;0
granulés pour solution buvable;0
poudre pour solution injectable;1;CLOXACILLINE
comprimé pour solution buvable;0
solution injectable;1;AMITRIPTYLINE
granulés pour solution buvable;1;FOSFOMYCINE
solution injectable et buvable;0
comprimé;1;BUPRÉNORPHINE
comprimé pelliculé;1;CEFPODOXIME
comprimé;1;RUPATADINE
comprimé;1;TRIMIPRAMINE BASE
solution à diluer pour perfusion;1;CIDOFOVIR ANHYDRE
comprimé enrobé;1;PHLOROGLUCINOL ANHYDRE
comprimé enrobé à libération prolongée;1;MORPHINE
gel stérile;0
lyophilisat et  poudre pour usage parentéral;1;ÉRYTHROMYCINE BASE
poudre pour solution pour perfusion;1;DAUNORUBICINE
capsule molle;1;VINORELBINE
suspension buvable;1;NÉVIRAPINE ANHYDRE
lyophilisat pour usage parentéral;1;SPIRAMYCINE
comprimé pelliculé;1;BÊTA-ESTRADIOL
solution et  solution buvable;1;ASCORBIQUE (ACIDE)
lotion pour application;0
solution buvable;1;CODÉINE
comprimé pelliculé;1;ROSUVASTATINE
comprimé pelliculé;1;VARDÉNAFIL
solution injectable;1;CHLORHYDRATE DE MÉTOCLOPRAMIDE ANHYDRE
solution injectable;1;SALBUTAMOL
granulés pour solution buvable;1;DEXKÉTOPROFÈNE
solution pour pulvérisation;1;ÉPHÉDRINE
comprimé pelliculé à libération prolongée;1;INDAPAMIDE
solution buvable;1;MANGANÈSE
solution à diluer et  solvant à diluer pour solution injectable;0
cartouche pour inhalation;0
comprimé pelliculé;1;TAPENTADOL
comprimé pelliculé;1;CALCIUM ÉLÉMENT
comprimé enrobé sécable;0
solution et  solution pour perfusion;2;GLUCOSE ANHYDRE;LYSINE
comprimé pelliculé;1;DRONÉDARONE
solution injectable;1;TIAPRIDE BASE
gélule gastro-résistant(e);1;DULOXÉTINE
poudre et  solution pour solution injectable;1;AMOXICILLINE ANHYDRE
gélule;1;FER
solution pour lavage;0
comprimé pelliculé;2;SACUBITRIL;VALSARTAN
comprimé effervescent(e);1;PIROXICAM
poudre et  solvant;0
pastille;1;BENZYDAMINE
solution injectable;1;KÉTAMINE BASE
poudre et  solvant et  solvant pour solution injectable;0
comprimé orodispersible;1;PREDNISOLONE
poudre effervescent(e) pour suspension buvable;0
solution buvable;1;CUIVRE
poudre pour solution à diluer injectable ou pour perfusion;1;BIVALIRUDINE
poudre pour solution injectable pour perfusion;1;RÉMIFENTANIL BASE
solvant et solution et poudre(s) pour colle;0
gélule;1;CLINDAMYCINE BASE
comprimé sécable pelliculé;4;QUININE;QUINIDINE;CINCHONIDINE BASE;CINCHONINE
comprimé enrobé;1;BÊTA-ESTRADIOL
solution injectable;1;OCTRÉOTIDE
poudre pour solution injectable;1;ACIDE FOLINIQUE
pommade;1;TACALCITOL
solution à diluer pour perfusion;1;NORADRÉNALINE
comprimé pelliculé;2;RILPIVIRINE;TÉNOFOVIR DISOPROXIL
solution à diluer pour perfusion;1;DOBUTAMINE BASE
comprimé effervescent(e);2;CALCIUM ÉLÉMENT;CHOLÉCALCIFÉROL
comprimé;1;ALIZAPRIDE
gélule;1;DÉMÉCLOCYCLINE BASE
comprimé sécable;1;PÉRINDOPRIL
solution injectable;1;RANITIDINE BASE
poudre pour solution à diluer pour perfusion;1;CASPOFUNGINE BASE
poudre et  solvant pour solution injectable;1;ÉPOPROSTÉNOL
poudre et  solvant pour solution pour perfusion;0
poudre pour solution injectable;1;VINBLASTINE ANHYDRE
solution pour application;1;TERBINAFINE
solution injectable pour usage dentaire;2;ADRÉNALINE;ARTICAÏNE BASE
sirop;1;ALIMÉMAZINE
solution pour pulvérisation;1;CHLORURE DE BENZALKONIUM
mélange de plantes pour tisane;0
solution injectable;1;SUMATRIPTAN
poudre et  solvant pour solution injectable;1;AMOXICILLINE ANHYDRE
poudre pour inhalation en gélule;1;BÉCLOMÉTASONE BASE
comprimé;0
granules et  poudre et  solution en gouttes en gouttes;0
poudre pour solution à diluer pour perfusion;1;PÉMÉTREXED
solution injectable;1;GRANISÉTRON BASE
comprimé pelliculé sécable;1;RANITIDINE BASE
suspension;0
solution injectable;1;IODE
poudre pour solution injectable;1;AMIKACINE
suspension buvable;1;PYRANTEL BASE
capsule molle;1;LOPÉRAMIDE BASE
microgranule à libération prolongée en gélule;0
solution pour dialyse péritonéale;0
comprimé pelliculé sécable;1;ATORVASTATINE
solution;1;MIDAZOLAM
granules et  solution en gouttes en gouttes et  crème;0
comprimé pelliculé sécable;1;IMATINIB
solution injectable;1;CALCIUM ÉLÉMENT
solution pour inhalation par vapeur;0
solution buvable;1;SÉLÉNIUM
comprimé à libération prolongée;1;VENLAFAXINE
comprimé;1;CUIVRE
solution injectable;1;GENTAMICINE
poudre pour suspension buvable;2;CLAVULANIQUE (ACIDE);AMOXICILLINE ANHYDRE
solution gouttes;1;RIFAMYCINE
comprimé;1;SOUFRE
granulés gastro-résistant(e) pour suspension buvable;1;ÉSOMÉPRAZOLE
comprimé pelliculé;1;CHLOROQUINE
comprimé pelliculé sécable;1;LOMÉFLOXACINE BASE
collyre en solution;1;OLOPATADINE BASE
gélule;1;NIRAPARIB
gélule;1;OSÉLTAMIVIR
suspension buvable;1;MAGALDRATE ANHYDRE
poudre;1;LANTHANE
comprimé pelliculé;1;AZITHROMYCINE
solution injectable hypertonique pour perfusion;0
comprimé;1;BÉDAQUILINE
comprimé sécable;1;LOPRAZOLAM
lyophilisat et  solution pour usage parentéral;1;MÉTHYLPREDNISOLONE
solution pour administration endonasale;0
suspension buvable;2;OXYDE D'ALUMINIUM;MAGNÉSIUM (OXYDE DE)
pansement adhésif(ve);0
gélule;1;CLOXACILLINE
collyre en solution;0
émulsion pour perfusion;3;GLUCOSE ANHYDRE;HISTIDINE;LYSINE
comprimé orodispersible;1;VARDÉNAFIL
poudre et  solvant pour suspension injectable;1;CÉFUROXIME
solution buvable gouttes;1;FLUPENTIXOL BASE
solution à diluer pour perfusion;1;GEMCITABINE
émulsion fluide pour application;0
poudre pour solution injectable;1;CÉFALOTINE
solution buvable;1;ZINC
suppositoire effervescent(e);0
poudre et  solvant pour solution injectable et pour perfusion;0
solution injectable ou pour perfusion;0
solution injectable;1;CHLORHYDRATE DE BUPIVACAÏNE ANHYDRE
collyre en suspension;1;TIMOLOL BASE
comprimé pelliculé;1;BOSUTINIB
comprimé;1;QUINAGOLIDE
comprimé;2;ACIDE ALENDRONIQUE;CHOLÉCALCIFÉROL
comprimé enrobé gastro-résistant(e);0
comprimé à libération prolongée;1;PRAMIPEXOLE BASE
solution moussant(e);0
gélule;1;TAMSULOSINE
liquide pour inhalation par fumigation;0
comprimé gastro-résistant(e);1;PANTOPRAZOLE
solution injectable pour usage dentaire;1;LIDOCAÏNE
comprimé pelliculé;2;ABACAVIR BASE;DOLUTÉGRAVIR
comprimé pelliculé;1;CLOPIDOGREL
solution et  émulsion et  solution pour perfusion;3;GLUCOSE ANHYDRE;HISTIDINE;LYSINE
poudre et  solvant et  matrice pour matrice implantable;0
comprimé à croquer;1;MONTÉLUKAST
solution et  solution pour hémofiltration pour hémodialyse et pour hémodiafiltration;0
comprimé;1;PÉRINDOPRIL
solution pour perfusion;1;GEMCITABINE
comprimé;1;CAFÉINE
solution injectable;1;ÉRIBULINE
comprimé sécable;1;FLUDROCORTISONE
poudre pour inhalation;0
solution à diluer et  solvant pour solution à diluer pour perfusion;0
comprimé à sucer;0
sirop;1;ONDANSÉTRON
comprimé pelliculé et  comprimé pelliculé;1;BÊTA-ESTRADIOL
comprimé;1;OLSALAZINE BASE
comprimé sécable;1;CODÉINE
solution injectable;1;SUFENTANIL
collyre en solution;2;BRIMONIDINE;TIMOLOL BASE
comprimé;1;ACIDE ALENDRONIQUE
comprimé sécable;1;BÊTA-ESTRADIOL
solution à diluer pour perfusion;1;PAMIDRONIQUE (ACIDE)
comprimé enrobé;1;CÉFUROXIME
lyophilisat;1;PHLOROGLUCINOL ANHYDRE
poudre pour suspension injectable;0
comprimé sécable;1;FLUNARIZINE
suspension pour inhalation;1;SALMÉTÉROL BASE
poudre et  solvant pour solution injectable;1;OXACILLINE BASE
comprimé pelliculé;1;SILDÉNAFIL
poudre pour solution injectable;1;CÉFOTAXIME BASE
sirop;1;CODÉINE
solution pour application;1;CHLORE ACTIF
crème;1;OXICONAZOLE
comprimé et  comprimé;1;BÊTA-ESTRADIOL
comprimé pelliculé dispersible;1;AMOXICILLINE ANHYDRE
comprimé pelliculé;1;CÉFIXIME ANHYDRE
comprimé;1;TÉRAZOSINE BASE
comprimé pelliculé à libération prolongée;1;ROPINIROLE
poudre pour concentré pour solution pour perfusion;0
comprimé gastro-résistant(e);1;POTASSIUM
comprimé pelliculé sécable;1;PYRANTEL BASE
capsule molle;1;LÉVOTHYROXINE SODIQUE ANHYDRE
comprimé effervescent(e);0
comprimé sécable;1;CHLORHYDRATE DE MÉTOCLOPRAMIDE ANHYDRE
comprimé pelliculé sécable;1;VALACICLOVIR
gel pour usage dentaire;1;MINOCYCLINE BASE
pilule enrobé;1;TRINITRINE
poudre et  sirop pour solution buvable;0
comprimé et  comprimé;0
comprimé;1;TAMOXIFÈNE BASE
comprimé pelliculé;1;ZOFÉNOPRIL
comprimé sécable;1;CIBENZOLINE
granulés enrobé en vrac;0
suppositoire;0
suspension pour instillation;1;CIPROFLOXACINE
poudre pour solution à diluer pour perfusion;2;TAZOBACTAM;CEFTOLOZANE
comprimé;2;NALOXONE BASE;BUPRÉNORPHINE
comprimé enrobé;1;ACÉBUTOLOL BASE
solution pour perfusion;1;ZICONOTIDE
solution pour pulvérisation;1;FENTANYL
solution buvable;1;KETOTIFÈNE BASE
comprimé;1;DOXYCYCLINE BASE
collutoire;0
comprimé à sucer;2;CALCIUM ÉLÉMENT;CHOLÉCALCIFÉROL
solution pour pulvérisation;1;NAFARÉLINE BASE
solution buvable ou;1;LITHIUM
poudre et  solvant pour solution pour perfusion;1;ÉPOPROSTÉNOL
comprimé pelliculé;1;ROPINIROLE
comprimé pelliculé;1;FEXOFÉNADINE BASE
comprimé;3;COBALT;ZINC;NICKEL
solution;1;BENZODODÉCINIUM (BROMURE DE) ANHYDRE
poudre et  solvant pour solution injectable;0
poudre pour solution à diluer pour perfusion;1;GANCICLOVIR
solution injectable;1;GLATIRAMÈRE
poudre pour solution buvable;0
comprimé gastro-résistant(e);1;ÉSOMÉPRAZOLE
comprimé;1;NICOTINE
pastille;1;ASCORBIQUE (ACIDE)
gélule;1;MAGNÉSIUM
poudre pour solution injectable ou pour perfusion;5;RÉTINOL;RIBOFLAVINE;THIAMINE;ACIDE PANTOTHÉNIQUE;PYRIDOXINE
comprimé pelliculé sécable;2;PÉRINDOPRIL;BISOPROLOL
comprimé pelliculé;1;CÉFADROXIL
solution buvable;1;FLUOR ÉLÉMENT
lyophilisat et  poudre pour préparation injectable;1;ÉRYTHROMYCINE BASE
bain de bouche;0
poudre et  solution pour préparation injectable;1;ACIDE ACÉTYLSALICYLIQUE
comprimé pelliculé sécable;1;PAROXÉTINE BASE
solution pour application à diluer;0
poudre pour solution pour perfusion;2;CLAVULANIQUE (ACIDE);AMOXICILLINE ANHYDRE
solution et  solution pour hémodialyse et pour hémofiltration;0
dispositif;1;BÊTA-ESTRADIOL
comprimé pelliculé;1;LERCANIDIPINE
gélule;1;SIMÉPRÉVIR
collyre en solution;2;DORZOLAMIDE;TIMOLOL BASE
solution pour hémofiltration;0
émulsion injectable;0
poudre pour suspension buvable;1;CÉFADROXIL
comprimé pelliculé à libération prolongée;1;ACÉBUTOLOL BASE
solution injectable;1;CHLORHYDRATE DE ROPIVACAÏNE ANHYDRE
comprimé à sucer sécable;1;CALCIUM ÉLÉMENT
solution pour inhalation;1;GLYCOPYRRONIUM
poudre pour solution buvable;1;IBUPROFÈNE
poudre et  solvant pour solution à diluer pour perfusion;0
solution pour application;1;OXICONAZOLE
poudre pour application;1;OXICONAZOLE
comprimé pelliculé;1;TIPIRACIL
poudre pour inhalation en gélule;1;GLYCOPYRRONIUM
gaz;0
granulés;1;ACIDE CITRIQUE ANHYDRE
comprimé pelliculé sécable;1;TRIMIPRAMINE BASE
solution à diluer pour solution buvable;0
graines;0
comprimé pelliculé quadrisécable;0
comprimé pelliculé;1;TAMOXIFÈNE BASE
système de diffusion;0
granulés enrobé;0
solution pour préparation injectable ou pour perfusion;0
poudre pour solution pour irrigation vésical(e);0
solution buvable;2;COBALT;MANGANÈSE
comprimé enrobé et  comprimé enrobé et  comprimé enrobé enrobé;0
poudre;1;FER
comprimé pelliculé;1;TRAMÉTINIB
poudre et  solvant pour suspension injectable à libération prolongée;1;TRIPTORÉLINE
comprimé pelliculé;1;IMATINIB
capsule pour inhalation par vapeur;0
comprimé à croquer;1;MAGALDRATE ANHYDRE
solution pour application;1;DIGLUCONATE DE CHLORHEXIDINE
suspension pour injection;0
collyre en suspension;1;BRIMONIDINE
poudre pour suspension buvable;0
granules et  solution en gouttes en gouttes;0
comprimé pelliculé;1;FROVATRIPTAN BASE
poudre et  solvant pour solution injectable;1;CÉFALOTINE
précurseur radiopharmaceutique;0
comprimé pelliculé;2;CALCIUM ÉLÉMENT;MAGNÉSIUM
solution et  solution pour colle;0
lyophilisat et  solution pour préparation injectable;0
comprimé sécable;1;MÉFLOQUINE
solution pour irrigation oculaire;0
suspension;1;BÉTAXOLOL BASE
comprimé;1;AMIFAMPRIDINE
solution injectable;4;QUININE;QUINIDINE;CINCHONIDINE BASE;CINCHONINE
comprimé pelliculé;1;ACÉBUTOLOL BASE
poudre pour inhalation;1;UMÉCLIDINIUM
comprimé pelliculé à libération modifiée;0
émulsion pour perfusion;0
solution;0
solution injectable;1;BUSÉRÉLINE
comprimé pelliculé;1;LAPATINIB
poudre et  solvant pour solution injectable ou pour perfusion;0
comprimé sécable;1;CHLOROQUINE
gélule;1;OXYDE DE BISMUTH
comprimé pelliculé;1;ERLOTINIB
comprimé effervescent(e);6;CALCIUM ÉLÉMENT;MAGNÉSIUM;RIBOFLAVINE;ZINC;CHLORHYDRATE DE THIAMINE;ACIDE PANTOTHÉNIQUE
comprimé pelliculé;3;AMLODIPINE;ATORVASTATINE;PÉRINDOPRIL
gélule;1;MINOCYCLINE BASE
collyre en solution;1;LÉVOCABASTINE
granulés pour suspension buvable;1;CALCIUM ÉLÉMENT
suspension buvable ou pour instillation;0
lyophilisat pour usage parentéral;1;ACIDE FOLINIQUE
poudre et  solution pour usage parentéral;1;CÉFAZOLINE BASE
comprimé pelliculé;1;OSIMERTINIB
comprimé et  comprimé;1;QUINAGOLIDE
granulés pour suspension buvable;1;JOSAMYCINE BASE
solution pour pulvérisation endo-buccal(e);0
poudre pour solution injectable pour perfusion;0
solution à diluer pour perfusion;1;FER
comprimé pelliculé;1;PONATINIB
gomme à mâcher médicamenteux(se);1;NICOTINE
comprimé pelliculé;1;DACLATASVIR
solution injectable pour perfusion;1;ORNITHINE
solution buvable;1;ARGENT
solution buvable en gouttes;1;TIAPRIDE BASE
solution injectable;1;NUSINERSEN
poudre pour solution à diluer pour perfusion;2;CEFTAZIDIME ANHYDRE;AVIBACTAM
comprimé à croquer;1;ASCORBIQUE (ACIDE)
solution buvable;1;MÉMANTINE
comprimé à sucer ou à croquer;2;CALCIUM ÉLÉMENT;CHOLÉCALCIFÉROL
poudre pour solution à diluer pour perfusion;1;ÉRYTHROMYCINE BASE
suppositoire;1;PHLOROGLUCINOL ANHYDRE
comprimé;1;LÉVOTHYROXINE SODIQUE ANHYDRE
gélule;1;LOPÉRAMIDE BASE
solution à diluer pour perfusion;1;MITOXANTRONE BASE
comprimé pelliculé;1;ATORVASTATINE
poudre pour solution pour perfusion;2;PIPÉRACILLINE;TAZOBACTAM
solution pour préparation parentérale;0
gélule;1;FINGOLIMOD
comprimé sécable à libération prolongée;0
comprimé pelliculé;1;SÉVÉLAMER BASE
comprimé à sucer sécable;0
collyre pour solution;0
suspension buvable;1;PHÉNOXYMÉTHYLPÉNICILLINE
comprimé enrobé;1;CODÉINE
comprimé pelliculé à libération prolongée;1;MORPHINE
solution injectable isotonique;0
gélule;1;DABIGATRAN ÉTEXILATE BASE
comprimé enrobé sécable;1;QUINAPRIL BASE
comprimé à sucer;1;CALCIUM ÉLÉMENT
poudre et  solvant pour suspension injectable;1;PASIRÉOTIDE
collyre en solution;1;CYSTÉAMINE
solution buvable;1;ACÉBUTOLOL BASE
gel;0
trousse et  trousse et  trousse pour préparation radiopharmaceutique pour perfusion;0
solution injectable pour perfusion;1;LYSINE
solution injectable;1;ANTIMOINE
comprimé pelliculé;1;RALTÉGRAVIR
solution injectable;1;HYDROXOCOBALAMINE
solution injectable;1;LOXAPINE BASE
granulés;1;CALCIUM ÉLÉMENT
solution injectable;1;URAPIDIL
gélule;1;ISAVUCONAZOLE
trousse et  trousse et  trousse pour préparation radiopharmaceutique;0
sirop;1;CHLOROQUINE
solution pour marquage;0
solution buvable;1;RIVASTIGMINE
comprimé pelliculé sécable;1;CIPROFLOXACINE
sirop;1;THÉOPHYLLINE ANHYDRE
capsule molle;1;FENTICONAZOLE BASE
comprimé pelliculé;1;DARUNAVIR
poudre pour solution pour perfusion;1;CÉFUROXIME
comprimé;1;AMBROXOL BASE
comprimé pelliculé;1;NÉBIVOLOL BASE
granulés;1;MAGNÉSIUM
comprimé pelliculé;1;DAPOXÉTINE
solution injectable ou pour perfusion;1;IODE
gélule;1;OTÉRACIL
poudre pour solution pour perfusion;1;CEFTRIAXONE BASE
comprimé;1;CHLORHYDRATE D'AMILORIDE ANHYDRE
 comprimé et solution(s) et granules et poudre et pommade;0
solution pour perfusion;1;CIPROFLOXACINE
comprimé à croquer ou à sucer;1;CALCIUM ÉLÉMENT
poudre et  solvant pour solution pour inhalation;1;AZTRÉONAM
solution pour instillation;2;FRAMYCÉTINE;DEXAMÉTHASONE
poudre pour solution injectable;0
comprimé pelliculé;1;VALGANCICLOVIR
poudre à diluer à diluer et  diluant pour solution pour perfusion;1;DEXRAZOXANE
solution buvable ou;0
comprimé pelliculé sécable;1;LERCANIDIPINE
comprimé effervescent(e);1;ACIDE ALENDRONIQUE
solution injectable pour perfusion;1;ACIDE L FOLINIQUE
implant;0
solution injectable;1;CHLORPROMAZINE
solution à diluer pour perfusion;1;IBANDRONIQUE (ACIDE)
poudre et  solvant pour solution pour pulvérisation;0
comprimé dispersible;1;METFORMINE BASE
poudre pour solution buvable;1;ACIDE ACÉTYLSALICYLIQUE
granulés pour suspension buvable;1;TACROLIMUS ANHYDRE
comprimé sécable à libération prolongée;1;LITHIUM
solution à diluer pour perfusion;1;IRINOTÉCAN
solution;1;BROMURE D'IPRATROPIUM ANHYDRE
poudre et  solvant pour solution injectable pour perfusion;0
solution injectable;1;PROMÉTHAZINE
comprimé effervescent(e);1;PREDNISOLONE
gélule;1;KETOTIFÈNE BASE
comprimé enrobé à croquer;1;CALCIUM ÉLÉMENT
gélule;1;DABRAFÉNIB
crème stérile;0
solution injectable;1;BUPRÉNORPHINE
compresse imprégné(e);0
solution pour perfusion;3;GLUCOSE ANHYDRE;LYSINE;CYSTÉINE
solution buvable;1;BISMUTH
poudre et  solvant pour solution injectable;1;PHÉNOBARBITAL
poudre pour suspension buvable;1;CÉFACLOR ANHYDRE
poudre pour suspension injectable pour perfusion;0
dispositif et  dispositif;0
comprimé;1;COBALT
gel;1;CLINDAMYCINE BASE
comprimé gastro-résistant(e);1;RABÉPRAZOLE BASE
comprimé effervescent(e);1;BÉTAMÉTHASONE
gélule;1;ADÉNOSINE TRIPHOSPHATE DISODIQUE
comprimé dragéifié;0
granulés;1;MONTÉLUKAST
solution pour application;2;DIGLUCONATE DE CHLORHEXIDINE;CHLORURE DE BENZALKONIUM
poudre et  solvant pour solution injectable;1;CYCLOPHOSPHAMIDE ANHYDRE
poudre pour solution pour perfusion;1;MICAFUNGINE
lyophilisat;1;SÉLÉGILINE BASE
comprimé pelliculé;1;CINACALCET
poudre et  solvant pour solution à diluer pour perfusion;1;ÉPOPROSTÉNOL
gélule à libération prolongée;1;GALANTAMINE
comprimé;1;CALCIUM ÉLÉMENT
comprimé enrobé;1;PÉFLOXACINE
liquide pour application;0
poudre et  solvant pour solution injectable;1;DÉGARÉLIX
crème;1;ÉCONAZOLE BASE
granulés à libération prolongée;0
solution et  solution pour dialyse péritonéale;1;GLUCOSE ANHYDRE
solution injectable;1;HALOPÉRIDOL
microgranule gastro-résistant(e);0
bâton pour usage urétral;0
plante(s) pour tisane en vrac;0
collyre en solution;1;AZITHROMYCINE
comprimé pelliculé;1;LOPÉRAMIDE BASE
comprimé à croquer;1;FER FERRIQUE
collyre en solution;1;DEXAMÉTHASONE (PHOSPHATE DE)
comprimé;1;ASÉNAPINE
solution buvable;1;ENTÉCAVIR
solution injectable;1;RADIUM (223RA)
gélule;1;NAFTIDROFURYL
pâte;0
gélule;1;AMLODIPINE
comprimé et  comprimé pelliculé;0
comprimé pelliculé;1;VARÉNICLINE
poudre pour solution à diluer pour injection ou pour perfusion;1;CANGRÉLOR
solution buvable;1;ASCORBIQUE (ACIDE)
comprimé pelliculé;1;BOSENTAN
comprimé pelliculé sécable;1;ACÉBUTOLOL BASE
solution injectable et buvable;2;ACIDE CITRIQUE ANHYDRE;CAFÉINE
comprimé pelliculé;1;ÉPROSARTAN
solution injectable pour perfusion;2;LACTATE DE SODIUM ANHYDRE;CHLORURE DE CALCIUM ANHYDRE
gélule;1;ATAZANAVIR
comprimé à libération prolongée;1;CARBIDOPA ANHYDRE
comprimé quadrisécable;0
comprimé pelliculé;1;CABOZANTINIB
émulsion pour perfusion;2;GLUCOSE ANHYDRE;LYSINE
comprimé et  comprimé et  comprimé;0
comprimé pelliculé;1;LOSARTAN
comprimé pelliculé;1;RANITIDINE BASE
solution injectable;1;ROPIVACAÏNE BASE
solution injectable;1;VINORELBINE
solution oculaire pour lavage;0
solution injectable;1;SAMARIUM [153 SM]
gel intestinal;1;CARBIDOPA ANHYDRE
solution pour application;1;CHLORHYDRATE DE LIDOCAÏNE ANHYDRE
sirop;1;FER
poudre pour solution buvable entéral(e);0
trousse pour préparation radiopharmaceutique et  trousse pour préparation radiopharmaceutique;0
comprimé;1;RASAGILINE
comprimé pelliculé;1;PRUCALOPRIDE
solution injectable pour perfusion;1;FER
comprimé dispersible sécable;1;AZITHROMYCINE
comprimé(s) pelliculé;0
comprimé à libération prolongée;1;DOXAZOSINE
gélule;1;ESTRAMUSTINE PHOSPHATE
solution injectable;1;AMIKACINE
comprimé dispersible;0
poudre et  solution pour préparation injectable;1;AMPICILLINE ANHYDRE
solution injectable;1;MAGNÉSIUM
suspension et  granulés effervescent(e) pour suspension buvable;0
solution injectable pour perfusion;1;CISATRACURIUM
comprimé enrobé à libération prolongée;1;POTASSIUM
poudre et  solvant pour solution injectable;1;PRALIDOXIME
comprimé;1;PHOSPHATE DE CODÉINE ANHYDRE
poudre et  solvant pour suspension pour administration intravésicale;0
solution pour injection ou pour perfusion;0
poudre et  solvant pour suspension injectable à libération prolongée;1;LANRÉOTIDE BASE
gel;1;BÊTA-ESTRADIOL
solution pour pulvérisation;1;MONOSULFURE DE SODIUM ANHYDRE
poudre et  solvant pour solution injectable ou pour perfusion;2;CLAVULANIQUE (ACIDE);AMOXICILLINE ANHYDRE
comprimé dispersible orodispersible;0
comprimé à croquer;2;CALCIUM ÉLÉMENT;CHOLÉCALCIFÉROL
solution buvable;2;FLUOR ÉLÉMENT;CHOLÉCALCIFÉROL
comprimé dispersible;1;CÉFADROXIL
comprimé à sucer;1;NICOTINE
précurseur radiopharmaceutique en solution;0
poudre pour solution pour perfusion;1;OMÉPRAZOLE
comprimé;1;CARBIDOPA ANHYDRE
comprimé pelliculé;1;ROLAPITANT
poudre pour solution à diluer pour perfusion;1;ERTAPÉNEM
gel buvable;0
comprimé dispersible sécable;0
trousse et  trousse radiopharmaceutique;0
comprimé effervescent(e);1;CITRATE DE BÉTAÏNE ANHYDRE
comprimé pelliculé sécable;1;CÉLIPROLOL
bâton pour application;0
poudre pour usage parentéral;0
gélule à libération prolongée;1;BENSÉRAZIDE BASE
comprimé pelliculé sécable;1;IVABRADINE
solution et  suspension pour suspension injectable;0
trousse pour préparation radiopharmaceutique;0
comprimé à croquer ou dispersible;0
comprimé dispersible;1;BOSENTAN
poudre pour inhalation et  poudre pour inhalation;2;VILANTÉROL;UMÉCLIDINIUM
comprimé orodispersible sécable;0
suspension buvable;1;FOSAMPRÉNAVIR
pommade pour application et;0
gel et;0
solution et  solution et  émulsion pour perfusion;7;GLUCOSE ANHYDRE;GLYCÉROPHOSPHATE DE SODIUM ANHYDRE;LYSINE;SULFATE DE ZINC ANHYDRE;CHLORURE DE CALCIUM ANHYDRE;ACÉTATE DE SODIUM ANHYDRE;SULFATE DE MAGNÉSIUM ANHYDRE
comprimé sécable;0
crème;1;TERBINAFINE
sirop;0
solution buvable;1;FLUOXÉTINE BASE
comprimé pelliculé;1;SITAGLIPTINE
solution buvable;1;COBALT
gélule;1;BENSÉRAZIDE BASE
comprimé pelliculé;1;DEXKÉTOPROFÈNE
solution pour application stérile;1;DIGLUCONATE DE CHLORHEXIDINE
comprimé pelliculé;1;IBANDRONIQUE (ACIDE)
gélule;1;NILOTINIB
capsule;0
comprimé à croquer à sucer ou dispersible;2;CALCIUM ÉLÉMENT;CHOLÉCALCIFÉROL
solution buvable;1;TRIMIPRAMINE BASE
poudre pour solution injectable;1;CÉFUROXIME
lyophilisat pour usage parentéral pour perfusion;0
solution injectable;1;PHLOROGLUCINOL ANHYDRE
poudre pour suspension buvable;1;OSÉLTAMIVIR
comprimé sécable;1;OXYBUTYNINE BASE
emplâtre médicamenteux(se);0
solution et  solution pour perfusion;1;GLUCOSE ANHYDRE
gélule;1;FLUVASTATINE
granules et  pommade et  solution en gouttes en gouttes;0
solution pour inhalation;1;BROMURE D'IPRATROPIUM ANHYDRE
comprimé;1;RILMÉNIDINE
poudre pour solution buvable et entéral(e);0
capsule molle;0
solution à diluer pour perfusion;1;TOPOTÉCANE
comprimé pelliculé;1;SAXAGLIPTINE
solution pour hémofiltration;1;GLUCOSE ANHYDRE
suspension buvable;1;PAROXÉTINE BASE
émulsion pour inhalation par fumigation;0
emplâtre adhésif(ve);0
gélule;0
solution buvable en gouttes;0
solution buvable;1;SOUFRE
pâte dentifrice;1;ÉTHACRIDINE BASE
solution;1;TIOTROPIUM
dispositif;0
gélule;1;IXAZOMIB
poudre pour solution injectable ou pour perfusion;0
solution buvable;1;RUPATADINE
comprimé sécable;1;IPRONIAZIDE BASE
solvant(s) et poudre(s) pour solution injectable;0
comprimé pelliculé;1;CLODRONATE DE SODIUM ANHYDRE
solution injectable;1;ACIDE HYDROXY-4 BUTYRIQUE
solution à diluer pour perfusion;1;TIROFIBAN
poudre pour solution;1;P A S SODIQUE ANHYDRE
comprimé pour solution buvable;1;SAPROPTÉRINE
poudre pour solution à diluer pour perfusion;1;ISAVUCONAZOLE
solution pour perfusion;1;LACTATE DE SODIUM ANHYDRE
solution buvable;1;PROPRANOLOL
comprimé pelliculé;1;TÉNOFOVIR DISOPROXIL
comprimé pelliculé;1;PRASUGREL
poudre pour solution injectable;1;BORTÉZOMIB
gélule gastro-résistant(e);0
poudre pour solution injectable;1;CEFTRIAXONE BASE
comprimé pelliculé;1;SAFINAMIDE
solution pour lavage oculaire;0
poudre à diluer pour solution pour perfusion;0
solution pour inhalation par nébuliseur;1;BROMURE D'IPRATROPIUM ANHYDRE
crème;1;CALCIPOTRIOL
comprimé pelliculé sécable;1;DOXÉPINE
poudre pour solution injectable;1;CÉFÉPIME
poudre pour solution injectable pour perfusion;1;ÉTOPOSIDE
comprimé sécable à libération modifiée;0
poudre pour solution pour perfusion;1;LANDIOLOL
comprimé pelliculé;1;VALACICLOVIR
solution buvable en gouttes;1;ALIMÉMAZINE
 dispositif(s);0
poudre pour solution injectable;1;CEFTAZIDIME ANHYDRE
solution buvable;1;GALANTAMINE
comprimé;3;COBALT;MANGANÈSE;CUIVRE
mousse pour application;0
mousse;0
poudre à diluer à diluer et  solution pour solution pour solution;0
solution buvable;1;ABACAVIR BASE
crème pour application;0
comprimé pelliculé;13;RÉTINOL;MAGNÉSIUM;ALPHA-TOCOPHÉROL;ZINC;PHOSPHORE;FER;PYRIDOXINE;ASCORBIQUE (ACIDE);CALCIUM ÉLÉMENT;MANGANÈSE;CUIVRE;CHOLÉCALCIFÉROL;CHLORHYDRATE DE THIAMINE
comprimé pelliculé;1;PÉRINDOPRIL
comprimé pelliculé sécable;1;CYAMÉMAZINE BASE
comprimé pelliculé et  comprimé pelliculé;0
comprimé enrobé et  comprimé enrobé et  comprimé enrobé;0
solution injectable;1;ICATIBANT
granulés et  solvant pour suspension buvable;0
comprimé pelliculé;1;RALOXIFÈNE
granulés;1;ÉRYTHROMYCINE BASE
solution injectable à diluer ou pour perfusion;1;GRANISÉTRON BASE
solution pour pulvérisation;0
poudre et  solvant pour suspension buvable;0
solution pour perfusion injectable;0
comprimé enrobé;1;MÉTHYLDOPA ANHYDRE
solution à diluer pour perfusion;1;ATOSIBAN
solution injectable pour perfusion;1;QUININE
poudre pour inhalation en gélule;2;INDACATÉROL;GLYCOPYRRONIUM
comprimé pelliculé et  granulés effervescent(e);2;CALCIUM ÉLÉMENT;RISÉDRONATE MONOSODIQUE ANHYDRE
comprimé;1;CODÉINE
émulsion injectable pour perfusion;1;RÉTINOL
comprimé pelliculé;1;PITOLISANT
solution à diluer et  diluant pour solution pour perfusion;0
solution buvable en gouttes;1;FLUOR ÉLÉMENT
gélule;1;PANOBINOSTAT
granulés pour solution buvable;1;DICLOFÉNAC SODIQUE
collyre en solution;1;RÉTINOL
solution injectable;1;ACIDE GADOBÉNIQUE
poudre et  solution pour usage parentéral;2;SULBACTAM;AMPICILLINE ANHYDRE
implant injectable;1;BUSÉRÉLINE
crème;1;HYDROCORTISONE
émulsion et  solution et  solution pour perfusion;2;GLUCOSE ANHYDRE;LYSINE
solution pour gargarisme ou pour bain de bouche;0
poudre pour solution buvable;2;ACIDE ACÉTYLSALICYLIQUE;MÉTOCLOPRAMIDE
suspension injectable;0
poudre pour solution injectable ou pour perfusion;1;MÉROPÉNEM ANHYDRE
poudre pour solution injectable;1;THIOPENTAL SODIQUE
gel;1;BRIMONIDINE
poudre pour suspension buvable;1;AMOXICILLINE ANHYDRE
poudre pour suspension buvable;1;CÉFIXIME ANHYDRE
comprimé pelliculé sécable;1;LÉVOFLOXACINE
comprimé pelliculé;1;ACIDE RISÉDRONIQUE
trousse et  trousse pour préparation radiopharmaceutique pour injection;0
comprimé sécable;1;PRAZOSINE BASE
vernis à ongles médicamenteux(se);1;AMOROLFINE BASE
poudre pour usage parentéral;1;CÉFAZOLINE BASE
gélule;1;TOPOTÉCANE
comprimé;1;PYRANTEL BASE
comprimé pelliculé et  comprimé pelliculé pelliculé;0
gélule à libération prolongée;0
comprimé pelliculé sécable;1;TRAMADOL
comprimé enrobé à libération prolongée;1;DICLOFÉNAC
solution injectable;1;BÉTAMÉTHASONE
solution buvable et injectable;0
poudre;0
comprimé dispersible;1;JOSAMYCINE BASE
poudre pour suspension;0
solution injectable;1;ACIDE GADOTÉRIQUE
gaz pour inhalation;0
poudre pour solution pour perfusion;1;VANCOMYCINE BASE
solution buvable;1;CHLORHYDRATE DE MÉTOCLOPRAMIDE ANHYDRE
poudre pour solution injectable;1;OXACILLINE BASE
poudre et  solvant pour solution injectable;1;TERLIPRESSINE
comprimé pelliculé;1;ZUCLOPENTHIXOL
solution et;0
solution à diluer pour perfusion;1;CITALOPRAM BASE
comprimé pelliculé;1;AMITRIPTYLINE
gel;2;CALCIPOTRIOL;BÉTAMÉTHASONE
matrice pour colle;0
sirop;1;DEXTROMÉTHORPHANE BASE
poudre pour solution pour perfusion;1;DORIPÉNEM
suppositoire sécable;0
solution à diluer pour perfusion;1;FOMÉPIZOLE
comprimé pelliculé sécable;1;BISOPROLOL
poudre et  poudre pour solution buvable;0
poudre et  poudre;0
gélule et  gélule;0
solution injectable;1;SCOPOLAMINE
comprimé et  gélule;0
comprimé pelliculé;1;CHLORHYDRATE DE DONÉPÉZIL
gélule;1;INDINAVIR BASE
pâte dentifrice;0
comprimé pelliculé sécable;1;ABACAVIR BASE
comprimé enrobé;1;FER
comprimé orodispersible;0
solution injectable pour usage dentaire;0
comprimé enrobé et  comprimé enrobé enrobé;0
comprimé pelliculé sécable;1;MINOCYCLINE BASE
comprimé pelliculé sécable;1;QUINAPRIL BASE
poudre pour solution injectable;1;CÉFOXITINE
granules et  crème et  solution en gouttes en gouttes;0
poudre pour solution injectable;1;AMOXICILLINE ANHYDRE
poudre et  solvant pour solution à diluer pour perfusion;1;SOMATOSTATINE
solution injectable pour usage dentaire;2;CHLORHYDRATE DE LIDOCAÏNE ANHYDRE;ADRÉNALINE
solution pour inhalation par nébuliseur;0
comprimé orodispersible;1;DONÉPÉZIL BASE
comprimé gastro-résistant(e);1;ACIDE RISÉDRONIQUE
solution injectable;1;ÉTELCALCÉTIDE
solution pour perfusion;2;LACTATE DE SODIUM ANHYDRE;CHLORURE DE CALCIUM ANHYDRE
comprimé pelliculé;1;DONÉPÉZIL BASE
comprimé enrobé;1;DISOPYRAMIDE
solution pour perfusion;1;LÉVOFLOXACINE
cône pour usage dentaire;1;NÉOMYCINE
solution injectable;2;CHLORHYDRATE DE LIDOCAÏNE ANHYDRE;ADRÉNALINE
poudre pour inhalation en gélule;1;INDACATÉROL
collyre en solution;1;ACIDE CROMOGLYCIQUE
comprimé;1;PSEUDO-ÉPHÉDRINE
solution injectable;1;ADRÉNALINE
gélule à libération modifiée;0
granulés et  granulés pour solution buvable;0
lyophilisat;1;RIZATRIPTAN
comprimé pelliculé;1;AMLODIPINE
solution injectable;1;FENTANYL
gélule;1;CÉFADROXIL
poudre(s) pour inhalation en gélule;0
poudre pour solution injectable pour perfusion;1;AMOXICILLINE ANHYDRE
solution buvable;1;AMBROXOL BASE
granulés effervescent(e) pour solution buvable;2;CALCIUM ÉLÉMENT;CHOLÉCALCIFÉROL
solution buvable;3;COBALT;MANGANÈSE;CUIVRE
suspension buvable;0
poudre pour solution à diluer pour perfusion;1;TOPOTÉCANE
poudre pour application;0
gel;1;CHLORHYDRATE DE LIDOCAÏNE ANHYDRE
comprimé;1;SÉLÉNIUM
poudre et  solution pour usage parentéral;1;ACIDE ACÉTYLSALICYLIQUE
solution injectable;1;DOXÉPINE
solution pour perfusion;2;LACTATE DE SODIUM ANHYDRE;GÉLATINE 
poudre et  solvant pour suspension pour instillation;0
gélule gastro-soluble et  gélule gastro-résistant(e);0
comprimé;1;ÉRYTHROMYCINE BASE
collyre;1;LÉVOCABASTINE
crème;1;AMINOLÉVULINATE DE MÉTHYLE
solution buvable gouttes;1;ÉTHYLMORPHINE
poudre pour solution injectable;1;BLÉOMYCINE
solution pour instillation;1;CIPROFLOXACINE
comprimé sécable;1;CARBIDOPA ANHYDRE
comprimé sécable pour suspension buvable;1;BENSÉRAZIDE BASE
comprimé pelliculé;1;VENLAFAXINE
poudre et  dispersion et  solvant pour solution à diluer pour dispersion pour perfusion;0
suspension pour pulvérisation;1;DIGLUCONATE DE CHLORHEXIDINE
comprimé à libération prolongée;1;TAMSULOSINE
collyre en solution;1;DORZOLAMIDE
solution pour pulvérisation;1;CHLORHYDRATE DE NALOXONE ANHYDRE
gélule;1;ANAGRÉLIDE
poudre pour usage parentéral;2;SULBACTAM;AMPICILLINE ANHYDRE
solution buvable et  comprimé pelliculé buvable pelliculé;2;HYDROGÉNOPHOSPHATE DE SODIUM ANHYDRE;SODIUM (DIHYDROGÉNOPHOSPHATE DE ) ANHYDRE
comprimé pelliculé;1;AFATINIB
comprimé pelliculé;1;TOFACITINIB
solution buvable;1;LACTULOSE
solution pour administration intravésicale;1;IODE
solution buvable;1;D-ALPHA-TOCOPHÉROL
solution injectable;1;RÉGADÉNOSON
crème;1;BÉTAMÉTHASONE
poudre pour solution buvable et gastro-entérale;0
suspension;1;FLUOR ÉLÉMENT
comprimé sécable;1;PIPAMPÉRONE BASE
solution buvable;0
comprimé à croquer;1;ATORVASTATINE
poudre pour inhalation;1;SALBUTAMOL
solution injectable ou;0
solution injectable;1;TERLIPRESSINE
comprimé pelliculé;1;GLUCOSAMINE
comprimé;1;SALBUTAMOL
solution buvable gouttes;1;AMITRIPTYLINE
gélule;1;ÉLIGLUSTAT
comprimé;1;FENTANYL
solution buvable en gouttes;1;ESCITALOPRAM
comprimé à libération prolongée;1;MÉTHYLPHÉNIDATE
poudre pour solution pour perfusion;1;GEMCITABINE
solution injectable;1;SUGAMMADEX
film orodispersible;0
comprimé pelliculé;1;ESCITALOPRAM
solution pour perfusion;1;ROPIVACAÏNE BASE
solution;1;BÉTAMÉTHASONE
comprimé à croquer;1;OXYDE D'ALUMINIUM
solution buvable;1;LÉVOMÉPROMAZINE
comprimé à croquer ou à sucer;0
pastille;1;DIGLUCONATE DE CHLORHEXIDINE
comprimé pelliculé;1;TÉNOFOVIR ALAFÉNAMIDE
solution buvable;2;CUIVRE;ARGENT
comprimé sécable pour suspension buvable;0
poudre pour solution pour perfusion;1;DEXRAZOXANE
comprimé gastro-résistant(e);1;OMÉPRAZOLE
poudre pour usage diagnostic;0
comprimé pelliculé;2;LERCANIDIPINE;ÉNALAPRIL
solution pour injection;0
collyre en solution;1;ÉPINASTINE
pommade;1;BÉTAMÉTHASONE
solution injectable pour perfusion;1;DOXYCYCLINE BASE
